mRNA,Chole_mRNA,DOPC_mRNA,DOPC_chole_mRNA,DOPG_mRNA,DOPG_chole_mRNA,66DOPC33DOPG_mRNA,66DOPC33DOPG_chole_mRNA
0.1313239001036941,0.1313239001036941,0.023877072746126198,1.2177307100524362,0.07163121823837859,0.4059102366841454,0.22683219108819888,0.023877072746126198
0.14326243647675718,0.3342790184457668,0.07163121823837859,1.181915100933247,0.25070926383432507,0.1313239001036941,1.3968087556483826,0.119385363730631
0.7760048642491014,0.09550829098450479,0.21489365471513577,2.6981092203122605,0.477541454922524,0.0835697546114417,0.19101658196900959,0.19101658196900959
0.35815609119189296,1.6713950922288339,0.17907804559594648,1.4684399738867613,0.047754145492252396,0.023877072746126198,0.047754145492252396,0.17907804559594648
0.1671395092228834,1.1222224190679313,0.10744682735756789,0.2984634093265775,0.1671395092228834,1.2535463191716254,0.9431443734719849,0.047754145492252396
0.10744682735756789,0.07163121823837859,0.119385363730631,1.3490546101561303,0.047754145492252396,0.0596926818653155,0.1671395092228834,0.047754145492252396
0.09550829098450479,0.2626478002073882,0.238770727461262,15.734990939697164,1.2893619282908146,0.8118204733682908,1.0267141280834264,0.19101658196900959
1.1699765645601836,0.8118204733682908,0.035815609119189296,31.374473588409824,0.047754145492252396,5.77825160456254,1.3609931465291933,0.0835697546114417
0.119385363730631,0.047754145492252396,0.0596926818653155,1.3132390010369408,0.1313239001036941,0.023877072746126198,0.2029551183420727,0.2029551183420727
0.84763608248748,0.1671395092228834,0.5133570640417132,0.45366438217639776,1.4326243647675718,0.7163121823837859,0.5730497459070287,0.5372341367878395
0.023877072746126198,0.023877072746126198,0.2626478002073882,0.32234048207270366,0.07163121823837859,0.17907804559594648,1.5281326557520767,1.4803785102598244
0.035815609119189296,0.22683219108819888,0.035815609119189296,0.46560291854946084,0.39397170031108225,0.32234048207270366,0.14326243647675718,5.479788195235963
0.10744682735756789,0.5730497459070287,0.023877072746126198,3.0562653115041534,0.035815609119189296,2.8055560476698282,0.2029551183420727,0.2626478002073882
0.023877072746126198,0.119385363730631,0.047754145492252396,0.10744682735756789,0.1552009728498203,0.38203316393801917,0.38203316393801917,2.5906623929546924
0.477541454922524,0.3462175548188299,0.38203316393801917,9.729907144046425,0.047754145492252396,0.023877072746126198,1.0386526644564895,0.119385363730631
0.21489365471513577,0.023877072746126198,0.1313239001036941,2.136998010778295,0.45366438217639776,0.238770727461262,1.5400711921251398,0.17907804559594648
0.1313239001036941,0.023877072746126198,0.0835697546114417,2.8055560476698282,0.14326243647675718,0.46560291854946084,0.119385363730631,5.014185276686502
7.736171569744888,0.38203316393801917,0.07163121823837859,0.035815609119189296,0.0596926818653155,0.14326243647675718,0.5849882822800918,0.4417258458033347
0.39397170031108225,2.077305328912979,0.047754145492252396,0.0596926818653155,0.2029551183420727,0.2626478002073882,0.5491726731609026,0.7760048642491014
2.411584347358746,0.1671395092228834,0.3700946275649561,0.07163121823837859,0.19101658196900959,0.09550829098450479,0.3700946275649561,0.5014185276686501
0.14326243647675718,1.6713950922288339,0.047754145492252396,1.790780455959465,0.119385363730631,5.420095513370647,0.38203316393801917,11.580380281871205
0.023877072746126198,2.2683219108819888,0.3342790184457668,0.10744682735756789,0.1552009728498203,2.4712770292240616,0.09550829098450479,0.21489365471513577
0.035815609119189296,1.4326243647675718,0.19101658196900959,1.4923170466328874,0.2029551183420727,2.793617511296765,0.3342790184457668,0.5611112095339656
0.035815609119189296,2.2325063017627995,0.2029551183420727,0.023877072746126198,0.035815609119189296,0.047754145492252396,0.09550829098450479,0.3104019456996406
2.9368799477735226,0.5133570640417132,0.2029551183420727,0.035815609119189296,0.023877072746126198,0.38203316393801917,2.316076056374241,0.8595746188605431
0.3462175548188299,0.3462175548188299,0.17907804559594648,0.3104019456996406,0.2029551183420727,0.023877072746126198,0.17907804559594648,0.9192673007258586
0.6327424277723442,0.238770727461262,0.0596926818653155,1.0028370553373003,1.0147755917103634,0.0835697546114417,1.8385346014517172,4.608275040002356
0.0835697546114417,0.5491726731609026,0.4417258458033347,0.035815609119189296,0.07163121823837859,0.8118204733682908,1.69527216497496,0.8953902279797324
0.8237590097413539,0.023877072746126198,0.28652487295351436,0.023877072746126198,0.023877072746126198,0.25070926383432507,0.42978730943027155,0.0835697546114417
0.8595746188605431,0.19101658196900959,2.54290824746244,0.035815609119189296,0.09550829098450479,0.035815609119189296,0.14326243647675718,0.035815609119189296
0.047754145492252396,0.7640663278760383,0.17907804559594648,0.7043736460107228,0.047754145492252396,0.10744682735756789,0.1552009728498203,0.967021446218111
1.4803785102598244,0.0596926818653155,0.047754145492252396,0.023877072746126198,0.21489365471513577,0.46560291854946084,0.2745863365804513,0.3342790184457668
0.3342790184457668,0.7879434006221645,2.54290824746244,0.2984634093265775,0.967021446218111,0.2984634093265775,0.09550829098450479,3.402482866322983
0.023877072746126198,0.6446809641454073,0.5014185276686501,3.474114084561362,0.119385363730631,0.4059102366841454,0.07163121823837859,1.3609931465291933
0.0596926818653155,0.596926818653155,1.575886801244329,0.09550829098450479,1.4803785102598244,0.047754145492252396,0.6088653550262181,0.5730497459070287
0.1671395092228834,0.19101658196900959,0.023877072746126198,0.10744682735756789,1.8862887469439698,0.5849882822800918,0.1552009728498203,0.10744682735756789
0.09550829098450479,0.5849882822800918,0.5252956004147764,0.3700946275649561,0.023877072746126198,6.912412560003534,0.1313239001036941,3.2950360389654154
0.119385363730631,0.14326243647675718,1.6475180194827077,0.035815609119189296,2.4951541019701877,0.119385363730631,0.0596926818653155,4.608275040002356
0.119385363730631,0.1671395092228834,0.9192673007258586,0.967021446218111,0.2984634093265775,0.238770727461262,0.28652487295351436,0.07163121823837859
0.047754145492252396,0.035815609119189296,0.047754145492252396,0.7640663278760383,0.023877072746126198,0.07163121823837859,0.119385363730631,0.4417258458033347
0.238770727461262,0.1671395092228834,0.10744682735756789,0.047754145492252396,0.09550829098450479,0.119385363730631,0.7401892551299122,2.0176126470476636
0.07163121823837859,0.8715131552336063,0.047754145492252396,0.047754145492252396,0.0835697546114417,0.07163121823837859,0.09550829098450479,0.047754145492252396
0.2029551183420727,0.25070926383432507,0.32234048207270366,1.0147755917103634,0.1671395092228834,0.119385363730631,0.10744682735756789,0.0835697546114417
0.238770727461262,0.477541454922524,0.6685580368915336,1.3848702192753195,0.035815609119189296,0.023877072746126198,0.3462175548188299,0.8118204733682908
1.5520097284982028,0.477541454922524,0.035815609119189296,0.6327424277723442,0.0835697546114417,0.477541454922524,0.19101658196900959,0.0596926818653155
0.35815609119189296,0.035815609119189296,2.7100477566853236,0.5730497459070287,0.2745863365804513,0.119385363730631,0.10744682735756789,2.9607570205196487
0.14326243647675718,0.0835697546114417,0.6924351096376598,1.2177307100524362,0.28652487295351436,0.238770727461262,0.0596926818653155,5.58723502259353
0.1313239001036941,0.35815609119189296,0.8953902279797324,0.21489365471513577,0.39397170031108225,0.047754145492252396,1.2774233919177516,0.7521277915029753
0.119385363730631,0.1552009728498203,0.2745863365804513,0.4059102366841454,0.28652487295351436,0.2984634093265775,12.439954900731749,1.1580380281871205
0.25070926383432507,0.7043736460107228,1.3848702192753195,0.17907804559594648,0.023877072746126198,0.2029551183420727,0.0596926818653155,2.6145394657008185
0.0835697546114417,0.1313239001036941,0.07163121823837859,0.2626478002073882,0.023877072746126198,0.2029551183420727,12.774233919177515,0.5133570640417132
0.1552009728498203,0.42978730943027155,2.7100477566853236,6.136407695754433,0.047754145492252396,0.047754145492252396,0.119385363730631,0.25070926383432507
1.5520097284982028,0.2626478002073882,0.238770727461262,1.4206858283945087,0.047754145492252396,0.09550829098450479,0.32234048207270366,0.5014185276686501
0.10744682735756789,0.2626478002073882,0.17907804559594648,0.8834516916066694,0.19101658196900959,0.17907804559594648,0.1552009728498203,1.8624116741978434
0.1552009728498203,0.22683219108819888,0.07163121823837859,0.2984634093265775,0.07163121823837859,0.25070926383432507,1.0267141280834264,4.894799912955871
0.023877072746126198,0.0835697546114417,0.5372341367878395,0.2029551183420727,0.1671395092228834,0.32234048207270366,0.1671395092228834,0.023877072746126198
0.047754145492252396,0.6327424277723442,4.42919699440641,0.5133570640417132,0.023877072746126198,0.41784877305720847,0.596926818653155,0.3104019456996406
0.0835697546114417,0.3700946275649561,0.48947999129558706,0.6685580368915336,0.10744682735756789,0.22683219108819888,0.41784877305720847,5.706620386324161
0.1313239001036941,0.17907804559594648,1.062529737202616,0.023877072746126198,0.9789599825911741,0.14326243647675718,0.0596926818653155,0.35815609119189296
0.023877072746126198,0.0596926818653155,0.035815609119189296,0.1313239001036941,0.035815609119189296,0.047754145492252396,0.728250718756849,1.181915100933247
0.1552009728498203,0.4417258458033347,0.6685580368915336,0.7998819369952277,0.047754145492252396,0.0835697546114417,0.5014185276686501,1.5400711921251398
2.1966906926436103,0.10744682735756789,0.0596926818653155,0.119385363730631,0.0596926818653155,0.047754145492252396,0.7879434006221645,0.047754145492252396
0.19101658196900959,0.0596926818653155,0.5849882822800918,1.2416077827985623,0.047754145492252396,0.047754145492252396,0.8356975461144169,0.1552009728498203
0.2029551183420727,1.086406809948742,0.42978730943027155,0.047754145492252396,0.2984634093265775,0.5372341367878395,0.477541454922524,0.10744682735756789
0.22683219108819888,0.0596926818653155,0.9789599825911741,0.09550829098450479,0.0835697546114417,0.477541454922524,0.3342790184457668,0.09550829098450479
0.38203316393801917,0.4059102366841454,0.2745863365804513,0.45366438217639776,0.0596926818653155,0.10744682735756789,0.477541454922524,0.1313239001036941
0.047754145492252396,0.1671395092228834,0.07163121823837859,2.172813619897484,0.023877072746126198,0.1552009728498203,1.0267141280834264,0.48947999129558706
0.047754145492252396,2.1131209380321687,0.2029551183420727,3.5576838391728036,0.119385363730631,0.023877072746126198,0.6446809641454073,0.8834516916066694
3.9516555394838857,0.8118204733682908,0.32234048207270366,0.035815609119189296,0.047754145492252396,0.728250718756849,0.1313239001036941,1.2177307100524362
4.3933813852872206,0.41784877305720847,0.42978730943027155,3.6651306665303713,0.5252956004147764,0.09550829098450479,0.047754145492252396,0.035815609119189296
2.2205677653897364,2.5906623929546924,0.0835697546114417,0.023877072746126198,0.09550829098450479,0.10744682735756789,0.7998819369952277,0.9192673007258586
0.1313239001036941,0.10744682735756789,0.2029551183420727,15.627544112339598,0.023877072746126198,0.1313239001036941,0.07163121823837859,0.955082909845048
1.9579199651823482,0.25070926383432507,0.25070926383432507,1.3132390010369408,0.023877072746126198,0.035815609119189296,0.28652487295351436,0.2029551183420727
4.094917975960643,3.0920809206233426,0.023877072746126198,0.1552009728498203,0.2984634093265775,0.4059102366841454,3.7606389575148764,0.22683219108819888
1.086406809948742,0.047754145492252396,0.023877072746126198,0.28652487295351436,0.8715131552336063,0.1552009728498203,0.035815609119189296,5.050000885805691
0.5014185276686501,1.5042555830059505,0.035815609119189296,3.617376521038119,0.0596926818653155,0.1313239001036941,1.790780455959465,0.035815609119189296
0.0596926818653155,0.14326243647675718,0.0596926818653155,0.19101658196900959,0.035815609119189296,0.07163121823837859,0.3104019456996406,0.047754145492252396
0.2745863365804513,0.023877072746126198,2.650355074820008,0.035815609119189296,0.42978730943027155,0.119385363730631,1.8265960650786541,1.062529737202616
0.035815609119189296,0.9192673007258586,0.22683219108819888,0.2029551183420727,0.6446809641454073,0.09550829098450479,0.023877072746126198,7.16312182383786
0.17907804559594648,0.035815609119189296,1.575886801244329,0.7760048642491014,0.023877072746126198,0.07163121823837859,0.14326243647675718,0.0835697546114417
1.0983453463218051,0.1552009728498203,0.8834516916066694,3.414421402696046,0.035815609119189296,0.047754145492252396,0.0596926818653155,2.184752156270547
0.19101658196900959,0.0596926818653155,3.474114084561362,0.596926818653155,0.2029551183420727,0.035815609119189296,0.119385363730631,0.023877072746126198
0.10744682735756789,0.119385363730631,0.0835697546114417,0.4059102366841454,0.5252956004147764,0.1671395092228834,0.238770727461262,1.074468273575679
0.41784877305720847,0.21489365471513577,3.8083931030071287,0.10744682735756789,0.09550829098450479,0.119385363730631,0.477541454922524,15.221633875655451
1.922104356063159,0.0596926818653155,0.238770727461262,0.0596926818653155,0.09550829098450479,0.17907804559594648,0.7401892551299122,0.023877072746126198
0.0596926818653155,0.10744682735756789,0.17907804559594648,0.0835697546114417,0.2745863365804513,2.2444448381358626,0.023877072746126198,0.023877072746126198
0.0596926818653155,0.28652487295351436,3.151773602488658,0.1313239001036941,0.238770727461262,0.22683219108819888,0.9312058370989217,0.5491726731609026
1.4684399738867613,1.3609931465291933,0.035815609119189296,0.047754145492252396,0.035815609119189296,0.596926818653155,0.28652487295351436,0.1671395092228834
0.46560291854946084,0.6566195005184704,0.1552009728498203,0.3700946275649561,0.14326243647675718,0.21489365471513577,0.10744682735756789,1.5997638739904554
0.46560291854946084,0.5372341367878395,0.6924351096376598,0.3104019456996406,0.023877072746126198,0.5014185276686501,0.047754145492252396,0.2745863365804513
0.09550829098450479,0.0835697546114417,0.023877072746126198,0.09550829098450479,0.1313239001036941,0.35815609119189296,0.5133570640417132,0.10744682735756789
0.023877072746126198,3.366667257203794,0.047754145492252396,0.1671395092228834,0.023877072746126198,0.9431443734719849,0.2745863365804513,0.1313239001036941
0.023877072746126198,0.6924351096376598,0.4417258458033347,0.2029551183420727,0.09550829098450479,0.17907804559594648,0.1313239001036941,0.5372341367878395
0.09550829098450479,0.6924351096376598,0.035815609119189296,0.023877072746126198,0.023877072746126198,0.035815609119189296,1.2296692464254992,0.14326243647675718
0.035815609119189296,0.035815609119189296,0.1552009728498203,0.5611112095339656,0.119385363730631,0.1313239001036941,0.6685580368915336,3.0801423842502795
0.035815609119189296,0.17907804559594648,0.09550829098450479,0.047754145492252396,0.9312058370989217,0.1313239001036941,0.5730497459070287,0.035815609119189296
0.46560291854946084,0.3462175548188299,0.035815609119189296,0.5611112095339656,0.0835697546114417,0.1552009728498203,0.023877072746126198,2.1131209380321687
0.035815609119189296,5.288771613266953,0.8237590097413539,0.14326243647675718,0.42978730943027155,0.5372341367878395,0.238770727461262,0.5014185276686501
0.035815609119189296,0.3700946275649561,0.5730497459070287,0.0835697546114417,0.0835697546114417,0.0596926818653155,0.4417258458033347,0.10744682735756789
0.3462175548188299,0.6327424277723442,0.047754145492252396,6.590072077930831,0.7043736460107228,0.1313239001036941,2.160875083524421,0.0835697546114417
0.10744682735756789,0.38203316393801917,0.25070926383432507,0.023877072746126198,0.17907804559594648,0.4417258458033347,0.4417258458033347,0.0596926818653155
0.047754145492252396,0.07163121823837859,0.21489365471513577,0.035815609119189296,0.119385363730631,0.3700946275649561,0.0835697546114417,0.6685580368915336
0.46560291854946084,0.023877072746126198,0.023877072746126198,0.22683219108819888,0.035815609119189296,0.3462175548188299,0.10744682735756789,0.09550829098450479
0.035815609119189296,0.1313239001036941,0.07163121823837859,4.799291621971366,0.5611112095339656,1.6236409467365815,0.17907804559594648,0.07163121823837859
0.17907804559594648,5.575296486220467,0.1671395092228834,0.5730497459070287,0.6804965732645967,1.2535463191716254,0.238770727461262,0.119385363730631
1.5281326557520767,0.6208038913992812,0.023877072746126198,1.7788419195864018,0.047754145492252396,0.1671395092228834,0.1552009728498203,5.670804777204972
0.4059102366841454,0.047754145492252396,0.8595746188605431,0.46560291854946084,0.07163121823837859,0.14326243647675718,0.035815609119189296,0.1671395092228834
0.07163121823837859,0.10744682735756789,4.500828212644788,0.7760048642491014,0.6446809641454073,0.047754145492252396,0.5252956004147764,0.5611112095339656
0.21489365471513577,0.28652487295351436,0.5730497459070287,2.4712770292240616,0.119385363730631,0.035815609119189296,0.1671395092228834,0.9073287643527955
0.1313239001036941,0.48947999129558706,5.814067213681729,1.3609931465291933,0.1552009728498203,0.3342790184457668,0.09550829098450479,0.09550829098450479
0.047754145492252396,0.32234048207270366,0.7998819369952277,0.28652487295351436,3.474114084561362,0.10744682735756789,0.119385363730631,0.035815609119189296
0.1552009728498203,0.047754145492252396,1.5042555830059505,0.047754145492252396,1.707210701348023,0.10744682735756789,0.023877072746126198,0.5372341367878395
0.035815609119189296,0.023877072746126198,1.8982272833170328,0.023877072746126198,0.023877072746126198,0.047754145492252396,0.0596926818653155,0.6804965732645967
0.9073287643527955,0.1671395092228834,0.17907804559594648,0.0596926818653155,0.5133570640417132,0.09550829098450479,0.3700946275649561,4.715721867359924
0.8118204733682908,0.14326243647675718,0.5252956004147764,0.035815609119189296,0.1552009728498203,0.1671395092228834,0.2626478002073882,1.6355794831096446
0.023877072746126198,0.09550829098450479,0.023877072746126198,0.42978730943027155,0.48947999129558706,0.09550829098450479,0.22683219108819888,0.10744682735756789
0.238770727461262,0.07163121823837859,1.325177537410004,0.19101658196900959,0.023877072746126198,0.32234048207270366,0.047754145492252396,0.28652487295351436
0.2029551183420727,0.1552009728498203,0.0596926818653155,0.7043736460107228,0.2029551183420727,0.035815609119189296,0.3462175548188299,0.1552009728498203
0.0835697546114417,0.41784877305720847,0.5133570640417132,0.25070926383432507,0.023877072746126198,0.14326243647675718,0.119385363730631,0.0596926818653155
0.6685580368915336,0.38203316393801917,1.1341609554409944,0.023877072746126198,0.3104019456996406,0.0596926818653155,0.596926818653155,0.6804965732645967
0.1552009728498203,0.1552009728498203,0.8356975461144169,1.683333628601897,0.0835697546114417,1.3490546101561303,1.3848702192753195,0.07163121823837859
0.035815609119189296,0.6446809641454073,1.3132390010369408,0.1552009728498203,0.4417258458033347,0.035815609119189296,1.1460994918140575,2.5906623929546924
0.07163121823837859,0.10744682735756789,18.934518687678075,0.10744682735756789,0.023877072746126198,0.22683219108819888,0.22683219108819888,0.0835697546114417
0.2029551183420727,0.6088653550262181,0.39397170031108225,0.596926818653155,0.0835697546114417,0.047754145492252396,0.7640663278760383,0.6327424277723442
0.19101658196900959,0.023877072746126198,0.1313239001036941,0.07163121823837859,0.38203316393801917,4.0710409032145165,0.0596926818653155,0.023877072746126198
0.84763608248748,0.1313239001036941,0.238770727461262,0.035815609119189296,0.119385363730631,0.38203316393801917,0.1552009728498203,0.1313239001036941
0.35815609119189296,0.21489365471513577,1.3968087556483826,0.023877072746126198,0.3462175548188299,0.46560291854946084,0.0596926818653155,2.160875083524421
0.023877072746126198,0.3342790184457668,0.023877072746126198,1.587825337617392,0.023877072746126198,0.09550829098450479,0.22683219108819888,0.07163121823837859
9.312058370989217,0.19101658196900959,0.10744682735756789,0.035815609119189296,0.07163121823837859,1.910165819690096,0.3700946275649561,0.238770727461262
0.2029551183420727,1.062529737202616,0.09550829098450479,1.0267141280834264,2.1966906926436103,0.023877072746126198,0.967021446218111,0.119385363730631
0.07163121823837859,0.047754145492252396,0.14326243647675718,0.119385363730631,1.8743502105709064,0.035815609119189296,70.54481142842985,0.19101658196900959
1.563948264871266,0.5491726731609026,0.047754145492252396,0.5014185276686501,0.32234048207270366,0.035815609119189296,0.023877072746126198,0.6924351096376598
0.0835697546114417,1.3371160737830672,0.19101658196900959,0.3462175548188299,3.641253593784245,0.023877072746126198,0.047754145492252396,0.023877072746126198
0.09550829098450479,0.10744682735756789,7.640663278760384,0.023877072746126198,0.023877072746126198,0.32234048207270366,0.1671395092228834,0.19101658196900959
0.1552009728498203,1.2654848555446885,0.477541454922524,0.023877072746126198,0.10744682735756789,0.1552009728498203,1.4206858283945087,0.25070926383432507
2.0892438652860426,0.023877072746126198,0.047754145492252396,0.39397170031108225,0.09550829098450479,0.39397170031108225,0.035815609119189296,0.023877072746126198
0.38203316393801917,0.0596926818653155,2.901064338654333,0.07163121823837859,0.8356975461144169,1.2654848555446885,1.0028370553373003,0.047754145492252396
0.38203316393801917,0.1552009728498203,1.575886801244329,0.09550829098450479,1.7669033832133387,0.0835697546114417,5.981206722904613,2.375768738239557
0.38203316393801917,0.17907804559594648,0.8715131552336063,0.07163121823837859,0.023877072746126198,0.39397170031108225,2.9607570205196487,0.14326243647675718
0.0835697546114417,0.119385363730631,0.2626478002073882,0.023877072746126198,1.4923170466328874,0.3462175548188299,0.17907804559594648,0.32234048207270366
0.09550829098450479,0.25070926383432507,0.047754145492252396,0.07163121823837859,0.238770727461262,0.023877072746126198,23.435346900322862,0.047754145492252396
0.7521277915029753,0.5491726731609026,0.1552009728498203,0.14326243647675718,0.3104019456996406,0.023877072746126198,1.3729316829022564,0.0596926818653155
0.1313239001036941,0.238770727461262,0.14326243647675718,0.10744682735756789,0.10744682735756789,0.035815609119189296,0.023877072746126198,0.2984634093265775
0.41784877305720847,0.047754145492252396,0.1313239001036941,0.2626478002073882,0.023877072746126198,0.023877072746126198,0.45366438217639776,0.1552009728498203
0.023877072746126198,0.023877072746126198,0.023877072746126198,0.3700946275649561,0.0835697546114417,1.8504731378247803,2.745863365804513,0.07163121823837859
0.023877072746126198,0.047754145492252396,4.500828212644788,0.1671395092228834,0.2029551183420727,0.119385363730631,0.0596926818653155,0.07163121823837859
0.4059102366841454,0.023877072746126198,4.799291621971366,0.8834516916066694,0.023877072746126198,0.119385363730631,1.790780455959465,0.0835697546114417
0.32234048207270366,0.07163121823837859,0.1313239001036941,0.0596926818653155,0.0596926818653155,0.09550829098450479,0.39397170031108225,0.28652487295351436
0.2984634093265775,0.6924351096376598,0.5611112095339656,0.023877072746126198,0.035815609119189296,0.38203316393801917,0.5252956004147764,0.4417258458033347
0.9431443734719849,0.14326243647675718,0.6924351096376598,0.035815609119189296,0.023877072746126198,0.1671395092228834,2.0176126470476636,0.2626478002073882
0.023877072746126198,0.4059102366841454,0.023877072746126198,0.38203316393801917,0.035815609119189296,0.17907804559594648,0.5372341367878395,0.238770727461262
0.2626478002073882,0.3104019456996406,0.047754145492252396,0.6685580368915336,0.07163121823837859,0.023877072746126198,0.35815609119189296,0.023877072746126198
0.28652487295351436,4.059102366841453,0.38203316393801917,0.07163121823837859,0.0596926818653155,0.3342790184457668,0.6924351096376598,0.047754145492252396
0.1313239001036941,0.2626478002073882,1.5520097284982028,0.023877072746126198,0.7521277915029753,0.2626478002073882,0.5133570640417132,1.0267141280834264
0.6924351096376598,0.28652487295351436,0.8953902279797324,0.035815609119189296,0.1313239001036941,0.17907804559594648,1.814657528705591,0.35815609119189296
1.8982272833170328,0.5611112095339656,0.238770727461262,0.5849882822800918,0.10744682735756789,0.047754145492252396,2.4235228837318092,0.6208038913992812
10.076124698865256,0.477541454922524,0.047754145492252396,0.07163121823837859,0.07163121823837859,0.10744682735756789,1.4684399738867613,0.10744682735756789
0.035815609119189296,0.023877072746126198,0.238770727461262,0.023877072746126198,0.9789599825911741,0.1552009728498203,0.3700946275649561,0.1671395092228834
0.023877072746126198,0.32234048207270366,0.14326243647675718,0.2745863365804513,0.023877072746126198,0.1671395092228834,0.2029551183420727,0.1552009728498203
0.10744682735756789,1.2654848555446885,1.444562901140635,0.5372341367878395,0.17907804559594648,0.023877072746126198,1.0505912008295528,0.047754145492252396
0.0596926818653155,0.477541454922524,0.047754145492252396,0.1671395092228834,4.285934557929653,0.023877072746126198,0.3104019456996406,0.035815609119189296
0.023877072746126198,0.0835697546114417,0.1671395092228834,0.22683219108819888,0.7401892551299122,0.0596926818653155,0.5252956004147764,0.023877072746126198
0.023877072746126198,0.9431443734719849,1.587825337617392,0.1552009728498203,0.023877072746126198,0.21489365471513577,17.99137431420609,0.047754145492252396
6.243854523112001,0.6208038913992812,0.0835697546114417,5.551419413474341,0.22683219108819888,0.1552009728498203,3.151773602488658,0.9073287643527955
15.98570020353149,0.8595746188605431,0.6327424277723442,0.21489365471513577,0.0835697546114417,0.48947999129558706,0.21489365471513577,0.9908985189642372
0.047754145492252396,0.035815609119189296,2.3399531291203672,0.047754145492252396,0.023877072746126198,0.023877072746126198,0.035815609119189296,1.8504731378247803
0.023877072746126198,0.023877072746126198,0.6566195005184704,0.047754145492252396,1.9459814288092852,0.6804965732645967,0.9431443734719849,0.023877072746126198
1.1102838826948682,0.3462175548188299,0.035815609119189296,0.035815609119189296,1.456501437513698,0.25070926383432507,0.07163121823837859,1.3132390010369408
0.119385363730631,0.09550829098450479,0.25070926383432507,1.2893619282908146,0.035815609119189296,0.07163121823837859,1.7549648468402756,0.25070926383432507
0.5014185276686501,0.477541454922524,0.8834516916066694,0.023877072746126198,0.2984634093265775,4.608275040002356,0.2626478002073882,0.5611112095339656
0.25070926383432507,0.023877072746126198,0.07163121823837859,0.047754145492252396,0.047754145492252396,0.09550829098450479,0.22683219108819888,0.17907804559594648
0.119385363730631,0.8953902279797324,0.023877072746126198,0.39397170031108225,0.1552009728498203,0.14326243647675718,0.2626478002073882,0.047754145492252396
0.047754145492252396,0.38203316393801917,0.5491726731609026,0.047754145492252396,0.2984634093265775,0.2984634093265775,0.3104019456996406,4.3933813852872206
0.967021446218111,0.0835697546114417,0.8118204733682908,0.023877072746126198,0.07163121823837859,2.4951541019701877,0.0835697546114417,0.2745863365804513
0.119385363730631,0.22683219108819888,0.3104019456996406,0.0596926818653155,0.119385363730631,0.1552009728498203,1.3371160737830672,0.035815609119189296
0.238770727461262,0.1552009728498203,0.6566195005184704,0.1313239001036941,5.9215140410392975,0.09550829098450479,0.6446809641454073,0.023877072746126198
1.7549648468402756,0.035815609119189296,0.023877072746126198,0.023877072746126198,0.023877072746126198,1.2416077827985623,0.023877072746126198,0.035815609119189296
0.6685580368915336,0.0596926818653155,0.0835697546114417,0.1313239001036941,0.1313239001036941,0.0596926818653155,0.035815609119189296,0.023877072746126198
0.35815609119189296,0.10744682735756789,3.223404820727037,0.32234048207270366,0.023877072746126198,0.28652487295351436,0.2626478002073882,0.047754145492252396
1.0267141280834264,0.5611112095339656,0.023877072746126198,0.035815609119189296,0.023877072746126198,6.363239886842631,0.477541454922524,2.4951541019701877
1.1460994918140575,0.14326243647675718,0.023877072746126198,0.0596926818653155,0.8595746188605431,0.3462175548188299,0.023877072746126198,0.047754145492252396
0.1552009728498203,0.0835697546114417,0.21489365471513577,0.38203316393801917,0.3342790184457668,0.07163121823837859,0.8715131552336063,0.19101658196900959
2.148936547151358,0.5611112095339656,1.3968087556483826,0.5133570640417132,0.8953902279797324,1.2416077827985623,1.0147755917103634,0.28652487295351436
0.3104019456996406,0.07163121823837859,0.8356975461144169,0.047754145492252396,0.0596926818653155,0.023877072746126198,0.3342790184457668,0.09550829098450479
0.035815609119189296,0.5372341367878395,0.25070926383432507,0.07163121823837859,0.25070926383432507,0.0596926818653155,1.3490546101561303,2.38770727461262
0.0835697546114417,0.14326243647675718,2.996572629638838,0.047754145492252396,0.035815609119189296,0.023877072746126198,0.5252956004147764,0.2745863365804513
0.023877072746126198,0.1313239001036941,1.7430263104672126,0.035815609119189296,0.21489365471513577,0.2029551183420727,0.2984634093265775,3.58156091191893
0.023877072746126198,0.8118204733682908,0.28652487295351436,0.07163121823837859,0.1671395092228834,7.389954014926058,0.09550829098450479,0.1552009728498203
0.19101658196900959,0.9312058370989217,0.8715131552336063,2.8413716567890175,0.4059102366841454,0.0596926818653155,0.477541454922524,1.205792173679373
0.07163121823837859,0.5372341367878395,2.4235228837318092,0.1313239001036941,0.023877072746126198,0.0835697546114417,3.856147248499381,0.2029551183420727
0.25070926383432507,0.07163121823837859,1.2535463191716254,0.9908985189642372,0.2029551183420727,0.5372341367878395,0.023877072746126198,0.2626478002073882
0.10744682735756789,0.0596926818653155,3.3308516480846047,1.19385363730631,0.0835697546114417,0.023877072746126198,0.035815609119189296,0.3104019456996406
0.0596926818653155,0.2745863365804513,0.728250718756849,0.22683219108819888,0.3104019456996406,0.023877072746126198,0.2029551183420727,0.0835697546114417
0.1552009728498203,0.728250718756849,1.0147755917103634,0.07163121823837859,0.0835697546114417,0.023877072746126198,2.077305328912979,1.3609931465291933
0.238770727461262,0.1671395092228834,0.45366438217639776,0.0835697546114417,0.09550829098450479,0.1671395092228834,0.023877072746126198,0.0596926818653155
1.7549648468402756,2.7339248294314498,0.023877072746126198,1.0386526644564895,0.1671395092228834,0.035815609119189296,0.07163121823837859,1.086406809948742
0.596926818653155,0.023877072746126198,0.8237590097413539,0.07163121823837859,2.0892438652860426,0.07163121823837859,0.07163121823837859,0.7163121823837859
0.1313239001036941,0.38203316393801917,0.0596926818653155,0.2029551183420727,0.6685580368915336,0.38203316393801917,0.023877072746126198,0.7879434006221645
0.3700946275649561,0.1313239001036941,0.0596926818653155,0.41784877305720847,0.32234048207270366,0.023877072746126198,0.728250718756849,0.1671395092228834
0.023877072746126198,0.10744682735756789,0.38203316393801917,3.7725774938879395,0.119385363730631,0.7521277915029753,0.035815609119189296,0.0835697546114417
3.7964545666340657,0.0596926818653155,0.17907804559594648,2.913002875027396,1.062529737202616,0.32234048207270366,0.0596926818653155,0.1313239001036941
0.4417258458033347,0.14326243647675718,0.0835697546114417,0.119385363730631,2.172813619897484,0.14326243647675718,0.5730497459070287,0.19101658196900959
2.8413716567890175,0.28652487295351436,1.205792173679373,6.804965732645966,1.2654848555446885,0.6566195005184704,0.6804965732645967,0.84763608248748
1.587825337617392,0.6208038913992812,2.972695556892712,2.9607570205196487,1.1222224190679313,1.0983453463218051,2.745863365804513,0.7163121823837859
0.45366438217639776,0.4059102366841454,1.2296692464254992,0.2029551183420727,0.967021446218111,0.0835697546114417,0.17907804559594648,0.14326243647675718
0.0835697546114417,0.035815609119189296,4.142672121452895,0.047754145492252396,0.023877072746126198,0.023877072746126198,0.14326243647675718,1.7669033832133387
0.3342790184457668,0.0835697546114417,0.09550829098450479,0.21489365471513577,2.6742321475661344,0.2745863365804513,0.047754145492252396,0.1313239001036941
0.22683219108819888,0.21489365471513577,0.023877072746126198,0.023877072746126198,0.19101658196900959,1.0028370553373003,0.238770727461262,0.4417258458033347
0.023877072746126198,3.4502370118152355,0.023877072746126198,2.399645810985683,0.9908985189642372,0.07163121823837859,0.07163121823837859,0.5491726731609026
0.10744682735756789,0.023877072746126198,0.6566195005184704,1.1222224190679313,2.507092638343251,0.19101658196900959,2.793617511296765,1.5161941193790136
0.6566195005184704,0.035815609119189296,2.4473999564779354,4.309811630675779,0.0835697546114417,0.047754145492252396,0.2984634093265775,0.035815609119189296
1.2774233919177516,0.7401892551299122,1.19385363730631,0.8237590097413539,0.035815609119189296,0.22683219108819888,0.0596926818653155,0.023877072746126198
0.9789599825911741,0.023877072746126198,12.571278800835444,2.125059474405232,0.8356975461144169,0.25070926383432507,0.035815609119189296,1.8982272833170328
0.047754145492252396,1.8504731378247803,0.238770727461262,2.2205677653897364,0.4059102366841454,0.047754145492252396,1.3371160737830672,0.035815609119189296
0.32234048207270366,0.32234048207270366,0.035815609119189296,0.5730497459070287,0.09550829098450479,0.035815609119189296,0.21489365471513577,0.035815609119189296
1.0505912008295528,0.2029551183420727,0.047754145492252396,8.559930579486242,3.0443267751310903,0.2745863365804513,0.047754145492252396,0.5133570640417132
6.912412560003534,0.119385363730631,0.035815609119189296,0.2029551183420727,0.047754145492252396,0.1671395092228834,1.0983453463218051,1.6117024103635185
0.25070926383432507,24.50981517389854,0.0596926818653155,1.3132390010369408,0.477541454922524,0.0835697546114417,0.477541454922524,6.506502323319389
1.3848702192753195,1.456501437513698,0.8834516916066694,1.2654848555446885,0.38203316393801917,0.1552009728498203,0.48947999129558706,0.5014185276686501
0.5133570640417132,1.790780455959465,0.3104019456996406,0.14326243647675718,0.14326243647675718,0.1671395092228834,1.1102838826948682,3.7725774938879395
0.25070926383432507,0.6208038913992812,0.19101658196900959,2.6384165384469447,0.5252956004147764,0.047754145492252396,0.7163121823837859,1.3729316829022564
0.45366438217639776,0.023877072746126198,0.119385363730631,0.7401892551299122,0.023877072746126198,0.5611112095339656,4.369504312541094,1.4684399738867613
0.14326243647675718,3.1040194569964057,0.0596926818653155,0.2029551183420727,0.1313239001036941,0.047754145492252396,0.10744682735756789,0.0835697546114417
0.25070926383432507,0.3700946275649561,0.19101658196900959,6.27967013223119,0.2626478002073882,0.1313239001036941,0.7760048642491014,0.0596926818653155
0.047754145492252396,0.023877072746126198,2.7100477566853236,0.047754145492252396,0.09550829098450479,0.0596926818653155,0.2745863365804513,0.46560291854946084
0.8118204733682908,1.3132390010369408,0.1313239001036941,0.0596926818653155,0.023877072746126198,0.047754145492252396,0.35815609119189296,2.304137520001178
0.0835697546114417,0.14326243647675718,0.023877072746126198,0.8237590097413539,0.14326243647675718,1.086406809948742,0.41784877305720847,0.21489365471513577
0.10744682735756789,0.1671395092228834,0.047754145492252396,6.148346232127496,0.047754145492252396,0.035815609119189296,0.5730497459070287,0.3104019456996406
0.0835697546114417,0.6566195005184704,1.934042892436222,5.551419413474341,0.035815609119189296,0.1671395092228834,0.047754145492252396,4.751537476479114
0.023877072746126198,2.757801902177576,0.023877072746126198,0.2984634093265775,0.5252956004147764,0.238770727461262,0.0596926818653155,0.035815609119189296
0.2626478002073882,0.1671395092228834,0.6327424277723442,0.9789599825911741,0.119385363730631,0.023877072746126198,0.10744682735756789,0.38203316393801917
1.8504731378247803,0.39397170031108225,0.023877072746126198,1.2654848555446885,0.2029551183420727,0.0596926818653155,0.3700946275649561,2.1966906926436103
0.3342790184457668,0.9789599825911741,2.053428256166853,2.4235228837318092,0.2984634093265775,0.2029551183420727,0.8834516916066694,0.047754145492252396
1.9579199651823482,0.0835697546114417,0.035815609119189296,0.7760048642491014,0.22683219108819888,0.0596926818653155,0.21489365471513577,0.19101658196900959
0.0596926818653155,2.984634093265775,0.955082909845048,0.10744682735756789,0.023877072746126198,6.673641832542272,0.41784877305720847,0.023877072746126198
1.5042555830059505,0.0596926818653155,0.047754145492252396,0.38203316393801917,0.023877072746126198,0.238770727461262,0.2745863365804513,0.0596926818653155
0.035815609119189296,0.047754145492252396,1.7549648468402756,0.047754145492252396,0.1313239001036941,0.0596926818653155,0.07163121823837859,22.086292290166732
0.6446809641454073,0.035815609119189296,0.5849882822800918,3.6770692029034344,3.3069745753384785,0.238770727461262,0.1671395092228834,0.2626478002073882
0.10744682735756789,0.1552009728498203,1.205792173679373,1.6355794831096446,0.25070926383432507,0.023877072746126198,0.14326243647675718,0.2029551183420727
0.35815609119189296,0.21489365471513577,1.3371160737830672,1.5997638739904554,0.023877072746126198,0.2984634093265775,0.023877072746126198,2.793617511296765
0.1552009728498203,0.38203316393801917,0.035815609119189296,0.0835697546114417,0.023877072746126198,1.5281326557520767,0.4417258458033347,0.1313239001036941
0.119385363730631,1.181915100933247,0.3462175548188299,0.9192673007258586,0.0596926818653155,0.047754145492252396,0.119385363730631,0.6685580368915336
0.19101658196900959,0.3700946275649561,0.035815609119189296,0.9073287643527955,0.0596926818653155,0.047754145492252396,0.0596926818653155,1.0267141280834264
0.07163121823837859,0.10744682735756789,0.047754145492252396,0.0835697546114417,0.5372341367878395,0.023877072746126198,0.119385363730631,0.0596926818653155
2.1131209380321687,0.22683219108819888,0.42978730943027155,0.1552009728498203,0.14326243647675718,0.047754145492252396,0.21489365471513577,0.48947999129558706
0.48947999129558706,1.3132390010369408,0.023877072746126198,4.656029185494608,0.0596926818653155,0.6088653550262181,0.21489365471513577,0.035815609119189296
0.14326243647675718,1.802718992332528,0.035815609119189296,0.46560291854946084,1.7549648468402756,0.119385363730631,0.17907804559594648,0.3104019456996406
1.4803785102598244,0.09550829098450479,0.10744682735756789,0.09550829098450479,0.8237590097413539,0.0596926818653155,0.023877072746126198,0.46560291854946084
1.3490546101561303,1.181915100933247,0.0596926818653155,1.062529737202616,0.0596926818653155,0.1313239001036941,0.14326243647675718,0.09550829098450479
0.035815609119189296,2.566785320208566,0.2029551183420727,0.41784877305720847,0.0596926818653155,0.39397170031108225,0.967021446218111,1.0147755917103634
0.0596926818653155,0.45366438217639776,1.5042555830059505,0.3700946275649561,1.6236409467365815,0.3462175548188299,0.6088653550262181,0.17907804559594648
0.17907804559594648,0.5849882822800918,0.1313239001036941,0.45366438217639776,0.119385363730631,0.5252956004147764,1.587825337617392,0.238770727461262
2.316076056374241,0.8356975461144169,0.6566195005184704,1.7549648468402756,0.035815609119189296,0.8237590097413539,0.35815609119189296,0.7163121823837859
0.25070926383432507,0.6924351096376598,0.9789599825911741,0.119385363730631,0.10744682735756789,0.023877072746126198,0.1313239001036941,0.17907804559594648
0.023877072746126198,0.22683219108819888,0.6566195005184704,1.456501437513698,0.2745863365804513,0.07163121823837859,0.023877072746126198,0.023877072746126198
0.035815609119189296,0.48947999129558706,0.6327424277723442,0.023877072746126198,0.07163121823837859,0.28652487295351436,1.4206858283945087,6.148346232127496
0.035815609119189296,1.4803785102598244,4.118795048706769,0.5849882822800918,0.32234048207270366,0.2626478002073882,0.7640663278760383,0.2626478002073882
4.656029185494608,0.047754145492252396,0.39397170031108225,0.10744682735756789,0.047754145492252396,1.0267141280834264,3.2711589662192893,0.6327424277723442
0.07163121823837859,0.25070926383432507,0.955082909845048,0.84763608248748,0.2745863365804513,0.4059102366841454,0.035815609119189296,0.7043736460107228
0.1552009728498203,0.2984634093265775,0.7521277915029753,0.5014185276686501,0.023877072746126198,0.047754145492252396,0.238770727461262,0.5730497459070287
0.7879434006221645,0.07163121823837859,0.5133570640417132,0.967021446218111,0.3104019456996406,0.2626478002073882,0.1313239001036941,0.035815609119189296
0.023877072746126198,1.2535463191716254,0.119385363730631,0.6208038913992812,0.25070926383432507,0.238770727461262,0.1552009728498203,1.1222224190679313
0.047754145492252396,0.10744682735756789,0.48947999129558706,0.10744682735756789,0.023877072746126198,0.22683219108819888,29.798586787165494,1.3371160737830672
0.3462175548188299,0.4417258458033347,1.0147755917103634,0.9789599825911741,0.047754145492252396,0.35815609119189296,0.047754145492252396,0.1552009728498203
3.211466284353974,0.0835697546114417,0.2626478002073882,0.0835697546114417,0.2745863365804513,0.9431443734719849,0.023877072746126198,0.3700946275649561
0.10744682735756789,0.3104019456996406,0.28652487295351436,0.6327424277723442,0.3462175548188299,0.119385363730631,0.3342790184457668,1.1460994918140575
0.0835697546114417,0.09550829098450479,0.6208038913992812,0.22683219108819888,0.2745863365804513,0.035815609119189296,0.7043736460107228,0.035815609119189296
0.5372341367878395,1.8504731378247803,1.19385363730631,0.32234048207270366,0.28652487295351436,0.6208038913992812,0.023877072746126198,0.14326243647675718
0.8834516916066694,0.6685580368915336,1.790780455959465,0.0596926818653155,0.4059102366841454,0.6804965732645967,0.047754145492252396,0.047754145492252396
0.047754145492252396,0.38203316393801917,12.989127573892652,0.047754145492252396,0.07163121823837859,0.48947999129558706,0.0596926818653155,0.25070926383432507
0.0596926818653155,0.119385363730631,0.21489365471513577,0.023877072746126198,0.023877072746126198,0.0596926818653155,0.035815609119189296,1.9698585015554113
5.503665267982089,0.09550829098450479,0.1313239001036941,0.39397170031108225,0.2984634093265775,0.10744682735756789,0.023877072746126198,1.7310877740941493
0.3104019456996406,1.3729316829022564,0.2984634093265775,0.14326243647675718,0.023877072746126198,0.047754145492252396,0.0596926818653155,0.5491726731609026
0.3342790184457668,0.0835697546114417,0.1671395092228834,2.148936547151358,0.9312058370989217,0.38203316393801917,6.876596950884345,0.6804965732645967
0.1313239001036941,0.14326243647675718,0.119385363730631,0.035815609119189296,0.1552009728498203,0.047754145492252396,0.5372341367878395,0.42978730943027155
0.3104019456996406,0.596926818653155,0.1552009728498203,0.7760048642491014,0.2029551183420727,0.0596926818653155,0.023877072746126198,0.07163121823837859
0.28652487295351436,0.6208038913992812,0.023877072746126198,1.062529737202616,0.023877072746126198,0.023877072746126198,0.07163121823837859,0.0835697546114417
1.456501437513698,0.047754145492252396,0.46560291854946084,0.1671395092228834,0.2029551183420727,0.477541454922524,1.69527216497496,3.163712138861721
0.0835697546114417,1.2535463191716254,0.023877072746126198,0.047754145492252396,0.09550829098450479,0.8118204733682908,0.1313239001036941,0.7640663278760383
0.0596926818653155,0.07163121823837859,1.0147755917103634,0.0596926818653155,0.35815609119189296,1.5997638739904554,0.3700946275649561,20.450712807057087
0.10744682735756789,0.4417258458033347,0.1671395092228834,0.035815609119189296,0.2029551183420727,0.119385363730631,0.8953902279797324,0.119385363730631
0.19101658196900959,0.047754145492252396,1.456501437513698,1.8265960650786541,0.3700946275649561,0.2626478002073882,0.09550829098450479,0.0835697546114417
0.0835697546114417,0.14326243647675718,1.1580380281871205,1.0505912008295528,0.2984634093265775,0.119385363730631,0.023877072746126198,0.09550829098450479
0.2029551183420727,3.3427901844576677,0.42978730943027155,0.25070926383432507,0.035815609119189296,0.14326243647675718,0.2745863365804513,0.023877072746126198
0.41784877305720847,1.074468273575679,0.19101658196900959,0.047754145492252396,0.023877072746126198,0.035815609119189296,0.7998819369952277,0.023877072746126198
0.047754145492252396,0.0596926818653155,6.4706867142002,0.5611112095339656,0.2984634093265775,0.5133570640417132,0.1552009728498203,0.09550829098450479
0.047754145492252396,0.2029551183420727,0.9192673007258586,0.17907804559594648,0.023877072746126198,1.2893619282908146,0.09550829098450479,0.1313239001036941
0.0596926818653155,0.38203316393801917,0.2745863365804513,0.1671395092228834,0.023877072746126198,0.39397170031108225,0.2745863365804513,0.5252956004147764
0.8595746188605431,0.7401892551299122,3.999409684976138,0.047754145492252396,0.023877072746126198,0.14326243647675718,0.07163121823837859,3.4263599390691093
0.1552009728498203,0.1671395092228834,0.3104019456996406,0.0596926818653155,0.9073287643527955,0.14326243647675718,0.45366438217639776,0.0596926818653155
0.023877072746126198,0.2745863365804513,1.4206858283945087,0.09550829098450479,2.2086292290166734,0.2029551183420727,0.07163121823837859,0.023877072746126198
0.07163121823837859,0.35815609119189296,0.5133570640417132,0.2626478002073882,0.17907804559594648,1.2535463191716254,0.25070926383432507,1.7549648468402756
5.4559111224898365,0.3104019456996406,0.047754145492252396,0.1313239001036941,0.0835697546114417,0.6804965732645967,0.1552009728498203,0.14326243647675718
0.1671395092228834,0.0835697546114417,0.07163121823837859,0.035815609119189296,0.023877072746126198,1.563948264871266,3.7248233483956867,0.2626478002073882
0.3104019456996406,0.14326243647675718,0.8356975461144169,0.09550829098450479,0.3342790184457668,0.14326243647675718,0.2984634093265775,1.7549648468402756
0.2626478002073882,4.023286757722264,0.023877072746126198,1.3013004646638777,2.4235228837318092,0.023877072746126198,0.9312058370989217,107.91243027611735
0.21489365471513577,1.3848702192753195,0.2626478002073882,0.1671395092228834,0.35815609119189296,0.10744682735756789,4.357565776168031,1.5520097284982028
0.17907804559594648,0.3700946275649561,0.6685580368915336,3.8919628576185703,1.0386526644564895,2.4951541019701877,0.119385363730631,0.0596926818653155
0.119385363730631,0.4417258458033347,0.07163121823837859,0.42978730943027155,0.047754145492252396,0.3104019456996406,0.035815609119189296,0.023877072746126198
0.047754145492252396,0.477541454922524,0.023877072746126198,0.28652487295351436,0.023877072746126198,0.21489365471513577,0.119385363730631,0.39397170031108225
0.035815609119189296,1.2416077827985623,0.955082909845048,0.967021446218111,0.09550829098450479,0.42978730943027155,0.4059102366841454,7.640663278760384
0.1671395092228834,0.2745863365804513,0.035815609119189296,0.047754145492252396,1.922104356063159,0.6446809641454073,1.7191492377210862,0.3462175548188299
1.0028370553373003,0.21489365471513577,0.3462175548188299,0.1313239001036941,0.047754145492252396,2.8533101931620806,0.035815609119189296,0.1552009728498203
0.023877072746126198,0.3462175548188299,3.139835066115595,0.6446809641454073,0.5372341367878395,0.047754145492252396,0.5730497459070287,0.22683219108819888
0.047754145492252396,0.09550829098450479,0.09550829098450479,0.035815609119189296,0.8834516916066694,0.38203316393801917,0.238770727461262,0.2029551183420727
0.9192673007258586,0.28652487295351436,1.563948264871266,0.4417258458033347,0.047754145492252396,0.0596926818653155,0.023877072746126198,0.7998819369952277
0.5372341367878395,0.5491726731609026,0.22683219108819888,2.04148971979379,1.4326243647675718,0.28652487295351436,0.22683219108819888,0.3462175548188299
0.1671395092228834,2.04148971979379,0.38203316393801917,3.0801423842502795,0.8834516916066694,0.14326243647675718,0.0835697546114417,0.9192673007258586
0.07163121823837859,0.07163121823837859,0.023877072746126198,0.14326243647675718,3.2830975025923523,0.023877072746126198,0.1671395092228834,0.047754145492252396
0.023877072746126198,0.35815609119189296,0.07163121823837859,0.4417258458033347,0.8953902279797324,0.023877072746126198,0.035815609119189296,0.238770727461262
0.3342790184457668,0.3342790184457668,0.0835697546114417,0.047754145492252396,0.25070926383432507,0.07163121823837859,0.38203316393801917,0.8118204733682908
0.035815609119189296,1.683333628601897,0.09550829098450479,0.2626478002073882,3.963594075856949,3.73676188476875,11.699765645601838,0.1552009728498203
0.1552009728498203,1.8624116741978434,0.38203316393801917,0.07163121823837859,0.023877072746126198,0.023877072746126198,0.2029551183420727,9.049410570781829
0.32234048207270366,0.1671395092228834,0.6327424277723442,0.023877072746126198,3.39054432994992,0.047754145492252396,0.14326243647675718,0.0596926818653155
0.9789599825911741,0.1313239001036941,0.3700946275649561,0.39397170031108225,0.0835697546114417,0.3462175548188299,0.10744682735756789,1.707210701348023
0.5491726731609026,0.023877072746126198,0.023877072746126198,0.10744682735756789,0.023877072746126198,0.46560291854946084,5.837944286427856,2.996572629638838
1.8743502105709064,0.17907804559594648,0.1552009728498203,1.9579199651823482,3.175650675234784,0.21489365471513577,0.10744682735756789,0.28652487295351436
0.0596926818653155,0.967021446218111,0.119385363730631,3.5099296936805513,0.5491726731609026,0.047754145492252396,0.4417258458033347,0.119385363730631
0.047754145492252396,0.0596926818653155,0.14326243647675718,0.0596926818653155,1.5400711921251398,0.9908985189642372,0.047754145492252396,0.238770727461262
0.0596926818653155,0.1671395092228834,0.25070926383432507,0.10744682735756789,0.7640663278760383,0.2984634093265775,0.023877072746126198,0.119385363730631
0.035815609119189296,0.955082909845048,0.07163121823837859,1.2296692464254992,0.1313239001036941,0.035815609119189296,0.25070926383432507,1.1222224190679313
0.3342790184457668,0.047754145492252396,0.1552009728498203,0.10744682735756789,0.09550829098450479,0.19101658196900959,0.119385363730631,0.09550829098450479
0.9789599825911741,0.119385363730631,0.238770727461262,0.2745863365804513,0.39397170031108225,0.22683219108819888,0.047754145492252396,2.0892438652860426
0.023877072746126198,0.14326243647675718,0.10744682735756789,0.7163121823837859,0.1671395092228834,0.1313239001036941,0.023877072746126198,0.9312058370989217
3.175650675234784,0.0835697546114417,0.3700946275649561,0.14326243647675718,0.3342790184457668,0.10744682735756789,0.07163121823837859,10.816313953995168
0.17907804559594648,0.10744682735756789,0.1313239001036941,0.0835697546114417,0.1671395092228834,0.07163121823837859,0.10744682735756789,0.023877072746126198
0.023877072746126198,2.9368799477735226,0.17907804559594648,0.955082909845048,0.023877072746126198,0.19101658196900959,0.07163121823837859,0.32234048207270366
0.19101658196900959,0.5133570640417132,0.0596926818653155,0.1671395092228834,0.1552009728498203,0.023877072746126198,0.28652487295351436,0.28652487295351436
0.25070926383432507,0.2029551183420727,0.5730497459070287,0.38203316393801917,0.728250718756849,0.3700946275649561,0.0835697546114417,1.814657528705591
0.2626478002073882,0.0596926818653155,0.6327424277723442,0.14326243647675718,0.477541454922524,0.0835697546114417,0.0596926818653155,1.5520097284982028
0.728250718756849,0.1552009728498203,0.9908985189642372,0.6088653550262181,0.35815609119189296,0.84763608248748,0.047754145492252396,0.2626478002073882
0.035815609119189296,0.3342790184457668,2.172813619897484,0.1313239001036941,0.023877072746126198,0.21489365471513577,0.48947999129558706,0.047754145492252396
0.035815609119189296,0.047754145492252396,0.10744682735756789,2.1011824016591056,0.1671395092228834,0.2745863365804513,0.10744682735756789,0.035815609119189296
19.30461331524303,0.3462175548188299,0.035815609119189296,0.10744682735756789,0.1552009728498203,0.023877072746126198,1.0505912008295528,0.38203316393801917
1.5520097284982028,0.19101658196900959,0.3342790184457668,0.09550829098450479,0.14326243647675718,3.127896529742532,0.0835697546114417,0.023877072746126198
0.023877072746126198,0.035815609119189296,0.2029551183420727,0.25070926383432507,0.6327424277723442,0.035815609119189296,1.0267141280834264,1.9937355743015375
0.023877072746126198,0.3104019456996406,0.0835697546114417,0.0596926818653155,0.047754145492252396,0.023877072746126198,0.023877072746126198,5.658866240831909
0.1313239001036941,0.047754145492252396,0.047754145492252396,0.5611112095339656,0.023877072746126198,0.2626478002073882,0.07163121823837859,0.5014185276686501
0.45366438217639776,0.2984634093265775,0.035815609119189296,0.32234048207270366,0.8715131552336063,0.07163121823837859,0.023877072746126198,0.7163121823837859
0.023877072746126198,0.119385363730631,0.035815609119189296,0.0835697546114417,0.4059102366841454,0.119385363730631,0.8953902279797324,0.1313239001036941
0.023877072746126198,0.0835697546114417,0.023877072746126198,0.0835697546114417,0.023877072746126198,0.21489365471513577,0.023877072746126198,1.2654848555446885
1.19385363730631,0.09550829098450479,0.09550829098450479,1.1102838826948682,0.09550829098450479,0.9073287643527955,0.17907804559594648,1.8743502105709064
1.0386526644564895,0.39397170031108225,0.238770727461262,0.45366438217639776,0.07163121823837859,0.3700946275649561,2.053428256166853,0.1552009728498203
0.023877072746126198,0.2745863365804513,1.444562901140635,0.07163121823837859,0.047754145492252396,0.0596926818653155,0.3342790184457668,13.06075879213103
2.519031174716314,0.19101658196900959,0.3104019456996406,0.2029551183420727,0.023877072746126198,1.587825337617392,0.238770727461262,1.6594565558557708
1.325177537410004,0.21489365471513577,0.22683219108819888,0.19101658196900959,0.28652487295351436,0.047754145492252396,6.733334514407588,0.9908985189642372
1.9579199651823482,0.22683219108819888,0.09550829098450479,0.3462175548188299,0.21489365471513577,0.6208038913992812,0.7998819369952277,0.023877072746126198
0.023877072746126198,0.42978730943027155,0.28652487295351436,0.0835697546114417,2.6622936111930713,1.19385363730631,1.062529737202616,1.0267141280834264
6.912412560003534,0.023877072746126198,0.047754145492252396,11.425179309021386,0.25070926383432507,0.023877072746126198,0.035815609119189296,0.955082909845048
0.5252956004147764,0.3700946275649561,1.3848702192753195,0.25070926383432507,0.0835697546114417,0.07163121823837859,0.14326243647675718,1.325177537410004
0.22683219108819888,0.3104019456996406,0.238770727461262,1.2654848555446885,0.0596926818653155,0.14326243647675718,0.0835697546114417,0.17907804559594648
0.023877072746126198,0.7043736460107228,0.2745863365804513,0.1552009728498203,1.575886801244329,1.9698585015554113,0.2029551183420727,0.047754145492252396
1.4326243647675718,0.19101658196900959,1.5281326557520767,0.238770727461262,2.6981092203122605,0.023877072746126198,0.035815609119189296,0.047754145492252396
2.507092638343251,3.3308516480846047,0.119385363730631,0.2745863365804513,0.22683219108819888,0.023877072746126198,0.1552009728498203,0.0835697546114417
0.3462175548188299,2.8771872659082067,0.023877072746126198,0.023877072746126198,0.023877072746126198,0.2984634093265775,0.10744682735756789,1.2416077827985623
4.488889676271725,0.5014185276686501,0.0835697546114417,0.0596926818653155,0.023877072746126198,10.840191026741294,0.023877072746126198,0.7640663278760383
2.0295511834207267,0.22683219108819888,0.5372341367878395,2.0892438652860426,10.111940307984446,0.41784877305720847,1.4326243647675718,0.1552009728498203
0.7760048642491014,0.0835697546114417,0.023877072746126198,0.5491726731609026,0.047754145492252396,0.3462175548188299,0.6804965732645967,0.047754145492252396
0.84763608248748,0.119385363730631,0.10744682735756789,0.28652487295351436,1.9579199651823482,0.6566195005184704,0.2029551183420727,0.023877072746126198
0.21489365471513577,0.0596926818653155,0.46560291854946084,1.5520097284982028,0.8356975461144169,0.32234048207270366,0.28652487295351436,0.5133570640417132
0.2626478002073882,0.6446809641454073,0.0596926818653155,0.9192673007258586,0.047754145492252396,0.047754145492252396,0.477541454922524,0.023877072746126198
0.2984634093265775,0.238770727461262,0.023877072746126198,1.456501437513698,0.023877072746126198,0.5252956004147764,3.5457453027997405,0.4417258458033347
5.360402831505332,0.09550829098450479,2.769740438550639,1.181915100933247,2.7100477566853236,5.121632104044069,0.0596926818653155,0.238770727461262
0.1313239001036941,0.119385363730631,0.023877072746126198,1.2774233919177516,0.14326243647675718,0.10744682735756789,0.047754145492252396,0.07163121823837859
5.4678496588628995,0.1671395092228834,0.10744682735756789,0.0835697546114417,0.25070926383432507,0.0596926818653155,0.1671395092228834,1.0386526644564895
0.7401892551299122,0.047754145492252396,0.5849882822800918,0.5491726731609026,0.238770727461262,0.047754145492252396,0.047754145492252396,0.2745863365804513
0.3342790184457668,0.25070926383432507,0.023877072746126198,0.9431443734719849,0.023877072746126198,0.119385363730631,0.3700946275649561,0.023877072746126198
0.8715131552336063,0.4059102366841454,0.07163121823837859,0.38203316393801917,3.39054432994992,1.2893619282908146,0.0835697546114417,1.2774233919177516
0.07163121823837859,0.023877072746126198,0.023877072746126198,0.1671395092228834,2.6384165384469447,0.1552009728498203,0.035815609119189296,0.09550829098450479
1.0505912008295528,0.17907804559594648,0.5372341367878395,0.39397170031108225,0.3342790184457668,0.2745863365804513,1.8982272833170328,0.1552009728498203
0.8237590097413539,0.42978730943027155,0.25070926383432507,0.17907804559594648,0.9192673007258586,1.074468273575679,2.6861706839391974,0.8237590097413539
0.047754145492252396,0.39397170031108225,0.023877072746126198,2.913002875027396,0.22683219108819888,0.047754145492252396,0.023877072746126198,0.3104019456996406
0.1671395092228834,0.4059102366841454,0.7760048642491014,2.6264780020738816,0.047754145492252396,0.39397170031108225,0.28652487295351436,1.1460994918140575
0.38203316393801917,0.2029551183420727,0.07163121823837859,0.8715131552336063,0.3342790184457668,0.07163121823837859,0.023877072746126198,0.2745863365804513
0.1552009728498203,0.14326243647675718,0.6446809641454073,0.8834516916066694,0.047754145492252396,0.023877072746126198,0.3700946275649561,0.07163121823837859
1.5520097284982028,0.4059102366841454,0.035815609119189296,0.047754145492252396,0.6685580368915336,0.48947999129558706,1.0505912008295528,0.1313239001036941
0.07163121823837859,1.062529737202616,0.1671395092228834,0.2029551183420727,0.0596926818653155,0.22683219108819888,2.4951541019701877,0.0596926818653155
3.9277784667377595,0.0835697546114417,0.10744682735756789,0.21489365471513577,0.1552009728498203,0.023877072746126198,0.07163121823837859,0.7043736460107228
0.17907804559594648,0.023877072746126198,0.023877072746126198,0.6208038913992812,0.4059102366841454,0.19101658196900959,0.023877072746126198,1.0267141280834264
0.3462175548188299,0.1671395092228834,0.9431443734719849,2.160875083524421,0.2984634093265775,0.3104019456996406,0.5252956004147764,0.09550829098450479
0.023877072746126198,0.4059102366841454,0.25070926383432507,0.07163121823837859,0.6208038913992812,0.023877072746126198,0.10744682735756789,2.136998010778295
0.023877072746126198,0.41784877305720847,3.1995277479809108,0.25070926383432507,0.5849882822800918,0.1552009728498203,0.035815609119189296,0.238770727461262
0.19101658196900959,0.09550829098450479,0.5491726731609026,0.5133570640417132,0.1313239001036941,0.41784877305720847,4.656029185494608,0.1552009728498203
0.023877072746126198,0.07163121823837859,0.023877072746126198,1.934042892436222,0.0596926818653155,0.035815609119189296,0.5372341367878395,0.7521277915029753
0.3104019456996406,0.5133570640417132,0.28652487295351436,1.0983453463218051,0.3104019456996406,0.14326243647675718,0.7163121823837859,0.10744682735756789
1.0505912008295528,0.42978730943027155,0.1313239001036941,0.46560291854946084,0.07163121823837859,0.28652487295351436,0.10744682735756789,0.596926818653155
0.5849882822800918,0.09550829098450479,0.7640663278760383,0.0835697546114417,0.07163121823837859,0.17907804559594648,0.17907804559594648,1.1102838826948682
0.1552009728498203,0.07163121823837859,0.5372341367878395,0.477541454922524,,1.802718992332528,0.2029551183420727,1.6355794831096446
0.023877072746126198,0.09550829098450479,0.023877072746126198,0.41784877305720847,,0.047754145492252396,0.10744682735756789,0.035815609119189296
0.21489365471513577,1.3729316829022564,0.119385363730631,0.023877072746126198,,0.035815609119189296,1.1580380281871205,0.047754145492252396
0.1552009728498203,0.19101658196900959,0.41784877305720847,0.7640663278760383,,0.7163121823837859,0.09550829098450479,0.39397170031108225
0.19101658196900959,0.3342790184457668,0.023877072746126198,3.2353433571001,,0.0835697546114417,0.023877072746126198,0.0835697546114417
0.07163121823837859,0.14326243647675718,1.2535463191716254,0.7401892551299122,,0.1313239001036941,0.8356975461144169,2.8771872659082067
2.1011824016591056,0.41784877305720847,0.19101658196900959,0.2626478002073882,,0.6327424277723442,0.1313239001036941,0.4417258458033347
0.10744682735756789,0.3104019456996406,24.4262454192871,0.023877072746126198,,0.023877072746126198,0.22683219108819888,0.32234048207270366
1.802718992332528,0.28652487295351436,0.023877072746126198,0.1313239001036941,,0.10744682735756789,0.17907804559594648,0.14326243647675718
0.39397170031108225,0.2984634093265775,0.035815609119189296,2.9607570205196487,,0.035815609119189296,0.023877072746126198,0.8356975461144169
0.45366438217639776,0.7760048642491014,0.119385363730631,2.566785320208566,,0.1313239001036941,0.41784877305720847,0.5611112095339656
1.205792173679373,0.5372341367878395,0.047754145492252396,1.7191492377210862,,0.14326243647675718,0.38203316393801917,0.10744682735756789
0.5372341367878395,0.10744682735756789,0.1552009728498203,0.047754145492252396,,0.023877072746126198,0.22683219108819888,0.4417258458033347
0.6208038913992812,0.728250718756849,0.0835697546114417,0.07163121823837859,,0.5252956004147764,0.023877072746126198,0.35815609119189296
0.1671395092228834,0.2029551183420727,4.906738449328934,0.035815609119189296,,0.119385363730631,0.4417258458033347,0.39397170031108225
1.5281326557520767,0.28652487295351436,0.25070926383432507,0.07163121823837859,,0.07163121823837859,0.45366438217639776,0.1313239001036941
0.25070926383432507,0.6208038913992812,0.035815609119189296,0.0596926818653155,,2.793617511296765,0.023877072746126198,0.7401892551299122
0.10744682735756789,0.6924351096376598,0.6924351096376598,1.4923170466328874,,0.035815609119189296,0.41784877305720847,0.3104019456996406
0.2745863365804513,0.035815609119189296,0.10744682735756789,0.023877072746126198,,0.09550829098450479,0.3462175548188299,9.646337389434985
0.14326243647675718,0.119385363730631,0.2984634093265775,0.22683219108819888,,1.5042555830059505,0.3342790184457668,1.1341609554409944
0.21489365471513577,0.09550829098450479,0.2984634093265775,0.1313239001036941,,0.19101658196900959,1.8862887469439698,0.3104019456996406
0.023877072746126198,1.3132390010369408,0.047754145492252396,0.2029551183420727,,0.9789599825911741,0.047754145492252396,0.047754145492252396
0.19101658196900959,0.21489365471513577,0.19101658196900959,2.316076056374241,,1.563948264871266,0.10744682735756789,0.38203316393801917
0.023877072746126198,1.563948264871266,0.2984634093265775,0.3104019456996406,,0.023877072746126198,0.09550829098450479,0.3104019456996406
0.4059102366841454,0.0835697546114417,0.2029551183420727,0.023877072746126198,,0.047754145492252396,0.39397170031108225,0.17907804559594648
0.0835697546114417,0.1671395092228834,0.0835697546114417,3.1995277479809108,,0.047754145492252396,0.22683219108819888,0.0835697546114417
0.07163121823837859,0.10744682735756789,0.6208038913992812,0.0835697546114417,,0.3104019456996406,0.2745863365804513,0.0835697546114417
0.42978730943027155,0.14326243647675718,0.1552009728498203,0.3700946275649561,,0.5372341367878395,0.7043736460107228,0.25070926383432507
0.0835697546114417,0.1313239001036941,0.0596926818653155,0.023877072746126198,,1.456501437513698,0.119385363730631,0.2745863365804513
0.4417258458033347,0.1552009728498203,0.035815609119189296,2.9368799477735226,,1.5520097284982028,0.07163121823837859,0.1552009728498203
14.98286314819419,0.5491726731609026,0.023877072746126198,0.035815609119189296,,0.2626478002073882,0.047754145492252396,0.0596926818653155
0.7163121823837859,0.41784877305720847,0.1671395092228834,0.07163121823837859,,1.6355794831096446,0.1671395092228834,0.1671395092228834
0.2626478002073882,0.1552009728498203,0.3104019456996406,2.053428256166853,,0.1552009728498203,0.07163121823837859,0.119385363730631
0.10744682735756789,0.3342790184457668,0.1552009728498203,5.7543745318164135,,0.09550829098450479,0.07163121823837859,0.119385363730631
0.035815609119189296,0.5252956004147764,0.25070926383432507,0.7521277915029753,,1.0028370553373003,0.119385363730631,2.8771872659082067
0.3700946275649561,1.683333628601897,0.0835697546114417,0.1552009728498203,,0.5252956004147764,0.2745863365804513,6.339362814096505
0.07163121823837859,0.3104019456996406,0.047754145492252396,0.1313239001036941,,0.047754145492252396,0.1671395092228834,0.8237590097413539
0.07163121823837859,0.047754145492252396,0.17907804559594648,1.2535463191716254,,0.3462175548188299,0.2029551183420727,0.023877072746126198
0.32234048207270366,0.07163121823837859,0.238770727461262,0.023877072746126198,,0.0596926818653155,0.0596926818653155,0.7043736460107228
0.047754145492252396,0.6924351096376598,0.0835697546114417,1.5400711921251398,,0.19101658196900959,0.14326243647675718,0.023877072746126198
0.023877072746126198,0.2745863365804513,0.035815609119189296,0.1552009728498203,,0.0596926818653155,6.005083795650739,1.3968087556483826
2.0056741106746006,0.2029551183420727,0.0835697546114417,3.2950360389654154,,4.512766749017851,0.119385363730631,0.17907804559594648
1.6117024103635185,0.14326243647675718,0.2984634093265775,0.023877072746126198,,0.5372341367878395,0.07163121823837859,1.074468273575679
0.3462175548188299,0.25070926383432507,0.047754145492252396,1.5161941193790136,,0.1313239001036941,0.3342790184457668,0.1552009728498203
1.9937355743015375,0.477541454922524,0.047754145492252396,0.6566195005184704,,0.1552009728498203,0.32234048207270366,0.6208038913992812
0.3104019456996406,0.2029551183420727,0.0835697546114417,0.9073287643527955,,1.0505912008295528,0.39397170031108225,2.328014592747304
0.10744682735756789,0.38203316393801917,0.023877072746126198,1.2535463191716254,,0.1313239001036941,1.9817970379284744,0.023877072746126198
0.023877072746126198,0.2984634093265775,0.07163121823837859,0.39397170031108225,,0.42978730943027155,0.023877072746126198,0.2984634093265775
0.035815609119189296,0.17907804559594648,0.035815609119189296,0.07163121823837859,,0.1671395092228834,0.7760048642491014,0.2984634093265775
0.023877072746126198,0.0835697546114417,0.4059102366841454,0.1552009728498203,,0.32234048207270366,0.119385363730631,0.1313239001036941
1.0983453463218051,0.8595746188605431,0.46560291854946084,0.1671395092228834,,0.0596926818653155,0.0596926818653155,0.023877072746126198
0.7043736460107228,0.023877072746126198,0.0596926818653155,1.5161941193790136,,0.238770727461262,0.0596926818653155,0.19101658196900959
0.9073287643527955,0.1552009728498203,0.6208038913992812,0.0596926818653155,,1.4206858283945087,0.17907804559594648,0.09550829098450479
1.1341609554409944,0.4417258458033347,0.09550829098450479,0.047754145492252396,,1.1102838826948682,0.023877072746126198,0.023877072746126198
0.22683219108819888,0.10744682735756789,0.2626478002073882,2.38770727461262,,3.868085784872444,1.3609931465291933,2.4951541019701877
3.211466284353974,1.0267141280834264,1.4206858283945087,0.10744682735756789,,5.443972586116773,1.3968087556483826,2.411584347358746
0.047754145492252396,0.023877072746126198,3.3069745753384785,0.21489365471513577,,0.8834516916066694,0.023877072746126198,0.023877072746126198
1.0147755917103634,0.2745863365804513,0.2984634093265775,1.1460994918140575,,0.9789599825911741,2.4235228837318092,1.3132390010369408
1.325177537410004,2.996572629638838,0.119385363730631,1.4684399738867613,,2.053428256166853,0.1552009728498203,1.3609931465291933
0.5133570640417132,0.035815609119189296,1.0386526644564895,0.10744682735756789,,0.6327424277723442,0.17907804559594648,0.17907804559594648
0.4059102366841454,0.9312058370989217,0.10744682735756789,1.3371160737830672,,0.07163121823837859,0.48947999129558706,0.25070926383432507
0.45366438217639776,0.728250718756849,0.0596926818653155,0.2984634093265775,,1.6475180194827077,0.2626478002073882,0.7640663278760383
0.7043736460107228,1.9817970379284744,0.1671395092228834,1.205792173679373,,0.10744682735756789,0.035815609119189296,0.035815609119189296
0.4059102366841454,1.3968087556483826,2.125059474405232,9.085226179901019,,0.9789599825911741,0.07163121823837859,1.1102838826948682
0.0596926818653155,0.2029551183420727,0.14326243647675718,0.023877072746126198,,2.0295511834207267,0.2745863365804513,1.6475180194827077
2.316076056374241,0.238770727461262,0.07163121823837859,0.023877072746126198,,0.1671395092228834,0.9789599825911741,1.0028370553373003
0.14326243647675718,1.0386526644564895,0.047754145492252396,0.1671395092228834,,0.023877072746126198,0.3342790184457668,0.023877072746126198
1.7430263104672126,0.023877072746126198,0.035815609119189296,1.4087472920214457,,0.047754145492252396,0.5372341367878395,0.3342790184457668
0.39397170031108225,13.13239001036941,0.023877072746126198,0.09550829098450479,,0.09550829098450479,0.48947999129558706,0.5491726731609026
0.2626478002073882,0.023877072746126198,0.6685580368915336,1.0505912008295528,,0.42978730943027155,7.724233033371825,0.119385363730631
0.023877072746126198,0.32234048207270366,0.023877072746126198,0.25070926383432507,,0.047754145492252396,8.237590097413538,0.035815609119189296
0.0596926818653155,0.28652487295351436,0.035815609119189296,0.1552009728498203,,2.280260447255052,1.6355794831096446,1.2654848555446885
0.09550829098450479,2.399645810985683,4.357565776168031,0.19101658196900959,,0.5133570640417132,0.0835697546114417,0.07163121823837859
0.1552009728498203,1.1580380281871205,0.047754145492252396,0.45366438217639776,,6.172223304873622,0.7521277915029753,0.22683219108819888
0.1313239001036941,0.119385363730631,2.8533101931620806,0.0835697546114417,,0.09550829098450479,0.047754145492252396,0.5491726731609026
0.5252956004147764,0.32234048207270366,0.023877072746126198,0.09550829098450479,,0.22683219108819888,0.3104019456996406,0.2626478002073882
0.14326243647675718,0.3700946275649561,0.9312058370989217,0.9073287643527955,,0.1552009728498203,1.062529737202616,0.07163121823837859
0.2745863365804513,0.035815609119189296,1.8504731378247803,0.09550829098450479,,0.07163121823837859,0.0835697546114417,0.035815609119189296
0.10744682735756789,0.7401892551299122,1.456501437513698,0.238770727461262,,0.0835697546114417,0.7163121823837859,0.1671395092228834
3.2950360389654154,0.19101658196900959,1.2774233919177516,0.0596926818653155,,3.856147248499381,0.2626478002073882,2.6622936111930713
0.047754145492252396,0.4059102366841454,0.5372341367878395,0.38203316393801917,,0.41784877305720847,0.023877072746126198,0.5491726731609026
0.45366438217639776,0.10744682735756789,0.32234048207270366,0.0835697546114417,,0.0835697546114417,1.7788419195864018,1.181915100933247
1.3013004646638777,0.119385363730631,0.5372341367878395,0.0835697546114417,,0.0596926818653155,1.1580380281871205,0.047754145492252396
0.6446809641454073,0.32234048207270366,0.0596926818653155,0.035815609119189296,,0.28652487295351436,0.023877072746126198,0.19101658196900959
0.09550829098450479,0.5849882822800918,0.10744682735756789,0.0835697546114417,,0.0835697546114417,1.0267141280834264,0.047754145492252396
0.2029551183420727,0.0596926818653155,3.2353433571001,0.25070926383432507,,0.07163121823837859,0.1552009728498203,0.35815609119189296
0.09550829098450479,0.035815609119189296,0.07163121823837859,34.08452134509515,,0.09550829098450479,0.3700946275649561,0.4059102366841454
0.19101658196900959,0.9908985189642372,0.023877072746126198,2.2325063017627995,,0.42978730943027155,0.3104019456996406,0.4059102366841454
0.45366438217639776,1.1580380281871205,0.047754145492252396,0.1671395092228834,,0.07163121823837859,0.035815609119189296,2.148936547151358
0.07163121823837859,0.2984634093265775,0.5014185276686501,1.3609931465291933,,0.035815609119189296,0.035815609119189296,6.160284768500559
0.035815609119189296,0.023877072746126198,0.6566195005184704,0.0835697546114417,,0.047754145492252396,0.4417258458033347,0.047754145492252396
0.10744682735756789,0.42978730943027155,0.035815609119189296,1.062529737202616,,0.5730497459070287,0.7163121823837859,0.45366438217639776
0.48947999129558706,0.0596926818653155,0.023877072746126198,0.21489365471513577,,0.84763608248748,0.023877072746126198,0.4059102366841454
0.25070926383432507,0.25070926383432507,0.477541454922524,0.1313239001036941,,0.3104019456996406,2.8055560476698282,0.0596926818653155
0.1313239001036941,0.25070926383432507,0.238770727461262,1.69527216497496,,0.14326243647675718,0.28652487295351436,0.5372341367878395
0.7401892551299122,0.8715131552336063,0.035815609119189296,0.9908985189642372,,0.10744682735756789,0.3342790184457668,0.9431443734719849
0.4417258458033347,0.3342790184457668,0.0596926818653155,0.6088653550262181,,0.023877072746126198,0.0835697546114417,0.7163121823837859
0.6208038913992812,0.0596926818653155,2.8174945840428913,0.023877072746126198,,0.035815609119189296,4.405319921660284,0.5252956004147764
2.292198983628115,0.047754145492252396,2.172813619897484,0.1552009728498203,,0.035815609119189296,0.0596926818653155,0.3342790184457668
2.554846783835503,1.1699765645601836,1.2654848555446885,0.1552009728498203,,0.1313239001036941,0.2029551183420727,0.7640663278760383
0.047754145492252396,3.8919628576185703,4.620213576375419,2.6861706839391974,,0.2029551183420727,0.84763608248748,0.023877072746126198
1.0386526644564895,1.683333628601897,1.3132390010369408,5.097755031297943,,0.023877072746126198,0.1313239001036941,0.035815609119189296
0.25070926383432507,0.6088653550262181,0.2029551183420727,0.047754145492252396,,0.09550829098450479,0.023877072746126198,0.023877072746126198
0.07163121823837859,0.1313239001036941,0.035815609119189296,0.9908985189642372,,0.6924351096376598,0.25070926383432507,0.035815609119189296
1.074468273575679,0.1313239001036941,1.2416077827985623,0.5849882822800918,,0.023877072746126198,0.1313239001036941,0.0835697546114417
0.023877072746126198,0.22683219108819888,0.047754145492252396,0.1671395092228834,,0.25070926383432507,0.9192673007258586,0.023877072746126198
0.09550829098450479,0.2626478002073882,0.5611112095339656,0.1671395092228834,,0.0835697546114417,0.5730497459070287,0.4417258458033347
0.14326243647675718,0.07163121823837859,0.17907804559594648,0.035815609119189296,,0.28652487295351436,0.8356975461144169,0.9312058370989217
0.1313239001036941,2.519031174716314,0.477541454922524,1.910165819690096,,0.14326243647675718,0.047754145492252396,0.1552009728498203
0.3104019456996406,0.3462175548188299,0.09550829098450479,0.07163121823837859,,0.119385363730631,0.023877072746126198,0.6685580368915336
0.19101658196900959,0.38203316393801917,2.2325063017627995,0.07163121823837859,,0.1671395092228834,0.19101658196900959,1.1580380281871205
0.047754145492252396,0.0596926818653155,0.7521277915029753,0.0835697546114417,,0.047754145492252396,0.09550829098450479,0.2984634093265775
0.1552009728498203,0.035815609119189296,1.5520097284982028,0.2984634093265775,,1.2416077827985623,0.3700946275649561,0.17907804559594648
0.035815609119189296,0.14326243647675718,3.0443267751310903,0.047754145492252396,,0.41784877305720847,0.07163121823837859,0.28652487295351436
0.8237590097413539,0.6804965732645967,0.28652487295351436,0.8356975461144169,,0.17907804559594648,0.10744682735756789,0.238770727461262
0.035815609119189296,0.0596926818653155,0.5252956004147764,14.302366574929593,,0.1552009728498203,0.48947999129558706,0.3104019456996406
0.238770727461262,0.07163121823837859,0.8237590097413539,0.023877072746126198,,0.48947999129558706,1.5997638739904554,1.0505912008295528
0.09550829098450479,0.6566195005184704,0.0835697546114417,0.023877072746126198,,0.17907804559594648,0.119385363730631,1.707210701348023
0.19101658196900959,0.1313239001036941,0.19101658196900959,0.023877072746126198,,0.047754145492252396,0.42978730943027155,0.7163121823837859
0.09550829098450479,0.023877072746126198,2.7100477566853236,0.035815609119189296,,0.2029551183420727,0.3104019456996406,1.0983453463218051
0.047754145492252396,1.1341609554409944,0.047754145492252396,2.1011824016591056,,1.3132390010369408,0.119385363730631,0.6327424277723442
0.023877072746126198,0.28652487295351436,5.169386249536322,6.363239886842631,,0.4059102366841454,0.2745863365804513,0.25070926383432507
0.7043736460107228,0.2029551183420727,0.119385363730631,0.023877072746126198,,0.09550829098450479,0.035815609119189296,1.3132390010369408
0.2745863365804513,0.035815609119189296,2.519031174716314,0.047754145492252396,,0.1671395092228834,0.3342790184457668,0.07163121823837859
0.035815609119189296,0.7163121823837859,1.1341609554409944,0.023877072746126198,,0.09550829098450479,0.0596926818653155,0.023877072746126198
0.2626478002073882,0.7163121823837859,0.4059102366841454,0.5491726731609026,,0.477541454922524,0.07163121823837859,1.7191492377210862
0.3462175548188299,0.7401892551299122,0.4059102366841454,0.07163121823837859,,0.5014185276686501,0.19101658196900959,0.0835697546114417
0.119385363730631,1.8743502105709064,0.1552009728498203,0.023877072746126198,,0.035815609119189296,0.047754145492252396,0.6446809641454073
0.25070926383432507,1.5161941193790136,0.0596926818653155,0.047754145492252396,,0.0835697546114417,0.119385363730631,0.1313239001036941
1.456501437513698,0.3700946275649561,0.0835697546114417,0.21489365471513577,,0.32234048207270366,0.14326243647675718,0.047754145492252396
0.10744682735756789,0.2029551183420727,0.14326243647675718,0.9431443734719849,,0.035815609119189296,0.035815609119189296,0.8953902279797324
0.119385363730631,23.053313736384844,0.035815609119189296,40.42388415919165,,0.17907804559594648,0.023877072746126198,0.10744682735756789
0.023877072746126198,0.19101658196900959,0.047754145492252396,0.10744682735756789,,0.0596926818653155,0.10744682735756789,0.0596926818653155
0.09550829098450479,0.035815609119189296,0.09550829098450479,0.0835697546114417,,0.2984634093265775,0.6446809641454073,0.0596926818653155
0.5491726731609026,0.0596926818653155,0.0835697546114417,0.19101658196900959,,0.1552009728498203,0.0596926818653155,3.020449702384964
0.42978730943027155,0.39397170031108225,0.1313239001036941,0.8356975461144169,,0.047754145492252396,0.1552009728498203,0.6924351096376598
0.10744682735756789,0.023877072746126198,0.1313239001036941,0.10744682735756789,,0.0835697546114417,6.184161841246685,0.8118204733682908
11.986290518555352,3.474114084561362,0.46560291854946084,1.3132390010369408,,0.047754145492252396,0.119385363730631,0.2984634093265775
0.023877072746126198,0.0596926818653155,0.023877072746126198,0.9192673007258586,,0.17907804559594648,0.047754145492252396,1.19385363730631
0.07163121823837859,0.023877072746126198,0.6924351096376598,0.1552009728498203,,0.32234048207270366,0.596926818653155,0.035815609119189296
0.10744682735756789,0.596926818653155,0.07163121823837859,0.119385363730631,,0.035815609119189296,1.5281326557520767,0.5491726731609026
0.023877072746126198,0.2029551183420727,0.3342790184457668,7.604847669641194,,0.1313239001036941,0.07163121823837859,2.053428256166853
0.22683219108819888,0.32234048207270366,0.1552009728498203,0.023877072746126198,,0.22683219108819888,27.74515853099864,0.1313239001036941
0.047754145492252396,0.5849882822800918,1.3968087556483826,7.115367678345607,,0.023877072746126198,2.4354614201048723,0.48947999129558706
0.09550829098450479,0.0596926818653155,0.0835697546114417,4.667967721867671,,0.10744682735756789,0.14326243647675718,0.09550829098450479
0.17907804559594648,0.4059102366841454,0.023877072746126198,0.9789599825911741,,0.035815609119189296,0.7998819369952277,0.41784877305720847
0.19101658196900959,0.8237590097413539,0.39397170031108225,0.7043736460107228,,0.48947999129558706,0.45366438217639776,0.047754145492252396
2.519031174716314,0.32234048207270366,0.5252956004147764,0.2745863365804513,,0.5491726731609026,0.10744682735756789,1.8385346014517172
0.035815609119189296,0.09550829098450479,0.238770727461262,0.19101658196900959,,0.119385363730631,0.10744682735756789,1.934042892436222
0.035815609119189296,0.5849882822800918,0.023877072746126198,0.39397170031108225,,0.023877072746126198,0.023877072746126198,2.6622936111930713
0.119385363730631,9.180734470885524,1.205792173679373,0.1552009728498203,,0.047754145492252396,0.035815609119189296,0.0835697546114417
0.035815609119189296,0.17907804559594648,0.3462175548188299,0.035815609119189296,,0.2984634093265775,0.07163121823837859,0.0596926818653155
4.142672121452895,0.25070926383432507,0.035815609119189296,0.1552009728498203,,3.7009462756495606,0.0835697546114417,1.1222224190679313
0.023877072746126198,0.1552009728498203,0.1313239001036941,0.2626478002073882,,0.023877072746126198,0.119385363730631,9.598583243942732
1.086406809948742,6.208038913992811,0.023877072746126198,0.238770727461262,,0.1552009728498203,0.8715131552336063,0.035815609119189296
0.035815609119189296,0.9192673007258586,,0.7998819369952277,,0.3342790184457668,0.023877072746126198,5.420095513370647
0.28652487295351436,0.3700946275649561,,0.2029551183420727,,0.3462175548188299,0.17907804559594648,0.6208038913992812
0.07163121823837859,0.238770727461262,,2.375768738239557,,3.9039013939916334,0.8953902279797324,0.6566195005184704
0.35815609119189296,0.19101658196900959,,0.25070926383432507,,0.2029551183420727,0.0835697546114417,7.795864251610204
0.7998819369952277,1.4684399738867613,,0.46560291854946084,,0.0835697546114417,0.46560291854946084,0.19101658196900959
0.023877072746126198,0.0596926818653155,,0.238770727461262,,0.0835697546114417,0.8356975461144169,10.08806323523832
2.0892438652860426,0.0835697546114417,,0.728250718756849,,0.1552009728498203,0.45366438217639776,14.469506084152476
6.494563786946326,0.0596926818653155,,0.023877072746126198,,0.023877072746126198,0.3700946275649561,3.605437984665056
0.9312058370989217,0.17907804559594648,,0.09550829098450479,,0.023877072746126198,0.5611112095339656,0.035815609119189296
0.09550829098450479,0.047754145492252396,,0.023877072746126198,,0.17907804559594648,0.2029551183420727,0.035815609119189296
0.21489365471513577,0.0835697546114417,,0.22683219108819888,,0.07163121823837859,0.21489365471513577,0.46560291854946084
0.21489365471513577,0.2626478002073882,,0.07163121823837859,,1.922104356063159,0.1552009728498203,0.6804965732645967
0.5372341367878395,0.2626478002073882,,0.1671395092228834,,0.0596926818653155,1.6236409467365815,0.5252956004147764
0.07163121823837859,0.3462175548188299,,0.09550829098450479,,0.1552009728498203,0.5611112095339656,0.25070926383432507
0.48947999129558706,0.09550829098450479,,0.5014185276686501,,0.0835697546114417,0.09550829098450479,0.035815609119189296
0.41784877305720847,0.7043736460107228,,0.28652487295351436,,0.2745863365804513,0.4417258458033347,1.5400711921251398
3.414421402696046,1.4206858283945087,,0.0835697546114417,,0.1552009728498203,0.5491726731609026,0.3104019456996406
0.28652487295351436,0.035815609119189296,,10.36264957181877,,0.2029551183420727,0.047754145492252396,2.4235228837318092
1.6355794831096446,0.119385363730631,,0.023877072746126198,,0.38203316393801917,0.023877072746126198,2.04148971979379
1.3371160737830672,0.035815609119189296,,0.035815609119189296,,0.119385363730631,0.39397170031108225,0.1552009728498203
1.325177537410004,0.7401892551299122,,0.119385363730631,,0.023877072746126198,0.84763608248748,1.910165819690096
0.45366438217639776,0.1671395092228834,,0.035815609119189296,,0.8237590097413539,1.0147755917103634,0.6088653550262181
0.2984634093265775,0.7163121823837859,,0.0596926818653155,,0.7760048642491014,0.023877072746126198,1.683333628601897
0.39397170031108225,2.0295511834207267,,0.5133570640417132,,1.19385363730631,0.14326243647675718,0.1671395092228834
4.476951139898662,0.19101658196900959,,0.2745863365804513,,1.2893619282908146,0.6804965732645967,3.020449702384964
0.9789599825911741,0.28652487295351436,,0.3700946275649561,,0.9192673007258586,0.596926818653155,2.280260447255052
0.023877072746126198,0.1671395092228834,,0.10744682735756789,,0.22683219108819888,0.0596926818653155,0.22683219108819888
0.047754145492252396,0.047754145492252396,,0.14326243647675718,,0.2745863365804513,0.46560291854946084,1.5520097284982028
0.22683219108819888,0.119385363730631,,0.119385363730631,,0.023877072746126198,0.1671395092228834,2.280260447255052
3.748700421141813,0.6566195005184704,,0.238770727461262,,4.751537476479114,0.3342790184457668,0.38203316393801917
0.07163121823837859,0.5611112095339656,,0.3104019456996406,,11.24610126342544,0.0835697546114417,0.9192673007258586
0.9908985189642372,0.19101658196900959,,3.354728720830731,,0.07163121823837859,0.14326243647675718,3.127896529742532
2.6384165384469447,0.2745863365804513,,0.14326243647675718,,0.0596926818653155,0.023877072746126198,0.1671395092228834
0.19101658196900959,0.45366438217639776,,0.3462175548188299,,0.023877072746126198,0.6208038913992812,0.6327424277723442
0.023877072746126198,0.7163121823837859,,0.5491726731609026,,0.0596926818653155,0.0596926818653155,0.3462175548188299
3.2950360389654154,0.25070926383432507,,0.38203316393801917,,0.14326243647675718,0.35815609119189296,0.38203316393801917
0.21489365471513577,0.035815609119189296,,1.5042555830059505,,1.3609931465291933,3.5576838391728036,1.2774233919177516
0.0596926818653155,0.6088653550262181,,0.07163121823837859,,0.1313239001036941,0.0835697546114417,0.8237590097413539
0.0596926818653155,0.46560291854946084,,0.35815609119189296,,0.14326243647675718,1.444562901140635,0.238770727461262
2.781678974923702,0.3462175548188299,,0.0596926818653155,,1.1699765645601836,0.17907804559594648,0.035815609119189296
9.383689589227595,1.6355794831096446,,0.09550829098450479,,1.0147755917103634,0.2029551183420727,0.035815609119189296
0.3462175548188299,0.0835697546114417,,0.2029551183420727,,0.1671395092228834,0.45366438217639776,2.4832155655971246
0.2626478002073882,1.6355794831096446,,3.844208712126318,,1.922104356063159,0.4059102366841454,0.2029551183420727
0.32234048207270366,3.9039013939916334,,0.3462175548188299,,0.0835697546114417,0.119385363730631,0.119385363730631
0.1671395092228834,0.38203316393801917,,2.172813619897484,,0.09550829098450479,0.3104019456996406,0.35815609119189296
0.5730497459070287,0.3462175548188299,,0.023877072746126198,,0.22683219108819888,0.4059102366841454,1.4326243647675718
0.0835697546114417,0.22683219108819888,,0.1552009728498203,,0.14326243647675718,0.3342790184457668,2.3399531291203672
0.3700946275649561,1.3729316829022564,,0.14326243647675718,,0.07163121823837859,0.1552009728498203,1.086406809948742
0.3700946275649561,0.035815609119189296,,1.181915100933247,,0.0596926818653155,0.6566195005184704,1.5161941193790136
0.21489365471513577,0.5252956004147764,,0.07163121823837859,,0.035815609119189296,0.023877072746126198,4.835107231090555
0.1671395092228834,0.2745863365804513,,0.07163121823837859,,0.047754145492252396,0.6924351096376598,0.023877072746126198
0.2984634093265775,0.047754145492252396,,1.325177537410004,,1.7191492377210862,0.32234048207270366,0.0596926818653155
0.3462175548188299,0.2626478002073882,,9.574706171196606,,0.14326243647675718,0.035815609119189296,1.8862887469439698
0.035815609119189296,0.5372341367878395,,0.023877072746126198,,3.020449702384964,0.07163121823837859,0.023877072746126198
1.086406809948742,2.04148971979379,,1.3132390010369408,,0.035815609119189296,0.39397170031108225,0.1671395092228834
1.802718992332528,0.17907804559594648,,11.532626136378953,,0.477541454922524,0.09550829098450479,8.834516916066693
0.5491726731609026,0.3342790184457668,,2.065366792539916,,0.023877072746126198,0.035815609119189296,0.238770727461262
0.6685580368915336,0.2745863365804513,,2.5787238565816293,,0.035815609119189296,7.031797923734166,1.8504731378247803
0.32234048207270366,0.22683219108819888,,0.023877072746126198,,0.17907804559594648,2.125059474405232,0.19101658196900959
0.1552009728498203,0.023877072746126198,,0.023877072746126198,,0.023877072746126198,0.0596926818653155,0.4059102366841454
0.023877072746126198,0.3342790184457668,,0.035815609119189296,,0.1671395092228834,1.1460994918140575,0.035815609119189296
0.7640663278760383,2.781678974923702,,0.047754145492252396,,1.0983453463218051,0.035815609119189296,0.035815609119189296
0.023877072746126198,1.7430263104672126,,0.047754145492252396,,0.39397170031108225,0.6208038913992812,12.989127573892652
0.023877072746126198,1.4684399738867613,,0.023877072746126198,,0.09550829098450479,0.19101658196900959,0.023877072746126198
0.023877072746126198,0.32234048207270366,,0.023877072746126198,,0.047754145492252396,0.46560291854946084,0.09550829098450479
0.4059102366841454,0.28652487295351436,,0.14326243647675718,,0.0835697546114417,0.07163121823837859,0.9073287643527955
0.023877072746126198,0.09550829098450479,,0.023877072746126198,,2.566785320208566,0.09550829098450479,0.023877072746126198
0.3342790184457668,0.477541454922524,,0.07163121823837859,,2.984634093265775,0.023877072746126198,0.035815609119189296
0.023877072746126198,0.0835697546114417,,0.119385363730631,,1.3848702192753195,0.1313239001036941,0.047754145492252396
1.587825337617392,0.10744682735756789,,0.09550829098450479,,0.023877072746126198,0.09550829098450479,0.035815609119189296
0.8237590097413539,0.39397170031108225,,0.023877072746126198,,1.0386526644564895,0.3462175548188299,0.1671395092228834
0.1552009728498203,0.32234048207270366,,0.38203316393801917,,0.21489365471513577,1.062529737202616,0.023877072746126198
0.035815609119189296,0.7760048642491014,,0.2029551183420727,,0.1313239001036941,1.8862887469439698,0.035815609119189296
0.023877072746126198,0.7640663278760383,,0.0835697546114417,,0.22683219108819888,0.5611112095339656,0.07163121823837859
2.9249414114004595,0.1313239001036941,,0.17907804559594648,,0.3104019456996406,1.69527216497496,0.023877072746126198
0.023877072746126198,0.10744682735756789,,0.0835697546114417,,0.2029551183420727,0.41784877305720847,0.035815609119189296
2.4832155655971246,0.0596926818653155,,0.17907804559594648,,0.047754145492252396,0.035815609119189296,0.023877072746126198
0.3700946275649561,0.25070926383432507,,0.09550829098450479,,0.46560291854946084,1.0386526644564895,0.047754145492252396
2.507092638343251,1.3013004646638777,,0.035815609119189296,,3.1995277479809108,0.22683219108819888,0.2745863365804513
0.19101658196900959,0.19101658196900959,,0.07163121823837859,,0.1671395092228834,0.42978730943027155,1.6355794831096446
0.023877072746126198,1.0386526644564895,,0.39397170031108225,,0.14326243647675718,0.14326243647675718,0.1671395092228834
0.035815609119189296,0.1552009728498203,,0.19101658196900959,,2.9607570205196487,0.035815609119189296,0.023877072746126198
0.21489365471513577,0.047754145492252396,,0.035815609119189296,,0.1313239001036941,0.07163121823837859,0.023877072746126198
0.023877072746126198,3.0920809206233426,,0.28652487295351436,,0.1671395092228834,0.19101658196900959,0.07163121823837859
0.047754145492252396,0.21489365471513577,,0.023877072746126198,,0.17907804559594648,0.41784877305720847,1.0505912008295528
0.728250718756849,0.2626478002073882,,0.035815609119189296,,0.047754145492252396,0.6804965732645967,0.035815609119189296
3.856147248499381,0.119385363730631,,0.023877072746126198,,1.205792173679373,0.119385363730631,0.25070926383432507
1.1580380281871205,0.7998819369952277,,0.1313239001036941,,0.023877072746126198,0.1552009728498203,0.3104019456996406
0.0835697546114417,0.477541454922524,,0.41784877305720847,,0.119385363730631,0.023877072746126198,0.2029551183420727
0.5491726731609026,0.14326243647675718,,1.9579199651823482,,0.047754145492252396,0.2984634093265775,3.175650675234784
0.09550829098450479,0.119385363730631,,1.1102838826948682,,0.07163121823837859,9.264304225496964,0.6804965732645967
0.22683219108819888,0.047754145492252396,,1.5042555830059505,,0.42978730943027155,0.119385363730631,1.0267141280834264
0.2029551183420727,0.1313239001036941,,0.14326243647675718,,0.0596926818653155,0.0835697546114417,0.39397170031108225
0.5730497459070287,0.967021446218111,,2.4712770292240616,,0.4417258458033347,0.035815609119189296,0.477541454922524
0.7640663278760383,0.07163121823837859,,0.17907804559594648,,0.035815609119189296,0.0835697546114417,1.7310877740941493
1.0028370553373003,0.09550829098450479,,0.0596926818653155,,0.42978730943027155,0.5730497459070287,0.14326243647675718
0.6208038913992812,15.221633875655451,,2.8294331204159544,,0.3342790184457668,0.42978730943027155,3.5218682300536144
0.4417258458033347,0.035815609119189296,,0.46560291854946084,,0.1671395092228834,0.047754145492252396,0.38203316393801917
0.32234048207270366,0.07163121823837859,,0.047754145492252396,,0.023877072746126198,0.477541454922524,4.190426266945148
0.0596926818653155,9.897046653269308,,3.0562653115041534,,0.035815609119189296,2.6384165384469447,0.238770727461262
0.047754145492252396,0.1552009728498203,,0.0596926818653155,,0.9073287643527955,0.5730497459070287,0.2745863365804513
0.023877072746126198,0.047754145492252396,,0.14326243647675718,,1.062529737202616,0.7998819369952277,0.1671395092228834
0.07163121823837859,0.5372341367878395,,0.119385363730631,,0.3342790184457668,0.035815609119189296,0.7163121823837859
0.023877072746126198,0.6446809641454073,,0.17907804559594648,,0.10744682735756789,0.09550829098450479,2.316076056374241
0.035815609119189296,0.023877072746126198,,0.5372341367878395,,0.023877072746126198,0.023877072746126198,0.6804965732645967
0.32234048207270366,0.023877072746126198,,2.566785320208566,,0.10744682735756789,0.07163121823837859,0.45366438217639776
0.035815609119189296,0.9908985189642372,,0.047754145492252396,,0.41784877305720847,2.065366792539916,0.035815609119189296
0.023877072746126198,0.10744682735756789,,0.6208038913992812,,0.035815609119189296,0.6804965732645967,0.047754145492252396
0.2984634093265775,0.119385363730631,,0.047754145492252396,,0.9192673007258586,0.39397170031108225,5.050000885805691
0.3342790184457668,0.9312058370989217,,0.6208038913992812,,1.1580380281871205,0.047754145492252396,0.6327424277723442
0.10744682735756789,3.0920809206233426,,5.993145259277676,,0.1313239001036941,0.3700946275649561,0.5252956004147764
0.047754145492252396,0.023877072746126198,,7.031797923734166,,0.8118204733682908,0.45366438217639776,0.9073287643527955
0.035815609119189296,0.6566195005184704,,0.3104019456996406,,0.6446809641454073,0.7521277915029753,0.35815609119189296
0.023877072746126198,4.297873094302716,,1.0505912008295528,,0.14326243647675718,0.0596926818653155,6.602010614303894
1.587825337617392,0.4059102366841454,,1.563948264871266,,0.10744682735756789,0.0596926818653155,2.7219862930583867
0.3104019456996406,0.3104019456996406,,0.10744682735756789,,0.047754145492252396,0.023877072746126198,0.1552009728498203
0.023877072746126198,0.119385363730631,,1.2654848555446885,,3.9397170031108226,0.14326243647675718,0.5730497459070287
0.023877072746126198,0.28652487295351436,,0.1552009728498203,,0.3700946275649561,0.035815609119189296,1.0147755917103634
0.023877072746126198,0.2029551183420727,,0.7401892551299122,,0.09550829098450479,0.5133570640417132,1.910165819690096
0.047754145492252396,0.119385363730631,,0.023877072746126198,,0.14326243647675718,0.22683219108819888,0.07163121823837859
1.575886801244329,1.3371160737830672,,0.6566195005184704,,0.9789599825911741,0.035815609119189296,1.062529737202616
0.4059102366841454,0.0596926818653155,,1.69527216497496,,0.023877072746126198,0.0835697546114417,0.0596926818653155
0.7521277915029753,0.48947999129558706,,0.10744682735756789,,0.10744682735756789,2.328014592747304,0.023877072746126198
0.238770727461262,0.07163121823837859,,0.7879434006221645,,0.023877072746126198,0.1671395092228834,0.0596926818653155
55.57388681660873,0.035815609119189296,,0.25070926383432507,,0.22683219108819888,0.023877072746126198,1.181915100933247
0.1671395092228834,0.023877072746126198,,0.7879434006221645,,0.19101658196900959,16.475180194827075,0.07163121823837859
0.0596926818653155,3.139835066115595,,0.28652487295351436,,1.2296692464254992,0.023877072746126198,0.035815609119189296
0.047754145492252396,0.023877072746126198,,2.6981092203122605,,0.035815609119189296,0.39397170031108225,0.0596926818653155
0.023877072746126198,1.181915100933247,,7.66454035150651,,3.641253593784245,0.1552009728498203,0.19101658196900959
0.035815609119189296,0.035815609119189296,,0.1313239001036941,,0.19101658196900959,0.10744682735756789,0.7401892551299122
0.023877072746126198,0.023877072746126198,,0.023877072746126198,,0.0835697546114417,4.118795048706769,1.7549648468402756
0.023877072746126198,0.023877072746126198,,0.35815609119189296,,1.8982272833170328,0.07163121823837859,4.059102366841453
1.1460994918140575,0.6566195005184704,,0.5252956004147764,,0.5611112095339656,6.064776477516054,4.453074067152536
0.0835697546114417,1.2893619282908146,,0.19101658196900959,,0.9908985189642372,0.1671395092228834,0.25070926383432507
0.047754145492252396,0.1313239001036941,,1.9698585015554113,,0.967021446218111,0.14326243647675718,0.45366438217639776
0.023877072746126198,1.0147755917103634,,0.023877072746126198,,1.69527216497496,0.5252956004147764,0.1313239001036941
0.3700946275649561,0.41784877305720847,,0.023877072746126198,,0.047754145492252396,0.0835697546114417,0.035815609119189296
0.0596926818653155,0.9073287643527955,,1.587825337617392,,6.184161841246685,0.119385363730631,5.551419413474341
0.023877072746126198,0.238770727461262,,1.19385363730631,,0.7401892551299122,0.023877072746126198,2.781678974923702
0.023877072746126198,0.42978730943027155,,0.023877072746126198,,0.1671395092228834,0.14326243647675718,1.181915100933247
0.023877072746126198,0.45366438217639776,,0.1671395092228834,,0.1552009728498203,0.023877072746126198,0.023877072746126198
0.09550829098450479,0.4417258458033347,,0.1552009728498203,,0.023877072746126198,0.047754145492252396,0.0835697546114417
0.023877072746126198,0.09550829098450479,,3.987471148603075,,0.10744682735756789,0.035815609119189296,7.4496466967913735
0.17907804559594648,0.023877072746126198,,1.4206858283945087,,0.1313239001036941,0.047754145492252396,9.491136416585164
0.023877072746126198,0.10744682735756789,,0.0596926818653155,,0.047754145492252396,0.6685580368915336,0.035815609119189296
0.035815609119189296,0.14326243647675718,,0.14326243647675718,,0.07163121823837859,0.21489365471513577,0.10744682735756789
0.035815609119189296,0.3462175548188299,,0.023877072746126198,,0.035815609119189296,0.728250718756849,0.023877072746126198
0.023877072746126198,0.41784877305720847,,0.023877072746126198,,0.09550829098450479,0.9431443734719849,0.5372341367878395
0.035815609119189296,0.07163121823837859,,0.2745863365804513,,0.023877072746126198,0.1552009728498203,3.0920809206233426
0.023877072746126198,0.035815609119189296,,0.2626478002073882,,0.047754145492252396,0.14326243647675718,0.035815609119189296
0.023877072746126198,0.42978730943027155,,0.7879434006221645,,0.2626478002073882,0.1313239001036941,0.2626478002073882
0.023877072746126198,0.10744682735756789,,2.3399531291203672,,0.047754145492252396,0.5014185276686501,3.3308516480846047
0.047754145492252396,1.1699765645601836,,3.354728720830731,,0.3342790184457668,0.0596926818653155,0.9073287643527955
0.023877072746126198,0.07163121823837859,,0.2745863365804513,,0.023877072746126198,1.3490546101561303,0.967021446218111
0.035815609119189296,3.0920809206233426,,0.023877072746126198,,0.25070926383432507,0.9073287643527955,0.0835697546114417
0.023877072746126198,7.50933937865669,,0.035815609119189296,,0.3342790184457668,0.14326243647675718,0.0596926818653155
0.023877072746126198,0.14326243647675718,,0.10744682735756789,,0.2984634093265775,0.07163121823837859,0.5133570640417132
0.0596926818653155,0.5730497459070287,,0.2984634093265775,,0.023877072746126198,0.21489365471513577,1.5520097284982028
0.035815609119189296,1.3132390010369408,,0.14326243647675718,,0.2626478002073882,0.0596926818653155,0.09550829098450479
0.2745863365804513,0.119385363730631,,0.1313239001036941,,0.1671395092228834,0.10744682735756789,4.453074067152536
0.047754145492252396,0.0835697546114417,,0.047754145492252396,,0.0835697546114417,0.5849882822800918,0.0596926818653155
0.035815609119189296,0.1313239001036941,,2.160875083524421,,0.047754145492252396,2.292198983628115,9.001656425289577
0.035815609119189296,0.19101658196900959,,0.22683219108819888,,0.1552009728498203,1.1580380281871205,0.17907804559594648
0.023877072746126198,0.238770727461262,,0.17907804559594648,,0.32234048207270366,0.35815609119189296,0.2626478002073882
0.023877072746126198,0.1552009728498203,,0.5014185276686501,,0.7879434006221645,0.023877072746126198,0.0596926818653155
0.047754145492252396,0.14326243647675718,,0.35815609119189296,,0.0596926818653155,4.512766749017851,0.09550829098450479
0.10744682735756789,0.28652487295351436,,0.023877072746126198,,0.39397170031108225,0.6566195005184704,0.023877072746126198
0.10744682735756789,0.0596926818653155,,0.21489365471513577,,0.28652487295351436,0.047754145492252396,0.7043736460107228
0.023877072746126198,2.399645810985683,,0.596926818653155,,0.0596926818653155,0.035815609119189296,1.8265960650786541
0.023877072746126198,0.0596926818653155,,0.4059102366841454,,0.7043736460107228,0.07163121823837859,0.023877072746126198
0.28652487295351436,0.39397170031108225,,0.09550829098450479,,0.0835697546114417,0.0835697546114417,1.3013004646638777
0.023877072746126198,0.035815609119189296,,0.8356975461144169,,0.0596926818653155,0.25070926383432507,0.0596926818653155
0.023877072746126198,0.0596926818653155,,0.0835697546114417,,2.6145394657008185,0.07163121823837859,2.8771872659082067
0.1313239001036941,0.3462175548188299,,0.5372341367878395,,0.19101658196900959,0.19101658196900959,0.21489365471513577
0.1313239001036941,0.28652487295351436,,0.3342790184457668,,0.3342790184457668,0.2984634093265775,0.4417258458033347
0.035815609119189296,0.32234048207270366,,0.2626478002073882,,0.8715131552336063,0.07163121823837859,0.46560291854946084
5.229078931401637,10.159694453476698,,0.41784877305720847,,0.07163121823837859,0.14326243647675718,0.035815609119189296
0.023877072746126198,0.0835697546114417,,0.9192673007258586,,0.0596926818653155,0.3342790184457668,0.25070926383432507
0.035815609119189296,0.2745863365804513,,0.46560291854946084,,0.035815609119189296,0.023877072746126198,0.2745863365804513
0.0835697546114417,0.22683219108819888,,0.8237590097413539,,3.3189131117115416,0.5611112095339656,3.223404820727037
0.035815609119189296,0.1671395092228834,,0.955082909845048,,0.023877072746126198,0.25070926383432507,2.5787238565816293
0.047754145492252396,0.2029551183420727,,0.1552009728498203,,0.32234048207270366,0.7043736460107228,0.7163121823837859
0.5491726731609026,0.3462175548188299,,0.14326243647675718,,0.1671395092228834,0.0596926818653155,0.46560291854946084
0.14326243647675718,0.3342790184457668,,0.14326243647675718,,1.205792173679373,0.5372341367878395,0.119385363730631
0.09550829098450479,0.047754145492252396,,0.07163121823837859,,0.023877072746126198,0.119385363730631,0.2626478002073882
0.10744682735756789,0.5849882822800918,,0.1552009728498203,,0.3462175548188299,0.21489365471513577,0.3700946275649561
2.996572629638838,0.45366438217639776,,0.2626478002073882,,8.85839398881282,0.035815609119189296,1.587825337617392
0.35815609119189296,3.8919628576185703,,0.09550829098450479,,0.1552009728498203,0.28652487295351436,2.2086292290166734
0.17907804559594648,0.6685580368915336,,1.7549648468402756,,0.035815609119189296,0.3104019456996406,1.086406809948742
0.42978730943027155,0.4417258458033347,,0.21489365471513577,,0.5849882822800918,0.19101658196900959,0.5491726731609026
0.3700946275649561,1.181915100933247,,0.32234048207270366,,0.1313239001036941,0.2626478002073882,0.5491726731609026
0.119385363730631,2.4951541019701877,,0.2984634093265775,,0.4417258458033347,0.023877072746126198,1.1699765645601836
0.023877072746126198,0.28652487295351436,,1.2177307100524362,,0.035815609119189296,0.1671395092228834,0.0596926818653155
0.09550829098450479,0.023877072746126198,,0.2626478002073882,,0.6446809641454073,0.5014185276686501,0.5252956004147764
0.0835697546114417,0.09550829098450479,,1.0147755917103634,,0.023877072746126198,0.41784877305720847,0.0835697546114417
0.035815609119189296,0.5372341367878395,,0.10744682735756789,,0.07163121823837859,0.39397170031108225,0.21489365471513577
0.14326243647675718,1.2893619282908146,,3.0801423842502795,,0.023877072746126198,0.2984634093265775,0.21489365471513577
0.2029551183420727,0.477541454922524,,0.45366438217639776,,0.21489365471513577,0.10744682735756789,0.023877072746126198
0.07163121823837859,0.6446809641454073,,0.41784877305720847,,0.2626478002073882,2.1966906926436103,0.0596926818653155
0.9908985189642372,0.14326243647675718,,0.047754145492252396,,0.2984634093265775,1.3729316829022564,0.047754145492252396
1.5520097284982028,0.1552009728498203,,0.047754145492252396,,0.07163121823837859,0.14326243647675718,0.3104019456996406
0.3700946275649561,0.023877072746126198,,6.184161841246685,,0.023877072746126198,0.3462175548188299,0.047754145492252396
0.0835697546114417,0.9073287643527955,,0.2626478002073882,,0.42978730943027155,0.6208038913992812,0.8118204733682908
0.10744682735756789,0.023877072746126198,,3.2353433571001,,0.14326243647675718,0.07163121823837859,0.5491726731609026
0.023877072746126198,0.023877072746126198,,0.1552009728498203,,0.84763608248748,0.39397170031108225,0.1313239001036941
0.047754145492252396,0.38203316393801917,,0.09550829098450479,,0.2626478002073882,0.477541454922524,1.5400711921251398
0.19101658196900959,0.32234048207270366,,0.25070926383432507,,0.21489365471513577,2.2325063017627995,0.07163121823837859
0.0835697546114417,1.9459814288092852,,0.023877072746126198,,0.10744682735756789,2.507092638343251,1.3132390010369408
0.047754145492252396,0.22683219108819888,,4.154610657825958,,0.3104019456996406,0.25070926383432507,2.507092638343251
0.2029551183420727,0.4059102366841454,,0.023877072746126198,,0.023877072746126198,0.42978730943027155,0.4059102366841454
0.3104019456996406,0.023877072746126198,,0.0835697546114417,,0.5849882822800918,0.1552009728498203,0.1313239001036941
0.10744682735756789,0.10744682735756789,,0.1313239001036941,,0.035815609119189296,1.1460994918140575,0.7521277915029753
0.1552009728498203,0.07163121823837859,,1.814657528705591,,0.035815609119189296,1.575886801244329,0.023877072746126198
0.035815609119189296,0.17907804559594648,,0.9431443734719849,,0.2626478002073882,0.5730497459070287,0.023877072746126198
0.119385363730631,0.3104019456996406,,0.38203316393801917,,0.35815609119189296,83.09221315651916,0.09550829098450479
0.10744682735756789,0.21489365471513577,,0.25070926383432507,,0.035815609119189296,0.9192673007258586,1.6355794831096446
0.0596926818653155,1.1580380281871205,,0.09550829098450479,,0.38203316393801917,0.7043736460107228,0.32234048207270366
0.19101658196900959,0.0835697546114417,,0.10744682735756789,,0.023877072746126198,0.4059102366841454,0.07163121823837859
0.8118204733682908,3.0562653115041534,,0.119385363730631,,0.1313239001036941,0.1552009728498203,2.554846783835503
0.07163121823837859,0.047754145492252396,,0.45366438217639776,,0.047754145492252396,12.332508073374182,0.3462175548188299
0.1552009728498203,0.46560291854946084,,0.0596926818653155,,0.0596926818653155,0.19101658196900959,0.9431443734719849
0.22683219108819888,0.047754145492252396,,10.637235908399221,,0.3342790184457668,1.3490546101561303,1.062529737202616
0.14326243647675718,3.6770692029034344,,0.22683219108819888,,0.023877072746126198,0.2745863365804513,0.023877072746126198
0.1552009728498203,0.42978730943027155,,0.19101658196900959,,4.787353085598303,0.7521277915029753,0.6446809641454073
0.2626478002073882,0.728250718756849,,3.402482866322983,,0.1671395092228834,0.19101658196900959,1.2893619282908146
1.2177307100524362,1.790780455959465,,3.975532612230012,,0.14326243647675718,0.5730497459070287,0.0596926818653155
0.035815609119189296,2.9368799477735226,,0.2626478002073882,,0.32234048207270366,0.3104019456996406,0.047754145492252396
0.41784877305720847,0.5611112095339656,,0.0835697546114417,,0.0596926818653155,0.3342790184457668,4.954492594821186
0.2029551183420727,2.9249414114004595,,0.238770727461262,,0.8834516916066694,1.0505912008295528,0.46560291854946084
0.07163121823837859,0.035815609119189296,,0.45366438217639776,,0.07163121823837859,0.5849882822800918,2.065366792539916
0.2745863365804513,2.2086292290166734,,0.1671395092228834,,0.047754145492252396,1.8982272833170328,0.10744682735756789
0.0835697546114417,10.613358835653095,,0.25070926383432507,,0.1313239001036941,0.0596926818653155,0.6924351096376598
0.035815609119189296,4.142672121452895,,0.22683219108819888,,0.2984634093265775,1.0028370553373003,0.8356975461144169
0.09550829098450479,0.7760048642491014,,0.17907804559594648,,0.09550829098450479,0.047754145492252396,0.0596926818653155
0.023877072746126198,0.047754145492252396,,1.5997638739904554,,0.0835697546114417,0.047754145492252396,0.35815609119189296
2.5906623929546924,0.35815609119189296,,0.477541454922524,,0.07163121823837859,1.6236409467365815,0.14326243647675718
0.09550829098450479,0.0835697546114417,,0.023877072746126198,,0.07163121823837859,0.023877072746126198,0.9431443734719849
0.28652487295351436,0.14326243647675718,,3.020449702384964,,0.14326243647675718,0.3104019456996406,0.1671395092228834
0.0835697546114417,0.1313239001036941,,1.6117024103635185,,0.238770727461262,0.8834516916066694,1.2654848555446885
0.047754145492252396,0.1313239001036941,,1.5997638739904554,,0.14326243647675718,1.3848702192753195,0.7879434006221645
0.023877072746126198,0.047754145492252396,,0.023877072746126198,,0.17907804559594648,0.4059102366841454,1.074468273575679
0.0596926818653155,0.0835697546114417,,9.610521780315795,,0.1552009728498203,0.023877072746126198,0.023877072746126198
0.047754145492252396,0.5491726731609026,,5.957329650158487,,0.38203316393801917,1.5520097284982028,0.047754145492252396
0.19101658196900959,4.190426266945148,,1.1222224190679313,,0.14326243647675718,0.14326243647675718,1.086406809948742
0.25070926383432507,0.035815609119189296,,1.3729316829022564,,0.0835697546114417,0.0835697546114417,2.2086292290166734
0.023877072746126198,0.5133570640417132,,4.823168694717492,,0.8118204733682908,0.047754145492252396,0.32234048207270366
0.0596926818653155,0.023877072746126198,,0.6446809641454073,,0.17907804559594648,0.0835697546114417,1.6117024103635185
0.5133570640417132,0.48947999129558706,,1.6236409467365815,,0.035815609119189296,0.6446809641454073,1.3371160737830672
9.109103252647145,0.07163121823837859,,0.07163121823837859,,0.035815609119189296,0.0596926818653155,0.25070926383432507
10.386526644564896,0.07163121823837859,,0.0835697546114417,,0.32234048207270366,0.46560291854946084,2.160875083524421
0.2029551183420727,0.1552009728498203,,0.023877072746126198,,0.477541454922524,0.32234048207270366,0.5133570640417132
5.288771613266953,0.2029551183420727,,0.0596926818653155,,1.3013004646638777,1.19385363730631,1.0505912008295528
0.48947999129558706,0.10744682735756789,,4.08297943958758,,0.14326243647675718,1.3848702192753195,0.3342790184457668
0.21489365471513577,0.48947999129558706,,2.2683219108819888,,0.42978730943027155,0.6088653550262181,0.9908985189642372
0.023877072746126198,0.035815609119189296,,0.1671395092228834,,0.5252956004147764,0.22683219108819888,0.45366438217639776
0.023877072746126198,0.023877072746126198,,1.4923170466328874,,0.4059102366841454,0.035815609119189296,0.0596926818653155
0.035815609119189296,0.32234048207270366,,0.5730497459070287,,0.596926818653155,0.119385363730631,0.6804965732645967
0.023877072746126198,0.3700946275649561,,1.5281326557520767,,0.119385363730631,1.1341609554409944,0.6446809641454073
0.07163121823837859,0.023877072746126198,,9.28818129824309,,0.10744682735756789,0.728250718756849,0.035815609119189296
0.45366438217639776,0.119385363730631,,0.1671395092228834,,0.19101658196900959,8.51217643399399,0.9789599825911741
0.32234048207270366,0.1671395092228834,,0.8595746188605431,,0.7043736460107228,0.41784877305720847,0.4417258458033347
0.7163121823837859,0.22683219108819888,,0.32234048207270366,,0.2984634093265775,0.6088653550262181,0.6924351096376598
0.8834516916066694,0.10744682735756789,,0.25070926383432507,,0.0596926818653155,1.19385363730631,0.2984634093265775
0.28652487295351436,0.023877072746126198,,0.25070926383432507,,0.09550829098450479,0.07163121823837859,0.0596926818653155
0.14326243647675718,0.6924351096376598,,0.10744682735756789,,0.3462175548188299,0.023877072746126198,0.023877072746126198
3.0920809206233426,0.2984634093265775,,0.3700946275649561,,0.238770727461262,0.07163121823837859,0.6208038913992812
0.047754145492252396,1.707210701348023,,0.023877072746126198,,,0.023877072746126198,0.2984634093265775
0.7163121823837859,1.19385363730631,,1.5281326557520767,,,1.6117024103635185,0.6088653550262181
1.062529737202616,0.46560291854946084,,0.8834516916066694,,,0.45366438217639776,0.3462175548188299
,0.238770727461262,,0.10744682735756789,,,1.9937355743015375,0.5491726731609026
,0.477541454922524,,0.46560291854946084,,,0.17907804559594648,0.238770727461262
,0.047754145492252396,,0.1552009728498203,,,0.21489365471513577,0.119385363730631
,0.119385363730631,,0.3462175548188299,,,1.2177307100524362,0.09550829098450479
,0.047754145492252396,,0.09550829098450479,,,0.10744682735756789,0.21489365471513577
,0.5849882822800918,,0.45366438217639776,,,0.023877072746126198,2.4354614201048723
,0.38203316393801917,,0.035815609119189296,,,0.3462175548188299,0.10744682735756789
,0.2984634093265775,,0.035815609119189296,,,2.328014592747304,0.023877072746126198
,0.6924351096376598,,0.10744682735756789,,,6.172223304873622,0.19101658196900959
,0.2029551183420727,,1.9698585015554113,,,4.297873094302716,0.1671395092228834
,0.17907804559594648,,16.534872876692393,,,0.09550829098450479,3.5338067664266775
,0.4059102366841454,,2.650355074820008,,,64.86206811485182,1.1102838826948682
,0.14326243647675718,,0.32234048207270366,,,0.2745863365804513,0.047754145492252396
,1.8504731378247803,,8.404729606636423,,,0.32234048207270366,0.0596926818653155
,0.1313239001036941,,0.7879434006221645,,,1.3968087556483826,0.3700946275649561
,0.0835697546114417,,0.047754145492252396,,,8.034634979071466,0.0596926818653155
,0.1313239001036941,,0.035815609119189296,,,0.4059102366841454,0.119385363730631
,1.062529737202616,,1.9817970379284744,,,0.1552009728498203,0.21489365471513577
,8.85839398881282,,0.17907804559594648,,,0.023877072746126198,0.119385363730631
,1.1102838826948682,,0.5611112095339656,,,0.023877072746126198,0.0596926818653155
,0.19101658196900959,,0.25070926383432507,,,0.023877072746126198,13.75319390176869
,3.6651306665303713,,0.46560291854946084,,,0.7760048642491014,0.32234048207270366
,3.032388238758027,,0.596926818653155,,,0.19101658196900959,0.25070926383432507
,0.14326243647675718,,0.3342790184457668,,,1.0505912008295528,0.7760048642491014
,0.035815609119189296,,0.023877072746126198,,,3.247281893473163,0.22683219108819888
,0.1671395092228834,,0.5849882822800918,,,0.035815609119189296,1.4206858283945087
,0.023877072746126198,,0.035815609119189296,,,0.32234048207270366,0.10744682735756789
,0.21489365471513577,,0.22683219108819888,,,2.1966906926436103,0.1552009728498203
,0.023877072746126198,,0.9312058370989217,,,0.4059102366841454,1.3013004646638777
,0.023877072746126198,,0.1313239001036941,,,0.17907804559594648,0.596926818653155
,0.22683219108819888,,0.0835697546114417,,,0.17907804559594648,0.6446809641454073
,1.7191492377210862,,0.09550829098450479,,,0.0835697546114417,0.1671395092228834
,0.119385363730631,,105.54860007425086,,,0.023877072746126198,0.047754145492252396
,0.047754145492252396,,0.22683219108819888,,,1.0147755917103634,0.1313239001036941
,0.2626478002073882,,0.047754145492252396,,,0.1552009728498203,0.8118204733682908
,0.3462175548188299,,1.3371160737830672,,,0.035815609119189296,4.632152112748482
,0.023877072746126198,,0.023877072746126198,,,0.2029551183420727,0.6088653550262181
,0.22683219108819888,,0.023877072746126198,,,0.07163121823837859,0.10744682735756789
,0.22683219108819888,,1.0267141280834264,,,0.047754145492252396,4.548582358137041
,0.0596926818653155,,0.7640663278760383,,,0.2029551183420727,0.09550829098450479
,0.19101658196900959,,0.023877072746126198,,,0.023877072746126198,0.5730497459070287
,0.41784877305720847,,6.303547204977316,,,1.5400711921251398,0.8953902279797324
,0.19101658196900959,,2.566785320208566,,,0.7521277915029753,0.07163121823837859
,0.10744682735756789,,0.46560291854946084,,,0.17907804559594648,0.035815609119189296
,0.2626478002073882,,1.7191492377210862,,,0.5372341367878395,2.6742321475661344
,0.023877072746126198,,0.035815609119189296,,,0.6327424277723442,5.479788195235963
,0.07163121823837859,,0.17907804559594648,,,0.2029551183420727,0.238770727461262
,0.047754145492252396,,0.0596926818653155,,,0.07163121823837859,0.967021446218111
,0.035815609119189296,,0.023877072746126198,,,0.41784877305720847,0.023877072746126198
,8.989717888916514,,0.6446809641454073,,,0.047754145492252396,0.023877072746126198
,0.728250718756849,,0.035815609119189296,,,0.035815609119189296,0.2029551183420727
,0.0835697546114417,,0.10744682735756789,,,0.22683219108819888,1.181915100933247
,0.023877072746126198,,0.035815609119189296,,,0.035815609119189296,0.023877072746126198
,2.2205677653897364,,0.023877072746126198,,,0.7401892551299122,0.047754145492252396
,0.7521277915029753,,0.0596926818653155,,,0.1671395092228834,0.09550829098450479
,0.023877072746126198,,0.10744682735756789,,,0.1552009728498203,0.5372341367878395
,0.7043736460107228,,1.4206858283945087,,,1.0028370553373003,0.22683219108819888
,7.055674996480292,,0.4059102366841454,,,0.023877072746126198,0.8715131552336063
,0.39397170031108225,,0.3104019456996406,,,0.238770727461262,0.14326243647675718
,0.023877072746126198,,0.3700946275649561,,,0.035815609119189296,0.1313239001036941
,0.023877072746126198,,0.5730497459070287,,,0.09550829098450479,0.9789599825911741
,0.5252956004147764,,0.17907804559594648,,,0.09550829098450479,0.035815609119189296
,0.0835697546114417,,0.17907804559594648,,,0.10744682735756789,0.023877072746126198
,0.1313239001036941,,0.2029551183420727,,,1.2774233919177516,0.46560291854946084
,0.047754145492252396,,0.21489365471513577,,,0.10744682735756789,0.047754145492252396
,0.047754145492252396,,0.2029551183420727,,,10.911822244979673,1.8624116741978434
,0.9192673007258586,,0.0835697546114417,,,0.023877072746126198,1.3013004646638777
,0.047754145492252396,,0.1313239001036941,,,0.5252956004147764,2.2444448381358626
,1.0386526644564895,,0.1313239001036941,,,0.10744682735756789,2.363830201866494
,13.430853419695987,,0.7401892551299122,,,0.035815609119189296,1.6475180194827077
,0.2626478002073882,,0.047754145492252396,,,0.119385363730631,0.023877072746126198
,10.326833962699581,,0.035815609119189296,,,11.234162727052377,0.7640663278760383
,0.3700946275649561,,1.2893619282908146,,,0.21489365471513577,0.023877072746126198
,0.2029551183420727,,0.22683219108819888,,,0.14326243647675718,0.14326243647675718
,0.8356975461144169,,0.10744682735756789,,,0.25070926383432507,0.07163121823837859
,0.9431443734719849,,0.119385363730631,,,0.5730497459070287,0.21489365471513577
,0.119385363730631,,0.6088653550262181,,,0.1552009728498203,0.047754145492252396
,0.023877072746126198,,1.0147755917103634,,,0.047754145492252396,0.35815609119189296
,0.035815609119189296,,0.21489365471513577,,,0.023877072746126198,0.023877072746126198
,0.023877072746126198,,0.0596926818653155,,,0.047754145492252396,0.21489365471513577
,0.023877072746126198,,0.07163121823837859,,,0.1313239001036941,0.07163121823837859
,0.047754145492252396,,0.035815609119189296,,,19.316551851616094,0.035815609119189296
,0.2029551183420727,,0.1671395092228834,,,1.2893619282908146,0.119385363730631
,1.3490546101561303,,0.28652487295351436,,,0.10744682735756789,0.46560291854946084
,0.6804965732645967,,2.38770727461262,,,0.0835697546114417,1.0386526644564895
,0.035815609119189296,,1.181915100933247,,,0.023877072746126198,0.119385363730631
,0.32234048207270366,,2.7339248294314498,,,1.8982272833170328,3.9158399303646965
,0.1671395092228834,,0.023877072746126198,,,0.023877072746126198,0.023877072746126198
,0.047754145492252396,,0.035815609119189296,,,1.9579199651823482,0.047754145492252396
,0.8118204733682908,,0.10744682735756789,,,0.4059102366841454,0.023877072746126198
,0.0835697546114417,,0.035815609119189296,,,0.09550829098450479,2.781678974923702
,1.575886801244329,,1.3013004646638777,,,8.834516916066693,0.7043736460107228
,2.280260447255052,,0.38203316393801917,,,0.035815609119189296,1.1699765645601836
,0.09550829098450479,,5.1455091767901955,,,11.353548090783008,0.9908985189642372
,0.035815609119189296,,0.22683219108819888,,,0.023877072746126198,1.5042555830059505
,0.0835697546114417,,1.074468273575679,,,0.19101658196900959,3.0443267751310903
,0.035815609119189296,,1.9459814288092852,,,0.09550829098450479,2.769740438550639
,0.17907804559594648,,0.10744682735756789,,,0.4059102366841454,0.023877072746126198
,0.35815609119189296,,0.22683219108819888,,,0.023877072746126198,0.46560291854946084
,0.047754145492252396,,1.4803785102598244,,,0.39397170031108225,1.0983453463218051
,1.814657528705591,,0.596926818653155,,,0.023877072746126198,0.8356975461144169
,1.5161941193790136,,7.401892551299121,,,0.17907804559594648,4.118795048706769
,0.0596926818653155,,0.1313239001036941,,,0.047754145492252396,0.32234048207270366
,0.4059102366841454,,0.023877072746126198,,,0.1671395092228834,1.0983453463218051
,0.023877072746126198,,0.3700946275649561,,,0.023877072746126198,0.238770727461262
,0.047754145492252396,,0.5491726731609026,,,0.32234048207270366,0.1671395092228834
,2.316076056374241,,0.0835697546114417,,,0.477541454922524,0.023877072746126198
,0.1313239001036941,,1.205792173679373,,,0.22683219108819888,0.0596926818653155
,0.48947999129558706,,0.047754145492252396,,,0.047754145492252396,0.047754145492252396
,0.5849882822800918,,0.21489365471513577,,,0.09550829098450479,0.14326243647675718
,0.0835697546114417,,0.6208038913992812,,,0.09550829098450479,0.023877072746126198
,0.7401892551299122,,0.09550829098450479,,,0.2626478002073882,0.1313239001036941
,0.22683219108819888,,1.1222224190679313,,,0.035815609119189296,0.07163121823837859
,0.3104019456996406,,0.39397170031108225,,,0.3104019456996406,1.6594565558557708
,0.6327424277723442,,0.035815609119189296,,,0.25070926383432507,0.17907804559594648
,0.1313239001036941,,0.047754145492252396,,,0.48947999129558706,0.023877072746126198
,0.45366438217639776,,0.22683219108819888,,,0.4417258458033347,0.6327424277723442
,2.077305328912979,,0.8595746188605431,,,0.1671395092228834,1.0983453463218051
,0.6685580368915336,,0.39397170031108225,,,0.41784877305720847,0.6327424277723442
,0.9789599825911741,,0.7043736460107228,,,0.4417258458033347,1.1222224190679313
,0.8715131552336063,,0.3104019456996406,,,0.7043736460107228,0.10744682735756789
,0.38203316393801917,,1.086406809948742,,,0.5849882822800918,0.035815609119189296
,0.047754145492252396,,0.0596926818653155,,,0.17907804559594648,0.5252956004147764
,4.214303339691274,,0.2984634093265775,,,0.023877072746126198,3.5338067664266775
,0.2029551183420727,,0.4417258458033347,,,0.1671395092228834,0.2626478002073882
,0.2745863365804513,,0.1552009728498203,,,0.35815609119189296,1.5520097284982028
,0.5252956004147764,,0.035815609119189296,,,0.1313239001036941,0.035815609119189296
,0.3104019456996406,,0.047754145492252396,,,0.6566195005184704,1.563948264871266
,0.6088653550262181,,0.4059102366841454,,,11.986290518555352,1.3371160737830672
,0.22683219108819888,,12.893619282908148,,,0.5849882822800918,0.07163121823837859
,0.1552009728498203,,12.141491491405171,,,0.07163121823837859,0.023877072746126198
,0.023877072746126198,,0.09550829098450479,,,4.130733585079832,0.6685580368915336
,0.42978730943027155,,0.48947999129558706,,,0.0596926818653155,0.6566195005184704
,0.28652487295351436,,0.21489365471513577,,,0.5849882822800918,2.2444448381358626
,0.2745863365804513,,0.4059102366841454,,,0.25070926383432507,1.1102838826948682
,2.984634093265775,,0.6566195005184704,,,0.023877072746126198,0.28652487295351436
,0.047754145492252396,,0.8237590097413539,,,0.07163121823837859,0.8715131552336063
,0.32234048207270366,,0.25070926383432507,,,1.456501437513698,0.22683219108819888
,1.0147755917103634,,0.3104019456996406,,,0.5491726731609026,0.5014185276686501
,0.2745863365804513,,0.19101658196900959,,,2.1966906926436103,2.172813619897484
,0.023877072746126198,,0.2029551183420727,,,0.3462175548188299,0.047754145492252396
,1.3968087556483826,,0.07163121823837859,,,1.3729316829022564,1.3013004646638777
,1.2416077827985623,,0.035815609119189296,,,0.0835697546114417,0.07163121823837859
,1.7669033832133387,,1.790780455959465,,,0.10744682735756789,0.2029551183420727
,2.4354614201048723,,6.2199774503658745,,,1.8504731378247803,0.19101658196900959
,0.3700946275649561,,0.14326243647675718,,,0.023877072746126198,1.2535463191716254
,0.5849882822800918,,0.023877072746126198,,,0.023877072746126198,7.521277915029753
,1.0147755917103634,,0.8834516916066694,,,0.21489365471513577,0.5491726731609026
,0.728250718756849,,0.21489365471513577,,,0.047754145492252396,0.10744682735756789
,0.35815609119189296,,0.5611112095339656,,,0.023877072746126198,1.3848702192753195
,0.0835697546114417,,0.477541454922524,,,0.035815609119189296,0.5133570640417132
,,,0.42978730943027155,,,0.023877072746126198,0.035815609119189296
,,,0.28652487295351436,,,0.023877072746126198,0.0596926818653155
,,,0.6924351096376598,,,0.22683219108819888,0.023877072746126198
,,,0.2745863365804513,,,3.3427901844576677,0.5491726731609026
,,,0.0835697546114417,,,0.035815609119189296,0.19101658196900959
,,,0.0835697546114417,,,0.25070926383432507,0.19101658196900959
,,,0.1552009728498203,,,0.14326243647675718,0.047754145492252396
,,,0.3342790184457668,,,0.119385363730631,0.0835697546114417
,,,0.596926818653155,,,1.790780455959465,5.861821359173982
,,,4.954492594821186,,,1.802718992332528,0.3104019456996406
,,,0.41784877305720847,,,0.238770727461262,0.0835697546114417
,,,0.28652487295351436,,,0.19101658196900959,5.981206722904613
,,,0.477541454922524,,,0.5849882822800918,2.88912580228127
,,,0.4059102366841454,,,0.14326243647675718,6.422932568707948
,,,0.22683219108819888,,,0.047754145492252396,0.8834516916066694
,,,0.2626478002073882,,,0.1671395092228834,5.563357949847404
,,,0.8356975461144169,,,0.09550829098450479,0.0596926818653155
,,,0.7043736460107228,,,14.708276811613738,0.023877072746126198
,,,3.3069745753384785,,,0.07163121823837859,0.46560291854946084
,,,4.858984303836682,,,0.09550829098450479,3.3189131117115416
,,,10.100001771611382,,,3.9158399303646965,1.181915100933247
,,,0.035815609119189296,,,0.1313239001036941,0.2029551183420727
,,,2.7219862930583867,,,1.1460994918140575,1.7788419195864018
,,,1.587825337617392,,,0.047754145492252396,0.22683219108819888
,,,0.19101658196900959,,,0.3700946275649561,0.5252956004147764
,,,0.0835697546114417,,,0.023877072746126198,1.0028370553373003
,,,1.7549648468402756,,,0.2745863365804513,0.967021446218111
,,,0.3104019456996406,,,0.6446809641454073,0.238770727461262
,,,16.29610214923113,,,5.515603804355152,0.07163121823837859
,,,0.023877072746126198,,,0.5372341367878395,0.17907804559594648
,,,0.14326243647675718,,,0.7043736460107228,0.46560291854946084
,,,0.035815609119189296,,,0.238770727461262,0.023877072746126198
,,,0.047754145492252396,,,0.1671395092228834,0.21489365471513577
,,,0.023877072746126198,,,0.047754145492252396,0.32234048207270366
,,,0.10744682735756789,,,0.2029551183420727,0.19101658196900959
,,,1.5042555830059505,,,0.2745863365804513,0.1313239001036941
,,,0.7640663278760383,,,0.0835697546114417,1.1580380281871205
,,,0.238770727461262,,,0.38203316393801917,1.575886801244329
,,,,,,0.14326243647675718,0.38203316393801917
,,,,,,0.119385363730631,2.077305328912979
,,,,,,0.17907804559594648,0.17907804559594648
,,,,,,0.45366438217639776,0.2984634093265775
,,,,,,0.119385363730631,0.5252956004147764
,,,,,,0.6208038913992812,0.023877072746126198
,,,,,,0.35815609119189296,0.4417258458033347
,,,,,,0.4059102366841454,0.1313239001036941
,,,,,,0.6208038913992812,0.4059102366841454
,,,,,,1.563948264871266,0.7521277915029753
,,,,,,0.07163121823837859,0.38203316393801917
,,,,,,1.19385363730631,0.6446809641454073
,,,,,,0.047754145492252396,0.5730497459070287
,,,,,,0.047754145492252396,0.5730497459070287
,,,,,,11.186408581560125,0.1671395092228834
,,,,,,0.023877072746126198,0.09550829098450479
,,,,,,3.1159579933694688,0.09550829098450479
,,,,,,0.2626478002073882,1.5042555830059505
,,,,,,0.25070926383432507,4.799291621971366
,,,,,,0.238770727461262,0.25070926383432507
,,,,,,0.728250718756849,0.0596926818653155
,,,,,,0.1671395092228834,8.583807652232368
,,,,,,0.9312058370989217,2.793617511296765
,,,,,,0.38203316393801917,0.119385363730631
,,,,,,2.053428256166853,0.0596926818653155
,,,,,,0.3462175548188299,0.39397170031108225
,,,,,,0.023877072746126198,0.41784877305720847
,,,,,,2.6264780020738816,0.1313239001036941
,,,,,,0.09550829098450479,0.8715131552336063
,,,,,,1.062529737202616,0.07163121823837859
,,,,,,0.19101658196900959,0.3342790184457668
,,,,,,4.882861376582808,0.25070926383432507
,,,,,,0.2626478002073882,0.6327424277723442
,,,,,,0.6208038913992812,1.0983453463218051
,,,,,,0.07163121823837859,25.524590765608906
,,,,,,0.21489365471513577,1.9817970379284744
,,,,,,3.9277784667377595,0.28652487295351436
,,,,,,0.46560291854946084,0.023877072746126198
,,,,,,0.023877072746126198,1.69527216497496
,,,,,,1.6236409467365815,0.035815609119189296
,,,,,,0.035815609119189296,0.1313239001036941
,,,,,,0.22683219108819888,14.469506084152476
,,,,,,3.5338067664266775,19.10165819690096
,,,,,,1.3132390010369408,0.596926818653155
,,,,,,0.07163121823837859,0.1313239001036941
,,,,,,0.238770727461262,0.035815609119189296
,,,,,,11.568441745498143,0.0835697546114417
,,,,,,0.0596926818653155,0.023877072746126198
,,,,,,1.3132390010369408,1.2774233919177516
,,,,,,2.5787238565816293,0.035815609119189296
,,,,,,1.9698585015554113,0.07163121823837859
,,,,,,0.047754145492252396,0.238770727461262
,,,,,,0.6208038913992812,0.1313239001036941
,,,,,,0.5611112095339656,0.07163121823837859
,,,,,,0.2029551183420727,0.047754145492252396
,,,,,,0.0596926818653155,1.707210701348023
,,,,,,0.8715131552336063,0.023877072746126198
,,,,,,0.7521277915029753,0.047754145492252396
,,,,,,0.035815609119189296,4.727660403732988
,,,,,,0.19101658196900959,2.8771872659082067
,,,,,,0.2029551183420727,1.4923170466328874
,,,,,,2.88912580228127,3.5218682300536144
,,,,,,0.0596926818653155,0.3462175548188299
,,,,,,1.6117024103635185,18.277899187159605
,,,,,,1.6713950922288339,3.8083931030071287
,,,,,,0.14326243647675718,5.873759895547045
,,,,,,0.6088653550262181,0.7401892551299122
,,,,,,0.1313239001036941,31.183457006440815
,,,,,,0.7521277915029753,0.22683219108819888
,,,,,,0.5014185276686501,0.3700946275649561
,,,,,,0.7401892551299122,0.023877072746126198
,,,,,,0.1552009728498203,0.035815609119189296
,,,,,,0.4417258458033347,0.7521277915029753
,,,,,,0.1671395092228834,0.25070926383432507
,,,,,,0.119385363730631,6.184161841246685
,,,,,,0.1552009728498203,4.5366438217639775
,,,,,,0.035815609119189296,0.023877072746126198
,,,,,,0.0596926818653155,0.035815609119189296
,,,,,,0.1552009728498203,1.5281326557520767
,,,,,,0.0835697546114417,1.1341609554409944
,,,,,,0.10744682735756789,1.587825337617392
,,,,,,0.48947999129558706,6.434871105081011
,,,,,,1.7191492377210862,1.086406809948742
,,,,,,0.023877072746126198,0.39397170031108225
,,,,,,1.2893619282908146,0.5252956004147764
,,,,,,0.119385363730631,0.5611112095339656
,,,,,,0.10744682735756789,1.3013004646638777
,,,,,,0.21489365471513577,0.3342790184457668
,,,,,,0.3342790184457668,0.1671395092228834
,,,,,,0.07163121823837859,0.32234048207270366
,,,,,,0.967021446218111,2.363830201866494
,,,,,,0.3104019456996406,5.061939422178754
,,,,,,1.181915100933247,0.14326243647675718
,,,,,,2.3399531291203672,1.814657528705591
,,,,,,0.0596926818653155,0.023877072746126198
,,,,,,0.2029551183420727,0.1313239001036941
,,,,,,0.0596926818653155,0.477541454922524
,,,,,,1.3371160737830672,0.41784877305720847
,,,,,,0.035815609119189296,0.2984634093265775
,,,,,,2.650355074820008,0.035815609119189296
,,,,,,0.047754145492252396,6.136407695754433
,,,,,,0.17907804559594648,0.023877072746126198
,,,,,,0.047754145492252396,0.2984634093265775
,,,,,,0.1671395092228834,0.3104019456996406
,,,,,,0.1313239001036941,0.39397170031108225
,,,,,,0.047754145492252396,0.28652487295351436
,,,,,,0.21489365471513577,0.2984634093265775
,,,,,,0.10744682735756789,0.0596926818653155
,,,,,,0.3462175548188299,0.5014185276686501
,,,,,,0.19101658196900959,0.035815609119189296
,,,,,,0.023877072746126198,1.5997638739904554
,,,,,,1.0028370553373003,0.0835697546114417
,,,,,,0.6327424277723442,1.2416077827985623
,,,,,,2.8771872659082067,8.177897415548223
,,,,,,4.285934557929653,0.09550829098450479
,,,,,,1.2177307100524362,2.7339248294314498
,,,,,,0.07163121823837859,4.811230158344429
,,,,,,0.2029551183420727,2.280260447255052
,,,,,,0.4417258458033347,1.4087472920214457
,,,,,,0.035815609119189296,1.922104356063159
,,,,,,0.023877072746126198,0.7760048642491014
,,,,,,0.10744682735756789,7.939126688086961
,,,,,,2.5906623929546924,0.39397170031108225
,,,,,,0.19101658196900959,1.0386526644564895
,,,,,,0.035815609119189296,0.1313239001036941
,,,,,,0.023877072746126198,0.9312058370989217
,,,,,,0.3342790184457668,1.5997638739904554
,,,,,,0.047754145492252396,10.911822244979673
,,,,,,1.2654848555446885,1.4803785102598244
,,,,,,2.4832155655971246,0.2984634093265775
,,,,,,0.9789599825911741,2.554846783835503
,,,,,,0.047754145492252396,0.07163121823837859
,,,,,,0.09550829098450479,2.0295511834207267
,,,,,,1.6594565558557708,1.181915100933247
,,,,,,1.2535463191716254,2.54290824746244
,,,,,,0.0596926818653155,0.19101658196900959
,,,,,,0.9192673007258586,1.4206858283945087
,,,,,,0.6804965732645967,0.2984634093265775
,,,,,,7.1511832874647965,8.154020342802097
,,,,,,0.1671395092228834,0.1313239001036941
,,,,,,0.035815609119189296,1.8265960650786541
,,,,,,0.023877072746126198,0.047754145492252396
,,,,,,0.4417258458033347,0.9312058370989217
,,,,,,0.1313239001036941,0.21489365471513577
,,,,,,0.7043736460107228,0.5849882822800918
,,,,,,0.023877072746126198,0.7163121823837859
,,,,,,0.0835697546114417,0.19101658196900959
,,,,,,1.325177537410004,0.09550829098450479
,,,,,,0.41784877305720847,0.035815609119189296
,,,,,,0.7163121823837859,1.3609931465291933
,,,,,,0.6804965732645967,0.5491726731609026
,,,,,,4.118795048706769,0.035815609119189296
,,,,,,0.2984634093265775,0.5730497459070287
,,,,,,0.023877072746126198,0.9431443734719849
,,,,,,0.047754145492252396,0.2745863365804513
,,,,,,0.023877072746126198,2.2086292290166734
,,,,,,2.04148971979379,1.325177537410004
,,,,,,0.023877072746126198,0.35815609119189296
,,,,,,0.7640663278760383,0.19101658196900959
,,,,,,0.035815609119189296,0.09550829098450479
,,,,,,0.0835697546114417,0.1671395092228834
,,,,,,0.1671395092228834,0.2626478002073882
,,,,,,6.112530623008307,0.25070926383432507
,,,,,,0.119385363730631,0.967021446218111
,,,,,,1.683333628601897,1.074468273575679
,,,,,,0.5849882822800918,0.023877072746126198
,,,,,,3.5099296936805513,0.6924351096376598
,,,,,,0.3462175548188299,0.047754145492252396
,,,,,,0.035815609119189296,0.023877072746126198
,,,,,,0.238770727461262,0.1671395092228834
,,,,,,0.5372341367878395,0.023877072746126198
,,,,,,0.9192673007258586,2.519031174716314
,,,,,,3.8083931030071287,0.0835697546114417
,,,,,,0.1313239001036941,1.3132390010369408
,,,,,,1.922104356063159,3.008511166011901
,,,,,,0.07163121823837859,0.2745863365804513
,,,,,,0.035815609119189296,1.7310877740941493
,,,,,,0.5133570640417132,0.4417258458033347
,,,,,,0.2029551183420727,0.023877072746126198
,,,,,,0.0596926818653155,0.07163121823837859
,,,,,,0.5491726731609026,0.0835697546114417
,,,,,,0.1671395092228834,0.9789599825911741
,,,,,,0.238770727461262,0.2745863365804513
,,,,,,0.035815609119189296,0.19101658196900959
,,,,,,0.9431443734719849,0.047754145492252396
,,,,,,0.1552009728498203,0.09550829098450479
,,,,,,0.28652487295351436,6.208038913992811
,,,,,,0.0835697546114417,0.0596926818653155
,,,,,,0.047754145492252396,1.1580380281871205
,,,,,,0.023877072746126198,0.3342790184457668
,,,,,,0.10744682735756789,0.047754145492252396
,,,,,,0.07163121823837859,0.3700946275649561
,,,,,,0.0835697546114417,0.3700946275649561
,,,,,,0.035815609119189296,0.023877072746126198
,,,,,,0.0835697546114417,0.596926818653155
,,,,,,0.39397170031108225,0.238770727461262
,,,,,,0.3342790184457668,1.1580380281871205
,,,,,,0.3462175548188299,0.023877072746126198
,,,,,,0.023877072746126198,0.14326243647675718
,,,,,,0.035815609119189296,2.3518916654934303
,,,,,,0.3462175548188299,6.387116959588758
,,,,,,0.1671395092228834,0.1313239001036941
,,,,,,0.035815609119189296,5.7543745318164135
,,,,,,0.2745863365804513,0.28652487295351436
,,,,,,0.45366438217639776,0.8356975461144169
,,,,,,0.0596926818653155,0.07163121823837859
,,,,,,0.2029551183420727,2.554846783835503
,,,,,,0.19101658196900959,0.0835697546114417
,,,,,,0.023877072746126198,0.21489365471513577
,,,,,,0.09550829098450479,0.5252956004147764
,,,,,,0.09550829098450479,1.074468273575679
,,,,,,0.07163121823837859,0.19101658196900959
,,,,,,0.32234048207270366,0.023877072746126198
,,,,,,0.3342790184457668,0.3462175548188299
,,,,,,0.0596926818653155,1.910165819690096
,,,,,,0.238770727461262,60.67164184790667
,,,,,,0.2029551183420727,0.1671395092228834
,,,,,,0.035815609119189296,1.6117024103635185
,,,,,,2.7339248294314498,0.047754145492252396
,,,,,,0.023877072746126198,2.328014592747304
,,,,,,0.238770727461262,1.0983453463218051
,,,,,,0.19101658196900959,7.533216451402816
,,,,,,0.45366438217639776,0.84763608248748
,,,,,,0.1313239001036941,0.6327424277723442
,,,,,,0.17907804559594648,0.39397170031108225
,,,,,,0.0596926818653155,0.8356975461144169
,,,,,,0.07163121823837859,3.7964545666340657
,,,,,,0.07163121823837859,0.4417258458033347
,,,,,,1.4803785102598244,0.38203316393801917
,,,,,,0.07163121823837859,14.803785102598242
,,,,,,2.2325063017627995,0.0596926818653155
,,,,,,0.023877072746126198,0.2984634093265775
,,,,,,0.07163121823837859,0.07163121823837859
,,,,,,0.32234048207270366,0.035815609119189296
,,,,,,0.0596926818653155,0.10744682735756789
,,,,,,0.07163121823837859,8.392791070263359
,,,,,,0.19101658196900959,0.10744682735756789
,,,,,,0.967021446218111,3.9277784667377595
,,,,,,1.0983453463218051,1.4923170466328874
,,,,,,0.1671395092228834,0.023877072746126198
,,,,,,1.0386526644564895,0.047754145492252396
,,,,,,0.28652487295351436,0.023877072746126198
,,,,,,0.28652487295351436,0.07163121823837859
,,,,,,0.2029551183420727,0.07163121823837859
,,,,,,0.3104019456996406,2.1966906926436103
,,,,,,0.035815609119189296,2.3518916654934303
,,,,,,0.035815609119189296,4.632152112748482
,,,,,,0.1671395092228834,2.363830201866494
,,,,,,0.0835697546114417,5.121632104044069
,,,,,,0.19101658196900959,0.023877072746126198
,,,,,,0.09550829098450479,0.07163121823837859
,,,,,,0.119385363730631,0.035815609119189296
,,,,,,0.035815609119189296,2.304137520001178
,,,,,,0.047754145492252396,0.0596926818653155
,,,,,,0.119385363730631,1.8504731378247803
,,,,,,0.0596926818653155,2.4235228837318092
,,,,,,0.07163121823837859,0.967021446218111
,,,,,,0.4417258458033347,2.0295511834207267
,,,,,,0.9312058370989217,2.6742321475661344
,,,,,,0.023877072746126198,0.3104019456996406
,,,,,,0.2745863365804513,0.14326243647675718
,,,,,,0.1671395092228834,0.1313239001036941
,,,,,,0.0596926818653155,0.9431443734719849
,,,,,,0.0835697546114417,10.326833962699581
,,,,,,0.38203316393801917,0.1552009728498203
,,,,,,0.1671395092228834,0.46560291854946084
,,,,,,4.811230158344429,0.0835697546114417
,,,,,,0.17907804559594648,0.035815609119189296
,,,,,,0.1313239001036941,2.2086292290166734
,,,,,,0.035815609119189296,2.5906623929546924
,,,,,,0.46560291854946084,0.955082909845048
,,,,,,0.41784877305720847,0.0596926818653155
,,,,,,0.2745863365804513,
,,,,,,0.728250718756849,
,,,,,,0.1671395092228834,
,,,,,,0.2029551183420727,
,,,,,,1.6117024103635185,
,,,,,,0.32234048207270366,
,,,,,,0.09550829098450479,
,,,,,,0.0596926818653155,
,,,,,,0.035815609119189296,
,,,,,,0.38203316393801917,
,,,,,,0.8118204733682908,
,,,,,,0.047754145492252396,
,,,,,,0.047754145492252396,
,,,,,,0.22683219108819888,
,,,,,,0.023877072746126198,
,,,,,,0.7043736460107228,
,,,,,,0.07163121823837859,
,,,,,,0.1313239001036941,
,,,,,,0.1671395092228834,
,,,,,,0.2029551183420727,
,,,,,,0.119385363730631,
,,,,,,0.023877072746126198,
,,,,,,0.21489365471513577,
,,,,,,0.0596926818653155,
,,,,,,0.596926818653155,
,,,,,,0.38203316393801917,
,,,,,,0.21489365471513577,
,,,,,,0.1313239001036941,
,,,,,,0.023877072746126198,
,,,,,,0.10744682735756789,
,,,,,,0.1313239001036941,
,,,,,,0.21489365471513577,
,,,,,,0.047754145492252396,
,,,,,,0.3104019456996406,
,,,,,,0.2626478002073882,
,,,,,,0.5611112095339656,
,,,,,,0.9789599825911741,
,,,,,,1.6117024103635185,
,,,,,,0.023877072746126198,
,,,,,,0.1313239001036941,
,,,,,,0.46560291854946084,
,,,,,,0.0596926818653155,
,,,,,,0.035815609119189296,
,,,,,,0.07163121823837859,
,,,,,,1.0505912008295528,
,,,,,,0.22683219108819888,
,,,,,,3.0682038478772165,
,,,,,,0.35815609119189296,
,,,,,,0.0835697546114417,
,,,,,,0.21489365471513577,
,,,,,,0.023877072746126198,
,,,,,,0.09550829098450479,
,,,,,,0.07163121823837859,
,,,,,,0.477541454922524,
,,,,,,0.2626478002073882,
,,,,,,0.8834516916066694,
,,,,,,0.238770727461262,
,,,,,,0.023877072746126198,
,,,,,,0.6446809641454073,
,,,,,,0.5133570640417132,
,,,,,,0.3462175548188299,
,,,,,,0.1313239001036941,
,,,,,,0.047754145492252396,
,,,,,,0.07163121823837859,
,,,,,,0.2745863365804513,
,,,,,,0.3104019456996406,
,,,,,,0.238770727461262,
,,,,,,0.39397170031108225,
,,,,,,0.047754145492252396,
,,,,,,1.074468273575679,
,,,,,,0.32234048207270366,
,,,,,,0.09550829098450479,
,,,,,,0.035815609119189296,
,,,,,,0.4059102366841454,
,,,,,,0.19101658196900959,
,,,,,,0.09550829098450479,
,,,,,,0.19101658196900959,
,,,,,,0.238770727461262,
,,,,,,0.21489365471513577,
,,,,,,0.2029551183420727,
,,,,,,0.21489365471513577,
,,,,,,0.1313239001036941,
,,,,,,0.047754145492252396,
,,,,,,0.047754145492252396,
,,,,,,0.035815609119189296,
,,,,,,0.10744682735756789,
,,,,,,0.023877072746126198,
,,,,,,0.035815609119189296,
,,,,,,0.0835697546114417,
,,,,,,0.1552009728498203,
,,,,,,0.023877072746126198,
,,,,,,0.955082909845048,
,,,,,,0.0596926818653155,
,,,,,,0.238770727461262,
,,,,,,0.119385363730631,
,,,,,,0.047754145492252396,
,,,,,,0.2626478002073882,
,,,,,,1.0147755917103634,
