Group,Image_Index,Region_ID,Unique_ID,Original_area_um2,Area_um2,Original_integrated_density_raw,Integrated_density_raw,Original_pixels,Area_pixels,Removed_background_pixels,Removed_other_component_pixels,Geometry_changed_1_yes,Mean_raw_intensity,Max_raw_intensity,X_pixel,Y_pixel
DOPC_chole_mRNA,1,1,0001_R0001,1.2177307100524362,1.2177307100524362,17102,17102,102,102,0,0,0,167.66666666666666,193,516.2941176470588,25
DOPC_chole_mRNA,1,2,0001_R0002,1.181915100933247,1.181915100933247,20685,20685,99,99,0,0,0,208.93939393939394,311,627.2929292929293,28.98989898989899
DOPC_chole_mRNA,1,3,0001_R0003,2.6981092203122605,2.6981092203122605,43740,43740,226,226,0,0,0,193.53982300884957,316,627.4734513274336,56.508849557522126
DOPC_chole_mRNA,1,4,0001_R0004,1.4684399738867613,1.4684399738867613,22458,22458,123,123,0,0,0,182.58536585365854,245,565.4065040650406,71.82926829268293
DOPC_chole_mRNA,1,5,0001_R0005,0.2984634093265775,0.2984634093265775,4350,4350,25,25,0,0,0,174,213,85.92,176.88
DOPC_chole_mRNA,1,6,0001_R0006,1.3490546101561303,1.3490546101561303,18300,18300,113,113,0,0,0,161.94690265486724,179,198.76991150442478,206.32743362831857
DOPC_chole_mRNA,1,7,0001_R0007,15.734990939697164,15.734990939697164,256791,256791,1318,1318,0,0,0,194.83383915022762,518,297.7040971168437,219.11153262518968
DOPC_chole_mRNA,1,8,0001_R0008,31.374473588409824,31.374473588409824,546678,546678,2628,2628,0,0,0,208.0205479452055,810,353.1598173515982,270.76179604261796
DOPC_chole_mRNA,1,9,0001_R0009,1.3132390010369408,1.3132390010369408,17719,17719,110,110,0,0,0,161.0818181818182,188,566.0727272727273,255.5090909090909
DOPC_chole_mRNA,1,10,0001_R0010,0.45366438217639776,0.45366438217639776,7139,7139,38,38,0,0,0,187.8684210526316,306,401.63157894736844,260.07894736842104
DOPC_chole_mRNA,1,11,0001_R0011,0.32234048207270366,0.32234048207270366,4245,4245,27,27,0,0,0,157.22222222222223,168,390.7037037037037,261.77777777777777
DOPC_chole_mRNA,1,12,0001_R0012,0.46560291854946084,0.46560291854946084,6438,6438,39,39,0,0,0,165.07692307692307,191,313.5128205128205,320.1025641025641
DOPC_chole_mRNA,1,13,0001_R0013,3.0562653115041534,3.0562653115041534,48320,48320,256,256,0,0,0,188.75,272,278.92578125,329.85546875
DOPC_chole_mRNA,1,14,0001_R0014,0.10744682735756789,0.10744682735756789,1385,1385,9,9,0,0,0,153.88888888888889,158,407,324
DOPC_chole_mRNA,1,15,0001_R0015,9.729907144046425,9.729907144046425,158654,158654,815,815,0,0,0,194.6674846625767,389,241.72515337423312,341.59018404907977
DOPC_chole_mRNA,1,16,0001_R0016,2.136998010778295,2.136998010778295,28271,28271,179,179,0,0,0,157.9385474860335,185,353.5418994413408,337.97206703910615
DOPC_chole_mRNA,1,17,0001_R0017,2.8055560476698282,2.8055560476698282,37882,37882,235,235,0,0,0,161.2,183,328.8127659574468,352.82978723404256
DOPC_chole_mRNA,1,18,0001_R0018,0.035815609119189296,0.035815609119189296,461,461,3,3,0,0,0,153.66666666666666,156,342.6666666666667,352
DOPC_chole_mRNA,1,19,0001_R0019,0.0596926818653155,0.0596926818653155,786,786,5,5,0,0,0,157.2,160,139.6,356.2
DOPC_chole_mRNA,1,20,0001_R0020,0.07163121823837859,0.07163121823837859,903,903,6,6,0,0,0,150.5,154,513.8333333333334,366
DOPC_chole_mRNA,1,21,0001_R0021,1.790780455959465,1.790780455959465,23106,23106,150,150,0,0,0,154.04,172,316.98,385.99333333333334
DOPC_chole_mRNA,1,22,0001_R0022,0.10744682735756789,0.10744682735756789,1391,1391,9,9,0,0,0,154.55555555555554,162,465.6666666666667,385.44444444444446
DOPC_chole_mRNA,1,23,0001_R0023,1.4923170466328874,1.4923170466328874,19601,19601,125,125,0,0,0,156.808,178,542.864,391.92
DOPC_chole_mRNA,1,24,0001_R0024,0.023877072746126198,0.023877072746126198,305,305,2,2,0,0,0,152.5,154,314,392.5
DOPC_chole_mRNA,1,25,0001_R0025,0.035815609119189296,0.035815609119189296,455,455,3,3,0,0,0,151.66666666666666,154,388.3333333333333,419.6666666666667
DOPC_chole_mRNA,1,26,0001_R0026,0.3104019456996406,0.3104019456996406,4034,4034,26,26,0,0,0,155.15384615384616,166,463.0769230769231,437.2307692307692
DOPC_chole_mRNA,1,27,0001_R0027,1.0028370553373003,1.0028370553373003,13668,13668,84,84,0,0,0,162.71428571428572,183,318.26190476190476,451.67857142857144
DOPC_chole_mRNA,1,28,0001_R0028,0.035815609119189296,0.035815609119189296,452,452,3,3,0,0,0,150.66666666666666,152,451.6666666666667,450.6666666666667
DOPC_chole_mRNA,1,29,0001_R0029,0.023877072746126198,0.023877072746126198,305,305,2,2,0,0,0,152.5,154,454.5,451
DOPC_chole_mRNA,1,30,0001_R0030,0.035815609119189296,0.035815609119189296,456,456,3,3,0,0,0,152,153,629,468
DOPC_chole_mRNA,1,31,0001_R0031,0.7043736460107228,0.7043736460107228,9022,9022,59,59,0,0,0,152.91525423728814,164,345.3898305084746,476.89830508474574
DOPC_chole_mRNA,1,32,0001_R0032,0.023877072746126198,0.023877072746126198,307,307,2,2,0,0,0,153.5,154,341.5,491.5
DOPC_chole_mRNA,1,33,0001_R0033,0.2984634093265775,0.2984634093265775,3871,3871,25,25,0,0,0,154.84,164,356.44,499.44
DOPC_chole_mRNA,1,34,0001_R0034,3.474114084561362,3.474114084561362,49038,49038,291,291,0,0,0,168.51546391752578,209,381.45360824742266,511.6632302405498
DOPC_chole_mRNA,1,35,0001_R0035,0.09550829098450479,0.09550829098450479,1250,1250,8,8,0,0,0,156.25,163,86.375,500.75
DOPC_chole_mRNA,1,36,0001_R0036,0.10744682735756789,0.10744682735756789,1369,1369,9,9,0,0,0,152.11111111111111,158,390.1111111111111,501.55555555555554
DOPC_chole_mRNA,1,37,0001_R0037,0.3700946275649561,0.3700946275649561,4889,4889,31,31,0,0,0,157.70967741935485,176,656.5483870967741,526.5806451612904
DOPC_chole_mRNA,1,38,0001_R0038,0.035815609119189296,0.035815609119189296,451,451,3,3,0,0,0,150.33333333333334,152,271.6666666666667,536.3333333333334
DOPC_chole_mRNA,1,39,0001_R0039,0.967021446218111,0.967021446218111,13492,13492,81,81,0,0,0,166.5679012345679,190,304.7037037037037,551.6172839506173
DOPC_chole_mRNA,1,40,0001_R0040,0.7640663278760383,0.7640663278760383,10644,10644,64,64,0,0,0,166.3125,195,630.890625,559.90625
DOPC_chole_mRNA,1,41,0001_R0041,0.047754145492252396,0.047754145492252396,621,621,4,4,0,0,0,155.25,159,398.5,557.5
DOPC_chole_mRNA,1,42,0001_R0042,0.047754145492252396,0.047754145492252396,631,631,4,4,0,0,0,157.75,165,591.5,562.5
DOPC_chole_mRNA,1,43,0001_R0043,1.0147755917103634,1.0147755917103634,13830.000000000002,13830,85,85,0,0,0,162.7058823529412,184,302.84705882352944,585.0941176470589
DOPC_chole_mRNA,1,44,0001_R0044,1.3848702192753195,1.3848702192753195,19543,19543,116,116,0,0,0,168.47413793103448,204,544.2327586206897,634.6724137931035
DOPC_chole_mRNA,1,45,0001_R0045,0.6327424277723442,0.6327424277723442,8383,8383,53,53,0,0,0,158.16981132075472,171,487.0566037735849,634.4150943396227
DOPC_chole_mRNA,1,46,0001_R0046,0.5730497459070287,0.5730497459070287,7688,7688,48,48,0,0,0,160.16666666666666,177,500.4583333333333,636.2916666666666
DOPC_chole_mRNA,1,47,0001_R0047,1.2177307100524362,1.2177307100524362,17693,17693,102,102,0,0,0,173.4607843137255,216,700.3137254901961,646.1470588235294
DOPC_chole_mRNA,1,48,0001_R0048,0.21489365471513577,0.21489365471513577,2729,2729,18,18,0,0,0,151.61111111111111,158,485.8888888888889,644.2777777777778
DOPC_chole_mRNA,1,49,0001_R0049,0.4059102366841454,0.4059102366841454,5314,5314,34,34,0,0,0,156.2941176470588,164,546.1176470588235,656.6176470588235
DOPC_chole_mRNA,1,50,0001_R0050,0.17907804559594648,0.17907804559594648,2293,2293,15,15,0,0,0,152.86666666666667,160,515.2,660.9333333333333
DOPC_chole_mRNA,1,51,0001_R0051,0.2626478002073882,0.2626478002073882,3443,3443,22,22,0,0,0,156.5,174,521.0454545454545,662.5454545454545
DOPC_chole_mRNA,1,52,0001_R0052,6.136407695754433,6.136407695754433,85890,85890,514,514,0,0,0,167.1011673151751,254,571.8988326848249,678.6459143968872
DOPC_chole_mRNA,1,53,0001_R0053,1.4206858283945087,1.4206858283945087,18828,18828,119,119,0,0,0,158.21848739495798,201,675.3193277310925,672.8823529411765
DOPC_chole_mRNA,1,54,0001_R0054,0.8834516916066694,0.8834516916066694,11663,11663,74,74,0,0,0,157.6081081081081,171,541.3783783783783,680.1081081081081
DOPC_chole_mRNA,1,55,0001_R0055,0.2984634093265775,0.2984634093265775,3922.9999999999995,3923,25,25,0,0,0,156.92,173,604.84,684.8
DOPC_chole_mRNA,1,56,0001_R0056,0.2029551183420727,0.2029551183420727,2585,2585,17,17,0,0,0,152.05882352941177,156,308.2352941176471,695.5882352941177
DOPC_chole_mRNA,1,57,0001_R0057,0.5133570640417132,0.5133570640417132,6964,6964,43,43,0,0,0,161.95348837209303,177,578.4883720930233,696.1395348837209
DOPC_mRNA,2,1,0002_R0001,0.023877072746126198,0.023877072746126198,309,309,2,2,0,0,0,154.5,155,301.5,10
DOPC_mRNA,2,2,0002_R0002,0.07163121823837859,0.07163121823837859,920,920,6,6,0,0,0,153.33333333333334,161,607.5,80.16666666666667
DOPC_mRNA,2,3,0002_R0003,0.21489365471513577,0.21489365471513577,2768,2768,18,18,0,0,0,153.77777777777777,163,614.2222222222222,82.72222222222223
DOPC_mRNA,2,4,0002_R0004,0.17907804559594648,0.17907804559594648,2471,2471,15,15,0,0,0,164.73333333333332,183,607.6,141.4
DOPC_mRNA,2,5,0002_R0005,0.10744682735756789,0.10744682735756789,1441,1441,9,9,0,0,0,160.11111111111111,169,520,185
DOPC_mRNA,2,6,0002_R0006,0.119385363730631,0.119385363730631,1624,1624,10,10,0,0,0,162.4,172,99,234.2
DOPC_mRNA,2,7,0002_R0007,0.238770727461262,0.238770727461262,3357,3357,20,20,0,0,0,167.85,196,109.25,252.25
DOPC_mRNA,2,8,0002_R0008,0.035815609119189296,0.035815609119189296,469,469,3,3,0,0,0,156.33333333333334,161,201.66666666666666,252.66666666666666
DOPC_mRNA,2,9,0002_R0009,0.0596926818653155,0.0596926818653155,771,771,5,5,0,0,0,154.2,159,156.2,259.4
DOPC_mRNA,2,10,0002_R0010,0.5133570640417132,0.5133570640417132,7950,7950,43,43,0,0,0,184.88372093023256,263,379.8139534883721,272.83720930232556
DOPC_mRNA,2,11,0002_R0011,0.2626478002073882,0.2626478002073882,3760,3760,22,22,0,0,0,170.9090909090909,210,150,272.8636363636364
DOPC_mRNA,2,12,0002_R0012,0.035815609119189296,0.035815609119189296,463,463,3,3,0,0,0,154.33333333333334,156,151.66666666666666,278
DOPC_mRNA,2,13,0002_R0013,0.023877072746126198,0.023877072746126198,311,311,2,2,0,0,0,155.5,156,110,296.5
DOPC_mRNA,2,14,0002_R0014,0.047754145492252396,0.047754145492252396,643,643,4,4,0,0,0,160.75,163,156.5,300.5
DOPC_mRNA,2,15,0002_R0015,0.38203316393801917,0.38203316393801917,5854,5854,32,32,0,0,0,182.9375,257,192.15625,305.875
DOPC_mRNA,2,16,0002_R0016,0.1313239001036941,0.1313239001036941,1771,1771,11,11,0,0,0,161,174,40.45454545454545,312.6363636363636
DOPC_mRNA,2,17,0002_R0017,0.0835697546114417,0.0835697546114417,1113,1113,7,7,0,0,0,159,164,67.28571428571429,316
DOPC_mRNA,2,18,0002_R0018,0.07163121823837859,0.07163121823837859,958,958,6,6,0,0,0,159.66666666666666,167,141,316.5
DOPC_mRNA,2,19,0002_R0019,0.047754145492252396,0.047754145492252396,622,622,4,4,0,0,0,155.5,160,164.5,317.5
DOPC_mRNA,2,20,0002_R0020,0.3700946275649561,0.3700946275649561,4789,4789,31,31,0,0,0,154.48387096774192,170,23.677419354838708,329.06451612903226
DOPC_mRNA,2,21,0002_R0021,0.047754145492252396,0.047754145492252396,621,621,4,4,0,0,0,155.25,158,93.5,330.5
DOPC_mRNA,2,22,0002_R0022,0.3342790184457668,0.3342790184457668,5290,5290,28,28,0,0,0,188.92857142857142,252,160,342.32142857142856
DOPC_mRNA,2,23,0002_R0023,0.19101658196900959,0.19101658196900959,2433,2433,16,16,0,0,0,152.0625,156,99.625,372.75
DOPC_mRNA,2,24,0002_R0024,0.2029551183420727,0.2029551183420727,2953,2953,17,17,0,0,0,173.7058823529412,205,56.35294117647059,374.52941176470586
DOPC_mRNA,2,25,0002_R0025,0.2029551183420727,0.2029551183420727,2608,2608,17,17,0,0,0,153.41176470588235,166,105.88235294117646,393.4117647058824
DOPC_mRNA,2,26,0002_R0026,0.17907804559594648,0.17907804559594648,2319,2319,15,15,0,0,0,154.6,163,210.33333333333334,397.8666666666667
DOPC_mRNA,2,27,0002_R0027,0.0596926818653155,0.0596926818653155,779,779,5,5,0,0,0,155.8,160,163.2,397.6
DOPC_mRNA,2,28,0002_R0028,0.4417258458033347,0.4417258458033347,5703,5703,37,37,0,0,0,154.13513513513513,161,203.48648648648648,404.18918918918916
DOPC_mRNA,2,29,0002_R0029,0.28652487295351436,0.28652487295351436,4011,4011,24,24,0,0,0,167.125,202,91.5,404.5
DOPC_mRNA,2,30,0002_R0030,2.566785320208566,2.54290824746244,34400,34109,215,213,2,0,1,160.1361502347418,215,208.62910798122067,414.2957746478873
DOPC_mRNA,2,31,0002_R0031,0.17907804559594648,0.17907804559594648,2401,2401,15,15,0,0,0,160.06666666666666,181,124.86666666666666,409.53333333333336
DOPC_mRNA,2,32,0002_R0032,0.047754145492252396,0.047754145492252396,621,621,4,4,0,0,0,155.25,160,135.5,417.5
DOPC_mRNA,2,33,0002_R0033,2.54290824746244,2.54290824746244,36363,36363,213,213,0,0,0,170.71830985915494,207,689.943661971831,462.60093896713613
DOPC_mRNA,2,34,0002_R0034,0.5014185276686501,0.5014185276686501,6704,6704,42,42,0,0,0,159.61904761904762,186,434.73809523809524,477.1666666666667
DOPC_mRNA,2,35,0002_R0035,1.575886801244329,1.575886801244329,21881,21881,132,132,0,0,0,165.7651515151515,214,393.6287878787879,484.17424242424244
DOPC_mRNA,2,36,0002_R0036,0.023877072746126198,0.023877072746126198,304,304,2,2,0,0,0,152,153,443.5,479
DOPC_mRNA,2,37,0002_R0037,0.5252956004147764,0.5252956004147764,6893,6893,44,44,0,0,0,156.6590909090909,167,481.4318181818182,518.5909090909091
DOPC_mRNA,2,38,0002_R0038,1.6475180194827077,1.6475180194827077,22467,22467,138,138,0,0,0,162.80434782608697,199,489.3768115942029,532.1884057971015
DOPC_mRNA,2,39,0002_R0039,0.9192673007258586,0.9192673007258586,13586,13586,77,77,0,0,0,176.44155844155844,239,293.6753246753247,567.9350649350649
DOPC_mRNA,2,40,0002_R0040,0.047754145492252396,0.047754145492252396,614,614,4,4,0,0,0,153.5,155,462.5,566.5
DOPC_mRNA,2,41,0002_R0041,0.10744682735756789,0.10744682735756789,1398,1398,9,9,0,0,0,155.33333333333334,164,303.6666666666667,569.8888888888889
DOPC_mRNA,2,42,0002_R0042,0.047754145492252396,0.047754145492252396,617,617,4,4,0,0,0,154.25,156,415.5,572.5
DOPC_mRNA,2,43,0002_R0043,0.32234048207270366,0.32234048207270366,4141,4141,27,27,0,0,0,153.37037037037038,163,421.85185185185185,576.4814814814815
DOPC_mRNA,2,44,0002_R0044,0.6685580368915336,0.6685580368915336,8935,8935,56,56,0,0,0,159.55357142857142,173,299.98214285714283,580.4285714285714
DOPC_mRNA,2,45,0002_R0045,0.035815609119189296,0.035815609119189296,458,458,3,3,0,0,0,152.66666666666666,155,293,581
DOPC_mRNA,2,46,0002_R0046,2.7100477566853236,2.7100477566853236,38854,38854,227,227,0,0,0,171.16299559471366,221,318.84140969162996,595.647577092511
DOPC_mRNA,2,47,0002_R0047,0.6924351096376598,0.6924351096376598,8952,8952,58,58,0,0,0,154.3448275862069,166,650.6551724137931,596.4827586206897
DOPC_mRNA,2,48,0002_R0048,0.8953902279797324,0.8953902279797324,12462,12462,75,75,0,0,0,166.16,192,416.9866666666667,600.1733333333333
DOPC_mRNA,2,49,0002_R0049,0.2745863365804513,0.2745863365804513,3759,3759,23,23,0,0,0,163.43478260869566,177,656.7391304347826,605.4347826086956
DOPC_mRNA,2,50,0002_R0050,1.3848702192753195,1.3848702192753195,18620,18620,116,116,0,0,0,160.51724137931035,192,503.3189655172414,612.2155172413793
DOPC_mRNA,2,51,0002_R0051,0.07163121823837859,0.07163121823837859,907,907,6,6,0,0,0,151.16666666666666,153,320,608.1666666666666
DOPC_mRNA,2,52,0002_R0052,2.7100477566853236,2.7100477566853236,35776,35776,227,227,0,0,0,157.60352422907488,185,521.5286343612335,624.6519823788547
DOPC_mRNA,2,53,0002_R0053,0.238770727461262,0.238770727461262,3189,3189,20,20,0,0,0,159.45,176,349.9,625.05
DOPC_mRNA,2,54,0002_R0054,0.17907804559594648,0.17907804559594648,2284,2284,15,15,0,0,0,152.26666666666668,157,473.3333333333333,628.2
DOPC_mRNA,2,55,0002_R0055,0.07163121823837859,0.07163121823837859,906,906,6,6,0,0,0,151,153,289.5,628.5
DOPC_mRNA,2,56,0002_R0056,0.5372341367878395,0.5372341367878395,7705,7705,45,45,0,0,0,171.22222222222223,223,284.1777777777778,632.5333333333333
DOPC_mRNA,2,57,0002_R0057,4.42919699440641,4.42919699440641,66518,66518,371,371,0,0,0,179.29380053908355,247,87.25876010781671,640.711590296496
DOPC_mRNA,2,58,0002_R0058,0.48947999129558706,0.48947999129558706,6890.000000000001,6890,41,41,0,0,0,168.0487804878049,212,342.1463414634146,634.7317073170732
DOPC_mRNA,2,59,0002_R0059,1.086406809948742,1.062529737202616,13794,13502,91,89,2,0,1,151.7078651685393,160,484,642.7752808988764
DOPC_mRNA,2,60,0002_R0060,0.035815609119189296,0.035815609119189296,454,454,3,3,0,0,0,151.33333333333334,153,489.6666666666667,637.3333333333334
DOPC_mRNA,2,61,0002_R0061,0.6685580368915336,0.6685580368915336,8816,8816,56,56,0,0,0,157.42857142857142,183,471.92857142857144,644.9642857142857
DOPC_mRNA,2,62,0002_R0062,0.0596926818653155,0.0596926818653155,754,754,5,5,0,0,0,150.8,152,489.2,640.8
DOPC_mRNA,2,63,0002_R0063,0.5849882822800918,0.5849882822800918,7718,7718,49,49,0,0,0,157.51020408163265,172,50.183673469387756,645.6326530612245
DOPC_mRNA,2,64,0002_R0064,0.42978730943027155,0.42978730943027155,5514,5514,36,36,0,0,0,153.16666666666666,159,362.0833333333333,647.6944444444445
DOPC_mRNA,2,65,0002_R0065,0.9789599825911741,0.9789599825911741,12857,12857,82,82,0,0,0,156.79268292682926,170,416.8048780487805,651.609756097561
DOPC_mRNA,2,66,0002_R0066,0.2745863365804513,0.2745863365804513,3505,3505,23,23,0,0,0,152.3913043478261,165,691.7391304347826,662.9130434782609
DOPC_mRNA,2,67,0002_R0067,0.07163121823837859,0.07163121823837859,904,904,6,6,0,0,0,150.66666666666666,153,15,669.8333333333334
DOPC_mRNA,2,68,0002_R0068,0.2029551183420727,0.2029551183420727,2582,2582,17,17,0,0,0,151.88235294117646,156,17.647058823529413,673.2941176470588
DOPC_mRNA,2,69,0002_R0069,0.32234048207270366,0.32234048207270366,4347,4347,27,27,0,0,0,161,173,69.77777777777777,675.1111111111111
DOPC_mRNA,2,70,0002_R0070,0.46560291854946084,0.42978730943027155,5922,5487,39,36,3,0,1,152.41666666666666,164,340.25,681.4722222222222
DOPC_mRNA,2,71,0002_R0071,0.0835697546114417,0.0835697546114417,1057,1057,7,7,0,0,0,151,152,363.2857142857143,685.1428571428571
DOPC_mRNA,2,72,0002_R0072,0.2029551183420727,0.2029551183420727,2575,2575,17,17,0,0,0,151.47058823529412,157,319.4117647058824,697.9411764705883
DOPC_mRNA,3,1,0003_R0001,0.25070926383432507,0.25070926383432507,3334.9999999999995,3335,21,21,0,0,0,158.8095238095238,172,595.3333333333334,64.85714285714286
DOPC_mRNA,3,2,0003_R0002,0.023877072746126198,0.023877072746126198,303,303,2,2,0,0,0,151.5,153,464.5,171
DOPC_mRNA,3,3,0003_R0003,0.023877072746126198,0.023877072746126198,314,314,2,2,0,0,0,157,165,489.5,183
DOPC_mRNA,3,4,0003_R0004,0.035815609119189296,0.035815609119189296,454,454,3,3,0,0,0,151.33333333333334,153,571,210.33333333333334
DOPC_mRNA,3,5,0003_R0005,0.0596926818653155,0.0596926818653155,776,776,5,5,0,0,0,155.2,166,240,235
DOPC_mRNA,3,6,0003_R0006,2.650355074820008,2.650355074820008,37714,37714,222,222,0,0,0,169.88288288288288,194,386.27027027027026,255.66666666666666
DOPC_mRNA,3,7,0003_R0007,0.22683219108819888,0.22683219108819888,2894,2894,19,19,0,0,0,152.31578947368422,159,307.05263157894734,251.68421052631578
DOPC_mRNA,3,8,0003_R0008,1.6117024103635185,1.575886801244329,20676,20237,135,132,3,0,1,153.31060606060606,167,388.6666666666667,274.43939393939394
DOPC_mRNA,3,9,0003_R0009,0.8953902279797324,0.8834516916066694,11522,11376,75,74,1,0,1,153.72972972972974,171,402.3918918918919,283.4189189189189
DOPC_mRNA,3,10,0003_R0010,3.474114084561362,3.474114084561362,48667,48667,291,291,0,0,0,167.2405498281787,208,405.6082474226804,302.14776632302403
DOPC_mRNA,3,11,0003_R0011,0.0835697546114417,0.0835697546114417,1054,1054,7,7,0,0,0,150.57142857142858,153,434,300
DOPC_mRNA,3,12,0003_R0012,3.8083931030071287,3.8083931030071287,51523,51523,319,319,0,0,0,161.5141065830721,185,440.5830721003135,317.87147335423197
DOPC_mRNA,3,13,0003_R0013,0.238770727461262,0.238770727461262,3250,3250,20,20,0,0,0,162.5,189,386.25,312.75
DOPC_mRNA,3,14,0003_R0014,0.17907804559594648,0.17907804559594648,2349,2349,15,15,0,0,0,156.6,170,127.6,347.4
DOPC_mRNA,3,15,0003_R0015,3.151773602488658,3.151773602488658,42425,42425,264,264,0,0,0,160.70075757575756,184,313.07954545454544,397.0530303030303
DOPC_mRNA,3,16,0003_R0016,0.035815609119189296,0.035815609119189296,454,454,3,3,0,0,0,151.33333333333334,154,432.3333333333333,447.6666666666667
DOPC_mRNA,3,17,0003_R0017,0.1552009728498203,0.1552009728498203,1988.0000000000002,1988,13,13,0,0,0,152.92307692307693,158,163.84615384615384,461.46153846153845
DOPC_mRNA,3,18,0003_R0018,0.6924351096376598,0.6924351096376598,10042,10042,58,58,0,0,0,173.13793103448276,212,593.7586206896551,470.7586206896552
DOPC_mRNA,3,19,0003_R0019,0.023877072746126198,0.023877072746126198,301,301,2,2,0,0,0,150.5,152,178,509.5
DOPC_mRNA,3,20,0003_R0020,0.047754145492252396,0.047754145492252396,607,607,4,4,0,0,0,151.75,153,221.5,542
DOPC_mRNA,3,21,0003_R0021,0.45366438217639776,0.4417258458033347,5755,5609,38,37,1,0,1,151.59459459459458,157,270.97297297297297,555.3783783783783
DOPC_mRNA,3,22,0003_R0022,0.035815609119189296,0.035815609119189296,459,459,3,3,0,0,0,153,154,287.3333333333333,570.3333333333334
DOPC_mRNA,3,23,0003_R0023,0.1552009728498203,0.1552009728498203,1976,1976,13,13,0,0,0,152,156,526.6923076923077,605.7692307692307
DOPC_mRNA,3,24,0003_R0024,0.09550829098450479,0.09550829098450479,1249,1249,8,8,0,0,0,156.125,160,536.875,608.125
DOPC_mRNA,3,25,0003_R0025,0.035815609119189296,0.035815609119189296,455,455,3,3,0,0,0,151.66666666666666,153,331.3333333333333,636.6666666666666
DOPC_mRNA,3,26,0003_R0026,0.8237590097413539,0.8237590097413539,10889,10889,69,69,0,0,0,157.81159420289856,173,12.927536231884059,645.5072463768116
DOPC_mRNA,3,27,0003_R0027,0.5730497459070287,0.5730497459070287,7336,7336,48,48,0,0,0,152.83333333333334,163,584.9166666666666,644.0208333333334
DOPC_mRNA,3,28,0003_R0028,0.047754145492252396,0.047754145492252396,604,604,4,4,0,0,0,151,154,597.5,645.5
DOPC_mRNA,3,29,0003_R0029,0.25070926383432507,0.25070926383432507,3255,3255,21,21,0,0,0,155,166,332.6190476190476,648.2857142857143
DOPC_mRNA,3,30,0003_R0030,0.21489365471513577,0.21489365471513577,2742,2742,18,18,0,0,0,152.33333333333334,159,21.833333333333332,654.4444444444445
DOPC_mRNA,3,31,0003_R0031,0.023877072746126198,0.023877072746126198,306,306,2,2,0,0,0,153,155,326.5,653
DOPC_mRNA,3,32,0003_R0032,0.07163121823837859,0.07163121823837859,981,981,6,6,0,0,0,163.5,177,0.3333333333333333,672.5
DOPC_mRNA,3,33,0003_R0033,0.1671395092228834,0.1671395092228834,2108,2108,14,14,0,0,0,150.57142857142858,155,568.3571428571429,690.7142857142857
DOPC_chole_mRNA,4,1,0004_R0001,0.6685580368915336,0.6685580368915336,8689,8689,56,56,0,0,0,155.16071428571428,167,418.625,130.60714285714286
DOPC_chole_mRNA,4,2,0004_R0002,0.023877072746126198,0.023877072746126198,304,304,2,2,0,0,0,152,152,462.5,135
DOPC_chole_mRNA,4,3,0004_R0003,0.1313239001036941,0.1313239001036941,1654,1654,11,11,0,0,0,150.36363636363637,152,470.54545454545456,142.45454545454547
DOPC_chole_mRNA,4,4,0004_R0004,0.7998819369952277,0.7998819369952277,10284,10284,67,67,0,0,0,153.49253731343285,164,375.2835820895522,151.49253731343285
DOPC_chole_mRNA,4,5,0004_R0005,0.119385363730631,0.119385363730631,1550,1550,10,10,0,0,0,155,163,40.7,167.3
DOPC_chole_mRNA,4,6,0004_R0006,1.2416077827985623,1.2416077827985623,15773,15773,104,104,0,0,0,151.66346153846155,161,401.40384615384613,225.67307692307693
DOPC_chole_mRNA,4,7,0004_R0007,0.047754145492252396,0.047754145492252396,605,605,4,4,0,0,0,151.25,156,292.25,266.25
DOPC_chole_mRNA,4,8,0004_R0008,0.09550829098450479,0.09550829098450479,1209,1209,8,8,0,0,0,151.125,154,320.125,274.125
DOPC_chole_mRNA,4,9,0004_R0009,0.45366438217639776,0.45366438217639776,5861,5861,38,38,0,0,0,154.23684210526315,166,285.10526315789474,278.1578947368421
DOPC_chole_mRNA,4,10,0004_R0010,2.172813619897484,2.172813619897484,31883,31883,182,182,0,0,0,175.1813186813187,225,347.4725274725275,282.7197802197802
DOPC_chole_mRNA,4,11,0004_R0011,3.5576838391728036,3.5576838391728036,50059,50059,298,298,0,0,0,167.98322147651007,198,383.003355704698,286.79194630872485
DOPC_chole_mRNA,4,12,0004_R0012,0.035815609119189296,0.035815609119189296,450,450,3,3,0,0,0,150,151,320.3333333333333,277.3333333333333
DOPC_chole_mRNA,4,13,0004_R0013,3.6651306665303713,3.6651306665303713,54324,54324,307,307,0,0,0,176.95114006514657,228,408.43648208469057,298.4299674267101
DOPC_chole_mRNA,4,14,0004_R0014,0.023877072746126198,0.023877072746126198,302,302,2,2,0,0,0,151,151,294.5,300.5
DOPC_chole_mRNA,4,15,0004_R0015,16.272225076485004,15.627544112339598,234776,227007,1363,1309,54,0,1,173.42016806722688,288,332.58365164247516,384.82811306340716
DOPC_chole_mRNA,4,16,0004_R0016,1.3132390010369408,1.3132390010369408,17216,17216,110,110,0,0,0,156.5090909090909,172,371.8181818181818,399.4727272727273
DOPC_chole_mRNA,4,17,0004_R0017,0.1552009728498203,0.1552009728498203,2095,2095,13,13,0,0,0,161.15384615384616,178,645.6153846153846,666.3846153846154
DOPC_chole_mRNA,4,18,0004_R0018,0.28652487295351436,0.28652487295351436,3816,3816,24,24,0,0,0,159,170,638.5,687.5
DOPC_mRNA,5,1,0005_R0001,0.023877072746126198,0.023877072746126198,301,301,2,2,0,0,0,150.5,151,90.5,97
DOPC_mRNA,5,2,0005_R0002,0.8595746188605431,0.8595746188605431,11739,11739,72,72,0,0,0,163.04166666666666,185,287.84722222222223,269.4861111111111
DOPC_mRNA,5,3,0005_R0003,4.500828212644788,4.500828212644788,67085,67085,377,377,0,0,0,177.9442970822281,257,393.7851458885942,290.0026525198939
DOPC_mRNA,5,4,0005_R0004,0.5730497459070287,0.5730497459070287,7596,7596,48,48,0,0,0,158.25,176,472.7708333333333,283.875
DOPC_mRNA,5,5,0005_R0005,5.814067213681729,5.814067213681729,97997,97997,487,487,0,0,0,201.2258726899384,379,509.4271047227926,290.19712525667353
DOPC_mRNA,5,6,0005_R0006,0.7998819369952277,0.7998819369952277,10353,10353,67,67,0,0,0,154.52238805970148,170,196.28358208955223,347.94029850746267
DOPC_mRNA,5,7,0005_R0007,1.5042555830059505,1.5042555830059505,22833,22833,126,126,0,0,0,181.21428571428572,231,533.1904761904761,350.015873015873
DOPC_mRNA,5,8,0005_R0008,1.8982272833170328,1.8982272833170328,34895,34895,159,159,0,0,0,219.46540880503144,389,228.26415094339623,358.9433962264151
DOPC_mRNA,5,9,0005_R0009,0.17907804559594648,0.17907804559594648,2267,2267,15,15,0,0,0,151.13333333333333,157,197.06666666666666,362.4
DOPC_mRNA,5,10,0005_R0010,0.5252956004147764,0.5252956004147764,6692,6692,44,44,0,0,0,152.0909090909091,163,235.77272727272728,388.22727272727275
DOPC_mRNA,5,11,0005_R0011,0.023877072746126198,0.023877072746126198,304,304,2,2,0,0,0,152,153,519,406.5
DOPC_mRNA,5,12,0005_R0012,1.325177537410004,1.325177537410004,18916,18916,111,111,0,0,0,170.4144144144144,224,460.6936936936937,420.4594594594595
DOPC_mRNA,5,13,0005_R0013,0.0596926818653155,0.0596926818653155,758,758,5,5,0,0,0,151.6,155,489.4,415.8
DOPC_mRNA,5,14,0005_R0014,0.5133570640417132,0.5133570640417132,6711.000000000001,6711,43,43,0,0,0,156.06976744186048,167,481.8139534883721,421.1162790697674
DOPC_mRNA,5,15,0005_R0015,1.1341609554409944,1.1341609554409944,14439.000000000002,14439,95,95,0,0,0,151.98947368421054,163,207.26315789473685,436
DOPC_mRNA,5,16,0005_R0016,0.8356975461144169,0.8356975461144169,12018,12018,70,70,0,0,0,171.68571428571428,218,480.48571428571427,449.2142857142857
DOPC_mRNA,5,17,0005_R0017,1.3132390010369408,1.3132390010369408,17690,17690,110,110,0,0,0,160.8181818181818,192,372.3545454545455,457.1
DOPC_mRNA,5,18,0005_R0018,18.970334296797265,18.934518687678075,291317,290882,1589,1586,3,0,1,183.40605296343,390,367.4722572509458,488.3656998738966
DOPC_mRNA,5,19,0005_R0019,0.39397170031108225,0.39397170031108225,5041,5041,33,33,0,0,0,152.75757575757575,160,429.8181818181818,459.2121212121212
DOPC_mRNA,5,20,0005_R0020,0.1313239001036941,0.1313239001036941,1662,1662,11,11,0,0,0,151.0909090909091,156,336.6363636363636,471.72727272727275
DOPC_mRNA,5,21,0005_R0021,0.238770727461262,0.238770727461262,3009,3009,20,20,0,0,0,150.45,158,345.6,480.55
DOPC_mRNA,5,22,0005_R0022,1.3968087556483826,1.3968087556483826,19122,19122,117,117,0,0,0,163.43589743589743,191,331.5726495726496,488.6666666666667
DOPC_mRNA,5,23,0005_R0023,0.023877072746126198,0.023877072746126198,306,306,2,2,0,0,0,153,155,511,529.5
DOPC_mRNA,5,24,0005_R0024,0.10744682735756789,0.10744682735756789,1387,1387,9,9,0,0,0,154.11111111111111,164,506,535
DOPC_mRNA,5,25,0005_R0025,0.09550829098450479,0.09550829098450479,1207,1207,8,8,0,0,0,150.875,155,223.375,628.625
DOPC_mRNA,5,26,0005_R0026,0.14326243647675718,0.14326243647675718,1827,1827,12,12,0,0,0,152.25,156,172.33333333333334,662.0833333333334
DOPC_mRNA,6,1,0006_R0001,0.047754145492252396,0.047754145492252396,620,620,4,4,0,0,0,155,159,318.5,37.5
DOPC_mRNA,6,2,0006_R0002,0.19101658196900959,0.19101658196900959,2476,2476,16,16,0,0,0,154.75,163,401.75,138.875
DOPC_mRNA,6,3,0006_R0003,7.640663278760384,7.640663278760384,106404,106404,640,640,0,0,0,166.25625,220,538.8375,171.01875
DOPC_mRNA,6,4,0006_R0004,0.477541454922524,0.477541454922524,6836,6836,40,40,0,0,0,170.9,203,564.7,157.075
DOPC_mRNA,6,5,0006_R0005,0.047754145492252396,0.047754145492252396,611,611,4,4,0,0,0,152.75,153,426,174.75
DOPC_mRNA,6,6,0006_R0006,2.901064338654333,2.901064338654333,39262,39262,243,243,0,0,0,161.57201646090536,194,556.5720164609054,193.86831275720164
DOPC_mRNA,6,7,0006_R0007,1.575886801244329,1.575886801244329,26498,26498,132,132,0,0,0,200.74242424242425,304,500.42424242424244,232.31060606060606
DOPC_mRNA,6,8,0006_R0008,0.8715131552336063,0.8715131552336063,11490,11490,73,73,0,0,0,157.3972602739726,182,366.86301369863014,233.57534246575344
DOPC_mRNA,6,9,0006_R0009,0.2626478002073882,0.2626478002073882,3501,3501,22,22,0,0,0,159.13636363636363,174,436.22727272727275,231.72727272727272
DOPC_mRNA,6,10,0006_R0010,0.047754145492252396,0.047754145492252396,611,611,4,4,0,0,0,152.75,154,386.5,243.5
DOPC_mRNA,6,11,0006_R0011,0.1552009728498203,0.1552009728498203,2106,2106,13,13,0,0,0,162,179,417.84615384615387,251.53846153846155
DOPC_mRNA,6,12,0006_R0012,0.14326243647675718,0.14326243647675718,1839,1839,12,12,0,0,0,153.25,160,357.8333333333333,255.5
DOPC_mRNA,6,13,0006_R0013,0.1313239001036941,0.1313239001036941,1672,1672,11,11,0,0,0,152,157,423.45454545454544,255.63636363636363
DOPC_mRNA,6,14,0006_R0014,0.023877072746126198,0.023877072746126198,304,304,2,2,0,0,0,152,155,431,258.5
DOPC_mRNA,6,15,0006_R0015,4.500828212644788,4.500828212644788,60651,60651,377,377,0,0,0,160.87798408488064,197,430.9787798408488,274.2440318302387
DOPC_mRNA,6,16,0006_R0016,4.823168694717492,4.799291621971366,66793,66503,404,402,2,0,1,165.43034825870646,224,392.85074626865674,273.0124378109453
DOPC_mRNA,6,17,0006_R0017,0.1313239001036941,0.1313239001036941,1681,1681,11,11,0,0,0,152.8181818181818,159,345.8181818181818,273.72727272727275
DOPC_mRNA,6,18,0006_R0018,0.5611112095339656,0.5611112095339656,7890.999999999999,7891,47,47,0,0,0,167.89361702127658,216,525.4042553191489,288.1276595744681
DOPC_mRNA,6,19,0006_R0019,0.6924351096376598,0.6924351096376598,9439,9439,58,58,0,0,0,162.74137931034483,184,362.7413793103448,298.8448275862069
DOPC_mRNA,6,20,0006_R0020,0.023877072746126198,0.023877072746126198,303,303,2,2,0,0,0,151.5,153,512,295.5
DOPC_mRNA,6,21,0006_R0021,0.047754145492252396,0.047754145492252396,612,612,4,4,0,0,0,153,156,517.5,295.5
DOPC_mRNA,6,22,0006_R0022,0.38203316393801917,0.38203316393801917,5517,5517,32,32,0,0,0,172.40625,222,556.84375,304.375
DOPC_mRNA,6,23,0006_R0023,1.5520097284982028,1.5520097284982028,21221,21221,130,130,0,0,0,163.23846153846154,197,278.6923076923077,312.44615384615383
DOPC_mRNA,6,24,0006_R0024,0.8953902279797324,0.8953902279797324,13648,13648,75,75,0,0,0,181.97333333333333,256,355.32,309.74666666666667
DOPC_mRNA,6,25,0006_R0025,0.238770727461262,0.238770727461262,3076,3076,20,20,0,0,0,153.8,166,266.65,312.55
DOPC_mRNA,6,26,0006_R0026,0.047754145492252396,0.047754145492252396,609,609,4,4,0,0,0,152.25,154,460,312
DOPC_mRNA,6,27,0006_R0027,0.238770727461262,0.238770727461262,3173,3173,20,20,0,0,0,158.65,175,353.05,319.1
DOPC_mRNA,6,28,0006_R0028,0.14326243647675718,0.14326243647675718,1866,1866,12,12,0,0,0,155.5,162,504.0833333333333,324.3333333333333
DOPC_mRNA,6,29,0006_R0029,1.444562901140635,1.444562901140635,20293,20293,121,121,0,0,0,167.71074380165288,204,298.6611570247934,331.198347107438
DOPC_mRNA,6,30,0006_R0030,0.047754145492252396,0.047754145492252396,611,611,4,4,0,0,0,152.75,155,508,331.5
DOPC_mRNA,6,31,0006_R0031,0.1671395092228834,0.1671395092228834,2139,2139,14,14,0,0,0,152.78571428571428,159,245.71428571428572,338.5
DOPC_mRNA,6,32,0006_R0032,1.5997638739904554,1.587825337617392,22097,21951,134,133,1,0,1,165.04511278195488,204,337.57894736842104,350.42105263157896
DOPC_mRNA,6,33,0006_R0033,0.0835697546114417,0.0835697546114417,1093,1093,7,7,0,0,0,156.14285714285714,161,598,340.7142857142857
DOPC_mRNA,6,34,0006_R0034,0.6327424277723442,0.6327424277723442,8632,8632,53,53,0,0,0,162.8679245283019,184,320.75471698113205,345.6981132075472
DOPC_mRNA,6,35,0006_R0035,2.3399531291203672,2.3399531291203672,31685,31685,196,196,0,0,0,161.65816326530611,191,477.8673469387755,354.6326530612245
DOPC_mRNA,6,36,0006_R0036,0.6566195005184704,0.6566195005184704,8887,8887,55,55,0,0,0,161.5818181818182,181,274.6,351.45454545454544
DOPC_mRNA,6,37,0006_R0037,0.035815609119189296,0.035815609119189296,452,452,3,3,0,0,0,150.66666666666666,152,256.6666666666667,351.6666666666667
DOPC_mRNA,6,38,0006_R0038,0.25070926383432507,0.25070926383432507,3534,3534,21,21,0,0,0,168.28571428571428,196,605,354
DOPC_mRNA,6,39,0006_R0039,0.8834516916066694,0.8834516916066694,11806,11806,74,74,0,0,0,159.54054054054055,184,305.3783783783784,358.47297297297297
DOPC_mRNA,6,40,0006_R0040,0.07163121823837859,0.07163121823837859,908,908,6,6,0,0,0,151.33333333333334,154,61.5,357.5
DOPC_mRNA,6,41,0006_R0041,0.023877072746126198,0.023877072746126198,303,303,2,2,0,0,0,151.5,153,282.5,356.5
DOPC_mRNA,6,42,0006_R0042,0.5491726731609026,0.5491726731609026,7545,7545,46,46,0,0,0,164.02173913043478,190,255.95652173913044,368.8695652173913
DOPC_mRNA,6,43,0006_R0043,0.8118204733682908,0.8118204733682908,11047,11047,68,68,0,0,0,162.4558823529412,191,320.27941176470586,369.6617647058824
DOPC_mRNA,6,44,0006_R0044,0.3104019456996406,0.3104019456996406,3989.0000000000005,3989,26,26,0,0,0,153.42307692307693,167,488.2692307692308,367.7692307692308
DOPC_mRNA,6,45,0006_R0045,0.6566195005184704,0.6566195005184704,9515,9515,55,55,0,0,0,173,238,304.45454545454544,370.6545454545454
DOPC_mRNA,6,46,0006_R0046,0.023877072746126198,0.023877072746126198,304,304,2,2,0,0,0,152,156,474,371.5
DOPC_mRNA,6,47,0006_R0047,0.0835697546114417,0.0835697546114417,1087,1087,7,7,0,0,0,155.28571428571428,165,547.7142857142857,372.14285714285717
DOPC_mRNA,6,48,0006_R0048,3.223404820727037,3.223404820727037,46267,46267,270,270,0,0,0,171.35925925925926,246,473.26666666666665,386.64814814814815
DOPC_mRNA,6,49,0006_R0049,0.023877072746126198,0.023877072746126198,309,309,2,2,0,0,0,154.5,156,482.5,379
DOPC_mRNA,6,50,0006_R0050,0.023877072746126198,0.023877072746126198,303,303,2,2,0,0,0,151.5,152,227.5,380
DOPC_mRNA,6,51,0006_R0051,0.21489365471513577,0.21489365471513577,2795,2795,18,18,0,0,0,155.27777777777777,163,322.94444444444446,383
DOPC_mRNA,6,52,0006_R0052,1.3968087556483826,1.3968087556483826,19148,19148,117,117,0,0,0,163.65811965811966,194,490.3162393162393,390.11965811965814
DOPC_mRNA,6,53,0006_R0053,0.8356975461144169,0.8356975461144169,10925,10925,70,70,0,0,0,156.07142857142858,175,377.1,392.1142857142857
DOPC_mRNA,6,54,0006_R0054,0.25070926383432507,0.25070926383432507,3203,3203,21,21,0,0,0,152.52380952380952,157,46.857142857142854,389.7142857142857
DOPC_mRNA,6,55,0006_R0055,2.996572629638838,2.996572629638838,41126,41126,251,251,0,0,0,163.84860557768926,199,292.35458167330677,398.0318725099602
DOPC_mRNA,6,56,0006_R0056,1.7430263104672126,1.7430263104672126,23468,23468,146,146,0,0,0,160.73972602739727,192,26.78767123287671,398.33561643835617
DOPC_mRNA,6,57,0006_R0057,0.28652487295351436,0.28652487295351436,3752,3752,24,24,0,0,0,156.33333333333334,167,362.6666666666667,396.1666666666667
DOPC_mRNA,6,58,0006_R0058,0.8715131552336063,0.8715131552336063,11679,11679,73,73,0,0,0,159.986301369863,175,444.0821917808219,399.28767123287673
DOPC_mRNA,6,59,0006_R0059,2.4235228837318092,2.4235228837318092,35555,35555,203,203,0,0,0,175.14778325123152,242,503.0541871921182,404.14778325123154
DOPC_mRNA,6,60,0006_R0060,1.2535463191716254,1.2535463191716254,16764,16764,105,105,0,0,0,159.65714285714284,181,310.32380952380953,407.0285714285714
DOPC_mRNA,6,61,0006_R0061,3.3308516480846047,3.3308516480846047,47235,47235,279,279,0,0,0,169.30107526881721,241,32.75985663082437,419.20071684587816
DOPC_mRNA,6,62,0006_R0062,0.728250718756849,0.728250718756849,9653,9653,61,61,0,0,0,158.24590163934425,173,68.39344262295081,411.8688524590164
DOPC_mRNA,6,63,0006_R0063,1.0147755917103634,1.0147755917103634,14189,14189,85,85,0,0,0,166.9294117647059,196,10.929411764705883,418.0235294117647
DOPC_mRNA,6,64,0006_R0064,0.45366438217639776,0.45366438217639776,5902,5902,38,38,0,0,0,155.31578947368422,164,377.60526315789474,416.4736842105263
DOPC_mRNA,6,65,0006_R0065,0.023877072746126198,0.023877072746126198,307,307,2,2,0,0,0,153.5,155,308,436.5
DOPC_mRNA,6,66,0006_R0066,0.8237590097413539,0.8237590097413539,12109,12109,69,69,0,0,0,175.4927536231884,219,470.30434782608694,439.9855072463768
DOPC_mRNA,6,67,0006_R0067,0.0596926818653155,0.0596926818653155,750,750,5,5,0,0,0,150,151,311.2,437.8
DOPC_mRNA,6,68,0006_R0068,0.0596926818653155,0.0596926818653155,755,755,5,5,0,0,0,151,154,314.6,438.8
DOPC_mRNA,6,69,0006_R0069,0.38203316393801917,0.38203316393801917,5136,5136,32,32,0,0,0,160.5,183,10.78125,444
DOPC_mRNA,6,70,0006_R0070,0.17907804559594648,0.17907804559594648,2283,2283,15,15,0,0,0,152.2,161,10.533333333333333,451.1333333333333
DOPC_mRNA,6,71,0006_R0071,0.0835697546114417,0.0835697546114417,1072,1072,7,7,0,0,0,153.14285714285714,160,374,458
DOPC_mRNA,6,72,0006_R0072,1.205792173679373,1.205792173679373,16182.999999999998,16183,101,101,0,0,0,160.22772277227722,181,392.6039603960396,463.2079207920792
DOPC_mRNA,6,73,0006_R0073,2.972695556892712,2.972695556892712,41379,41379,249,249,0,0,0,166.18072289156626,207,24.052208835341364,472.14859437751005
DOPC_mRNA,6,74,0006_R0074,1.2296692464254992,1.2296692464254992,20615,20615,103,103,0,0,0,200.14563106796118,304,430.15533980582524,469.1456310679612
DOPC_mRNA,6,75,0006_R0075,4.226241876064337,4.142672121452895,68449,67420,354,347,7,0,1,194.29394812680115,470,114.02017291066282,496.4149855907781
DOPC_mRNA,6,76,0006_R0076,0.09550829098450479,0.09550829098450479,1221,1221,8,8,0,0,0,152.625,156,320,493
DOPC_mRNA,6,77,0006_R0077,0.023877072746126198,0.023877072746126198,304,304,2,2,0,0,0,152,154,126.5,493
DOPC_mRNA,6,78,0006_R0078,0.023877072746126198,0.023877072746126198,307,307,2,2,0,0,0,153.5,156,126.5,495
DOPC_mRNA,6,79,0006_R0079,0.6566195005184704,0.6566195005184704,8419,8419,55,55,0,0,0,153.07272727272726,162,137.03636363636363,511.8727272727273
DOPC_mRNA,6,80,0006_R0080,2.4473999564779354,2.4473999564779354,34465,34465,205,205,0,0,0,168.1219512195122,212,31.341463414634145,519.1560975609756
DOPC_mRNA,6,81,0006_R0081,1.19385363730631,1.19385363730631,16054,16054,100,100,0,0,0,160.54,177,134.3,538.69
DOPC_mRNA,6,82,0006_R0082,12.571278800835444,12.571278800835444,192671,192671,1053,1053,0,0,0,182.97340930674264,311,96.32288698955365,546.8442545109211
DOPC_mRNA,6,83,0006_R0083,0.238770727461262,0.238770727461262,3062,3062,20,20,0,0,0,153.1,159,144.05,560.2
DOPC_mRNA,6,84,0006_R0084,0.035815609119189296,0.035815609119189296,459,459,3,3,0,0,0,153,154,208.33333333333334,559.6666666666666
DOPC_mRNA,6,85,0006_R0085,0.047754145492252396,0.047754145492252396,622,622,4,4,0,0,0,155.5,161,174.5,662.5
DOPC_mRNA,7,1,0007_R0001,0.035815609119189296,0.035815609119189296,456,456,3,3,0,0,0,152,155,506.6666666666667,32.333333333333336
DOPC_mRNA,7,2,0007_R0002,0.0596926818653155,0.0596926818653155,772,772,5,5,0,0,0,154.4,156,219.8,76.6
DOPC_mRNA,7,3,0007_R0003,0.8834516916066694,0.8834516916066694,11732,11732,74,74,0,0,0,158.54054054054055,177,28.256756756756758,123.33783783783784
DOPC_mRNA,7,4,0007_R0004,0.3104019456996406,0.3104019456996406,4323,4323,26,26,0,0,0,166.26923076923077,199,305.3076923076923,274.5
DOPC_mRNA,7,5,0007_R0005,0.19101658196900959,0.19101658196900959,2558,2558,16,16,0,0,0,159.875,175,257.625,288.75
DOPC_mRNA,7,6,0007_R0006,0.119385363730631,0.119385363730631,1576,1576,10,10,0,0,0,157.6,167,697.5,305
DOPC_mRNA,7,7,0007_R0007,0.0596926818653155,0.0596926818653155,764,764,5,5,0,0,0,152.8,161,304.2,308.4
DOPC_mRNA,7,8,0007_R0008,0.19101658196900959,0.19101658196900959,2499,2499,16,16,0,0,0,156.1875,166,282.5,318
DOPC_mRNA,7,9,0007_R0009,2.7100477566853236,2.7100477566853236,36013,36013,227,227,0,0,0,158.647577092511,175,344.0352422907489,328.7973568281938
DOPC_mRNA,7,10,0007_R0010,0.1313239001036941,0.1313239001036941,1666.9999999999998,1667,11,11,0,0,0,151.54545454545453,155,337.09090909090907,344.90909090909093
DOPC_mRNA,7,11,0007_R0011,0.023877072746126198,0.023877072746126198,309,309,2,2,0,0,0,154.5,155,335.5,349.5
DOPC_mRNA,7,12,0007_R0012,0.047754145492252396,0.047754145492252396,614,614,4,4,0,0,0,153.5,155,353.5,363.5
DOPC_mRNA,7,13,0007_R0013,1.934042892436222,1.934042892436222,25648,25648,162,162,0,0,0,158.320987654321,181,223.88888888888889,508.5987654320988
DOPC_mRNA,7,14,0007_R0014,0.023877072746126198,0.023877072746126198,304,304,2,2,0,0,0,152,153,202,516.5
DOPC_mRNA,7,15,0007_R0015,0.6327424277723442,0.6327424277723442,8102.000000000001,8102,53,53,0,0,0,152.8679245283019,163,231.35849056603774,522.2452830188679
DOPC_mRNA,7,16,0007_R0016,0.023877072746126198,0.023877072746126198,303,303,2,2,0,0,0,151.5,153,184,520.5
DOPC_mRNA,7,17,0007_R0017,2.053428256166853,2.053428256166853,27034.999999999996,27035,172,172,0,0,0,157.18023255813952,177,186.34302325581396,531.6453488372093
DOPC_mRNA,7,18,0007_R0018,0.035815609119189296,0.035815609119189296,452,452,3,3,0,0,0,150.66666666666666,152,224.66666666666666,524.6666666666666
DOPC_mRNA,7,19,0007_R0019,0.955082909845048,0.955082909845048,12219,12219,80,80,0,0,0,152.7375,163,252.9375,538.8875
DOPC_mRNA,7,20,0007_R0020,0.047754145492252396,0.047754145492252396,618,618,4,4,0,0,0,154.5,159,197.75,539.75
DOPC_mRNA,7,21,0007_R0021,1.7549648468402756,1.7549648468402756,23856,23856,147,147,0,0,0,162.28571428571428,184,75.74829931972789,547.4829931972789
DOPC_mRNA,7,22,0007_R0022,0.5849882822800918,0.5849882822800918,7428,7428,49,49,0,0,0,151.59183673469389,159,184.59183673469389,546.0816326530612
DOPC_mRNA,7,23,0007_R0023,1.205792173679373,1.205792173679373,16093,16093,101,101,0,0,0,159.33663366336634,182,64.58415841584159,556.2970297029703
DOPC_mRNA,7,24,0007_R0024,1.3490546101561303,1.3371160737830672,17109,16963,113,112,1,0,1,151.45535714285714,164,236.19642857142858,561.9017857142857
DOPC_mRNA,7,25,0007_R0025,0.035815609119189296,0.035815609119189296,455,455,3,3,0,0,0,151.66666666666666,153,238,593
DOPC_mRNA,7,26,0007_R0026,0.3462175548188299,0.3462175548188299,4488,4488,29,29,0,0,0,154.75862068965517,166,8.620689655172415,606.5862068965517
DOPC_mRNA,7,27,0007_R0027,0.035815609119189296,0.035815609119189296,464,464,3,3,0,0,0,154.66666666666666,160,178.33333333333334,604.6666666666666
DOPC_mRNA,7,28,0007_R0028,0.047754145492252396,0.047754145492252396,617,617,4,4,0,0,0,154.25,156,221,605.25
DOPC_mRNA,7,29,0007_R0029,0.42978730943027155,0.42978730943027155,5519,5519,36,36,0,0,0,153.30555555555554,158,543.75,617.4166666666666
DOPC_mRNA,7,30,0007_R0030,0.023877072746126198,0.023877072746126198,304,304,2,2,0,0,0,152,152,538.5,631
DOPC_mRNA,7,31,0007_R0031,0.035815609119189296,0.035815609119189296,451,451,3,3,0,0,0,150.33333333333334,151,659.6666666666666,651.6666666666666
DOPC_mRNA,7,32,0007_R0032,0.10744682735756789,0.10744682735756789,1362,1362,9,9,0,0,0,151.33333333333334,155,262,657
DOPC_mRNA,7,33,0007_R0033,0.0596926818653155,0.0596926818653155,760,760,5,5,0,0,0,152,156,655.6,660
DOPC_mRNA,7,34,0007_R0034,0.2029551183420727,0.2029551183420727,2623,2623,17,17,0,0,0,154.2941176470588,164,280.11764705882354,697.5882352941177
DOPC_mRNA,8,1,0008_R0001,1.5042555830059505,1.5042555830059505,21917,21917,126,126,0,0,0,173.94444444444446,222,141.54761904761904,5.936507936507937
DOPC_mRNA,8,2,0008_R0002,0.1313239001036941,0.1313239001036941,1938,1938,11,11,0,0,0,176.1818181818182,217,443.27272727272725,0.7272727272727273
DOPC_mRNA,8,3,0008_R0003,0.6566195005184704,0.6566195005184704,10380,10380,55,55,0,0,0,188.72727272727272,258,439.56363636363636,11.527272727272727
DOPC_mRNA,8,4,0008_R0004,0.9789599825911741,0.9789599825911741,13138,13138,82,82,0,0,0,160.21951219512195,177,167.29268292682926,15.768292682926829
DOPC_mRNA,8,5,0008_R0005,0.6566195005184704,0.6566195005184704,9597,9597,55,55,0,0,0,174.4909090909091,217,206.4181818181818,20.12727272727273
DOPC_mRNA,8,6,0008_R0006,0.6327424277723442,0.6327424277723442,8408,8408,53,53,0,0,0,158.64150943396226,173,181.52830188679246,21.81132075471698
DOPC_mRNA,8,7,0008_R0007,4.118795048706769,4.118795048706769,58118,58118,345,345,0,0,0,168.45797101449276,239,165.1391304347826,74.98550724637681
DOPC_mRNA,8,8,0008_R0008,0.39397170031108225,0.39397170031108225,5322,5322,33,33,0,0,0,161.27272727272728,186,95.6969696969697,73
DOPC_mRNA,8,9,0008_R0009,0.955082909845048,0.955082909845048,12592,12592,80,80,0,0,0,157.4,173,141.5625,81.5625
DOPC_mRNA,8,10,0008_R0010,0.7521277915029753,0.7521277915029753,10229,10229,63,63,0,0,0,162.36507936507937,205,126.66666666666667,84.41269841269842
DOPC_mRNA,8,11,0008_R0011,0.5133570640417132,0.5133570640417132,7027,7027,43,43,0,0,0,163.41860465116278,187,167.48837209302326,99.37209302325581
DOPC_mRNA,8,12,0008_R0012,0.119385363730631,0.119385363730631,1592,1592,10,10,0,0,0,159.2,173,578.2,204
DOPC_mRNA,8,13,0008_R0013,0.48947999129558706,0.48947999129558706,6514,6514,41,41,0,0,0,158.8780487804878,177,680.1951219512196,223.82926829268294
DOPC_mRNA,8,14,0008_R0014,1.0147755917103634,1.0147755917103634,13818,13818,85,85,0,0,0,162.56470588235294,206,221.1529411764706,232.95294117647057
DOPC_mRNA,8,15,0008_R0015,0.2626478002073882,0.2626478002073882,3706.0000000000005,3706,22,22,0,0,0,168.45454545454547,209,265.09090909090907,246.9090909090909
DOPC_mRNA,8,16,0008_R0016,0.28652487295351436,0.28652487295351436,3753,3753,24,24,0,0,0,156.375,167,397.0416666666667,266.6666666666667
DOPC_mRNA,8,17,0008_R0017,0.6208038913992812,0.6208038913992812,7952.000000000001,7952,52,52,0,0,0,152.92307692307693,162,229.78846153846155,269.36538461538464
DOPC_mRNA,8,18,0008_R0018,1.19385363730631,1.19385363730631,15944,15944,100,100,0,0,0,159.44,175,102.32,328.3
DOPC_mRNA,8,19,0008_R0019,1.790780455959465,1.790780455959465,23723,23723,150,150,0,0,0,158.15333333333334,174,218.78,336.74666666666667
DOPC_mRNA,8,20,0008_R0020,13.001066110265715,12.989127573892652,190983,190837,1089,1088,1,0,1,175.4016544117647,242,155.85753676470588,353.0569852941176
DOPC_mRNA,8,21,0008_R0021,0.21489365471513577,0.21489365471513577,2803,2803,18,18,0,0,0,155.72222222222223,170,638.8888888888889,424.1111111111111
DOPC_mRNA,8,22,0008_R0022,0.1313239001036941,0.1313239001036941,1738,1738,11,11,0,0,0,158,172,383.54545454545456,475.6363636363636
DOPC_mRNA,8,23,0008_R0023,0.2984634093265775,0.2984634093265775,4271,4271,25,25,0,0,0,170.84,210,254.4,598.56
DOPC_mRNA,8,24,0008_R0024,0.1671395092228834,0.1671395092228834,2158,2158,14,14,0,0,0,154.14285714285714,161,494,630.7857142857143
DOPC_mRNA,8,25,0008_R0025,0.119385363730631,0.119385363730631,1577,1577,10,10,0,0,0,157.7,168,607.2,662.5
DOPC_mRNA,8,26,0008_R0026,0.1552009728498203,0.1552009728498203,2098,2098,13,13,0,0,0,161.3846153846154,176,303.46153846153845,684.1538461538462
DOPC_mRNA,9,1,0009_R0001,0.023877072746126198,0.023877072746126198,299,299,2,2,0,0,0,149.5,150,400.5,147
DOPC_mRNA,9,2,0009_R0002,0.46560291854946084,0.46560291854946084,5889,5889,39,39,0,0,0,151,158,300.9230769230769,190.2051282051282
DOPC_mRNA,9,3,0009_R0003,0.023877072746126198,0.023877072746126198,301,301,2,2,0,0,0,150.5,151,305.5,195
DOPC_mRNA,9,4,0009_R0004,1.0147755917103634,1.0147755917103634,13306,13306,85,85,0,0,0,156.54117647058823,169,303.52941176470586,201.94117647058823
DOPC_mRNA,9,5,0009_R0005,0.1671395092228834,0.1671395092228834,2109,2109,14,14,0,0,0,150.64285714285714,156,336.92857142857144,215.64285714285714
DOPC_mRNA,9,6,0009_R0006,1.456501437513698,1.456501437513698,20549,20549,122,122,0,0,0,168.4344262295082,200,316.0081967213115,246.0983606557377
DOPC_mRNA,9,7,0009_R0007,1.1580380281871205,1.1580380281871205,15473,15473,97,97,0,0,0,159.51546391752578,180,311.02061855670104,259.4329896907216
DOPC_mRNA,9,8,0009_R0008,0.42978730943027155,0.42978730943027155,5594,5594,36,36,0,0,0,155.38888888888889,169,386.8333333333333,275.0833333333333
DOPC_mRNA,9,9,0009_R0009,0.19101658196900959,0.19101658196900959,2421,2421,16,16,0,0,0,151.3125,157,350.9375,275.3125
DOPC_mRNA,9,10,0009_R0010,6.4706867142002,6.4706867142002,85408,85408,542,542,0,0,0,157.57933579335793,188,293.6789667896679,284.72878228782287
DOPC_mRNA,9,11,0009_R0011,0.9192673007258586,0.9192673007258586,12536,12536,77,77,0,0,0,162.80519480519482,189,242.74025974025975,282.2597402597403
DOPC_mRNA,9,12,0009_R0012,0.2745863365804513,0.2745863365804513,3470,3470,23,23,0,0,0,150.8695652173913,156,214.34782608695653,319.3478260869565
DOPC_mRNA,9,13,0009_R0013,3.999409684976138,3.999409684976138,53009,53009,335,335,0,0,0,158.23582089552238,177,223.65074626865672,337.39104477611943
DOPC_mRNA,9,14,0009_R0014,0.3104019456996406,0.3104019456996406,4026,4026,26,26,0,0,0,154.84615384615384,170,376.5,342.34615384615387
DOPC_mRNA,9,15,0009_R0015,1.4206858283945087,1.4206858283945087,18287,18287,119,119,0,0,0,153.67226890756302,165,385.5042016806723,348.8235294117647
DOPC_mRNA,9,16,0009_R0016,0.5133570640417132,0.5133570640417132,6553,6553,43,43,0,0,0,152.3953488372093,162,420.1162790697674,355.1860465116279
DOPC_mRNA,9,17,0009_R0017,0.047754145492252396,0.047754145492252396,603,603,4,4,0,0,0,150.75,155,377.5,353.5
DOPC_mRNA,9,18,0009_R0018,0.07163121823837859,0.07163121823837859,902,902,6,6,0,0,0,150.33333333333334,155,499,359
DOPC_mRNA,9,19,0009_R0019,0.8356975461144169,0.8356975461144169,10876.999999999998,10877,70,70,0,0,0,155.38571428571427,167,547.9428571428572,373.5285714285714
DOPC_mRNA,9,20,0009_R0020,0.023877072746126198,0.023877072746126198,305,305,2,2,0,0,0,152.5,153,310.5,374.5
DOPC_mRNA,9,21,0009_R0021,0.2626478002073882,0.2626478002073882,3328,3328,22,22,0,0,0,151.27272727272728,160,330.6363636363636,384.54545454545456
DOPC_mRNA,9,22,0009_R0022,0.6685580368915336,0.6685580368915336,8470,8470,56,56,0,0,0,151.25,160,292.8392857142857,395.35714285714283
DOPC_mRNA,9,23,0009_R0023,0.07163121823837859,0.07163121823837859,905,905,6,6,0,0,0,150.83333333333334,156,393.1666666666667,406
DOPC_mRNA,9,24,0009_R0024,0.023877072746126198,0.023877072746126198,310,310,2,2,0,0,0,155,157,277.5,420.5
DOPC_mRNA,9,25,0009_R0025,0.955082909845048,0.955082909845048,12698,12698,80,80,0,0,0,158.725,186,260.4,426.1125
DOPC_mRNA,9,26,0009_R0026,0.035815609119189296,0.035815609119189296,453,453,3,3,0,0,0,151,152,279.6666666666667,425
DOPC_mRNA,9,27,0009_R0027,0.3462175548188299,0.3462175548188299,4372,4372,29,29,0,0,0,150.75862068965517,161,169.0344827586207,426.8965517241379
DOPC_mRNA,9,28,0009_R0028,3.139835066115595,3.139835066115595,42075,42075,263,263,0,0,0,159.9809885931559,182,282.467680608365,453.77186311787074
DOPC_mRNA,9,29,0009_R0029,0.09550829098450479,0.09550829098450479,1211,1211,8,8,0,0,0,151.375,156,195.875,465.875
DOPC_mRNA,9,30,0009_R0030,1.575886801244329,1.563948264871266,20260,20115,132,131,1,0,1,153.54961832061068,167,261.14503816793894,473.8167938931298
DOPC_mRNA,9,31,0009_R0031,0.22683219108819888,0.22683219108819888,2865,2865,19,19,0,0,0,150.78947368421052,159,567.1578947368421,487.42105263157896
DOPC_mRNA,9,32,0009_R0032,0.38203316393801917,0.38203316393801917,4963,4963,32,32,0,0,0,155.09375,171,595.25,498.90625
DOPC_mRNA,9,33,0009_R0033,0.023877072746126198,0.023877072746126198,300,300,2,2,0,0,0,150,151,575,504.5
DOPC_mRNA,9,34,0009_R0034,0.07163121823837859,0.07163121823837859,907,907,6,6,0,0,0,151.16666666666666,156,577.1666666666666,506.3333333333333
DOPC_mRNA,9,35,0009_R0035,0.0835697546114417,0.0835697546114417,1052,1052,7,7,0,0,0,150.28571428571428,152,587.1428571428571,506.2857142857143
DOPC_mRNA,9,36,0009_R0036,0.09550829098450479,0.09550829098450479,1205,1205,8,8,0,0,0,150.625,154,586.875,514.125
DOPC_mRNA,9,37,0009_R0037,0.38203316393801917,0.38203316393801917,4820,4820,32,32,0,0,0,150.625,159,578.65625,521.34375
DOPC_mRNA,9,38,0009_R0038,0.6327424277723442,0.6327424277723442,8256,8256,53,53,0,0,0,155.77358490566039,166,605.8490566037735,528.7735849056604
DOPC_mRNA,9,39,0009_R0039,0.38203316393801917,0.3700946275649561,4817,4670,32,31,1,0,1,150.6451612903226,159,595.5806451612904,530.2258064516129
DOPC_mRNA,9,40,0009_R0040,0.023877072746126198,0.023877072746126198,302,302,2,2,0,0,0,151,152,541,551.5
DOPC_mRNA,9,41,0009_R0041,0.1552009728498203,0.1552009728498203,1981,1981,13,13,0,0,0,152.3846153846154,162,571.4615384615385,586.5384615384615
DOPC_mRNA,9,42,0009_R0042,0.119385363730631,0.119385363730631,1535,1535,10,10,0,0,0,153.5,162,663,692.2
DOPC_mRNA,10,1,0010_R0001,0.14326243647675718,0.14326243647675718,1961,1961,12,12,0,0,0,163.41666666666666,186,411.75,5.583333333333333
DOPC_mRNA,10,2,0010_R0002,0.25070926383432507,0.25070926383432507,3179,3179,21,21,0,0,0,151.38095238095238,160,277.9047619047619,86.14285714285714
DOPC_mRNA,10,3,0010_R0003,0.07163121823837859,0.07163121823837859,919,919,6,6,0,0,0,153.16666666666666,159,315.5,235.66666666666666
DOPC_mRNA,10,4,0010_R0004,0.1552009728498203,0.1552009728498203,2015,2015,13,13,0,0,0,155,161,543.8461538461538,240.07692307692307
DOPC_mRNA,10,5,0010_R0005,0.238770727461262,0.238770727461262,3170,3170,20,20,0,0,0,158.5,171,533.95,241.9
DOPC_mRNA,10,6,0010_R0006,0.10744682735756789,0.10744682735756789,1385,1385,9,9,0,0,0,153.88888888888889,161,334.1111111111111,244.66666666666666
DOPC_mRNA,10,7,0010_R0007,0.3700946275649561,0.3700946275649561,5030,5030,31,31,0,0,0,162.25806451612902,181,547.4193548387096,247.93548387096774
DOPC_mRNA,10,8,0010_R0008,0.1313239001036941,0.1313239001036941,1764,1764,11,11,0,0,0,160.36363636363637,172,559,248
DOPC_mRNA,10,9,0010_R0009,0.17907804559594648,0.17907804559594648,2269,2269,15,15,0,0,0,151.26666666666668,158,117.6,276.6666666666667
DOPC_mRNA,10,10,0010_R0010,0.0596926818653155,0.0596926818653155,753,753,5,5,0,0,0,150.6,153,239.8,298.6
DOPC_mRNA,10,11,0010_R0011,0.5730497459070287,0.5730497459070287,9267,9267,48,48,0,0,0,193.0625,326,14.9375,349.7083333333333
DOPC_mRNA,10,12,0010_R0012,0.6446809641454073,0.6327424277723442,8375,8229,54,53,1,0,1,155.26415094339623,181,481.33962264150944,355.07547169811323
DOPC_mRNA,10,13,0010_R0013,0.9908985189642372,0.9908985189642372,13520,13520,83,83,0,0,0,162.89156626506025,189,33.40963855421687,369.1807228915663
DOPC_mRNA,10,14,0010_R0014,2.172813619897484,2.172813619897484,29049,29049,182,182,0,0,0,159.6098901098901,181,5.862637362637362,383.8021978021978
DOPC_mRNA,10,15,0010_R0015,0.10744682735756789,0.10744682735756789,1350,1350,9,9,0,0,0,150,154,461.77777777777777,421.55555555555554
DOPC_mRNA,10,16,0010_R0016,0.035815609119189296,0.035815609119189296,452,452,3,3,0,0,0,150.66666666666666,152,355.6666666666667,429.6666666666667
DOPC_mRNA,10,17,0010_R0017,0.3342790184457668,0.3342790184457668,4613,4613,28,28,0,0,0,164.75,192,676.0357142857143,436.42857142857144
DOPC_mRNA,10,18,0010_R0018,0.2029551183420727,0.2029551183420727,2568,2568,17,17,0,0,0,151.05882352941177,157,16.11764705882353,467.3529411764706
DOPC_mRNA,10,19,0010_R0019,0.0835697546114417,0.0835697546114417,1052,1052,7,7,0,0,0,150.28571428571428,155,11.714285714285714,468.14285714285717
DOPC_mRNA,10,20,0010_R0020,0.047754145492252396,0.047754145492252396,608,608,4,4,0,0,0,152,156,51.75,477.25
DOPC_mRNA,10,21,0010_R0021,0.035815609119189296,0.035815609119189296,453,453,3,3,0,0,0,151,151,400.3333333333333,494.6666666666667
DOPC_mRNA,10,22,0010_R0022,0.035815609119189296,0.035815609119189296,456,456,3,3,0,0,0,152,156,17,550.6666666666666
DOPC_mRNA,10,23,0010_R0023,0.023877072746126198,0.023877072746126198,308,308,2,2,0,0,0,154,155,12,556.5
DOPC_mRNA,10,24,0010_R0024,0.09550829098450479,0.09550829098450479,1214,1214,8,8,0,0,0,151.75,156,210.125,636.875
DOPC_mRNA,10,25,0010_R0025,0.238770727461262,0.238770727461262,3049,3049,20,20,0,0,0,152.45,161,199.7,640.05
DOPC_mRNA,10,26,0010_R0026,1.444562901140635,1.444562901140635,19565,19565,121,121,0,0,0,161.69421487603304,190,184.22314049586777,673.305785123967
DOPC_mRNA,11,1,0011_R0001,0.3104019456996406,0.3104019456996406,4013,4013,26,26,0,0,0,154.34615384615384,169,481.8076923076923,47.46153846153846
DOPC_mRNA,11,2,0011_R0002,0.22683219108819888,0.22683219108819888,3004,3004,19,19,0,0,0,158.10526315789474,177,383.1578947368421,168.8421052631579
DOPC_mRNA,11,3,0011_R0003,0.09550829098450479,0.09550829098450479,1224,1224,8,8,0,0,0,153,163,35.125,209.875
DOPC_mRNA,11,4,0011_R0004,0.28652487295351436,0.28652487295351436,4009,4009,24,24,0,0,0,167.04166666666666,200,390.0833333333333,214.91666666666666
DOPC_mRNA,11,5,0011_R0005,0.047754145492252396,0.047754145492252396,621,621,4,4,0,0,0,155.25,157,72,239.5
DOPC_mRNA,11,6,0011_R0006,1.3848702192753195,1.3848702192753195,17679,17679,116,116,0,0,0,152.4051724137931,167,442.58620689655174,259.83620689655174
DOPC_mRNA,11,7,0011_R0007,0.238770727461262,0.238770727461262,3235,3235,20,20,0,0,0,161.75,188,648.35,261.45
DOPC_mRNA,11,8,0011_R0008,0.2745863365804513,0.2745863365804513,3532,3532,23,23,0,0,0,153.56521739130434,159,417.39130434782606,269.2608695652174
DOPC_mRNA,11,9,0011_R0009,1.5281326557520767,1.5281326557520767,23115,23115,128,128,0,0,0,180.5859375,380,389.2421875,274.9609375
DOPC_mRNA,11,10,0011_R0010,0.119385363730631,0.119385363730631,1534,1534,10,10,0,0,0,153.4,160,634,301.2
DOPC_mRNA,11,11,0011_R0011,0.023877072746126198,0.023877072746126198,303,303,2,2,0,0,0,151.5,153,655.5,301
DOPC_mRNA,11,12,0011_R0012,0.0835697546114417,0.0835697546114417,1068,1068,7,7,0,0,0,152.57142857142858,157,649.7142857142857,305
DOPC_mRNA,11,13,0011_R0013,0.5372341367878395,0.5372341367878395,6771,6771,45,45,0,0,0,150.46666666666667,157,327.97777777777776,322.7111111111111
DOPC_mRNA,11,14,0011_R0014,0.023877072746126198,0.023877072746126198,304,304,2,2,0,0,0,152,152,321.5,323
DOPC_mRNA,11,15,0011_R0015,0.10744682735756789,0.10744682735756789,1380,1380,9,9,0,0,0,153.33333333333334,160,331,335
DOPC_mRNA,11,16,0011_R0016,0.46560291854946084,0.46560291854946084,5980,5980,39,39,0,0,0,153.33333333333334,165,483.3076923076923,348.6666666666667
DOPC_mRNA,11,17,0011_R0017,0.0596926818653155,0.0596926818653155,757,757,5,5,0,0,0,151.4,153,439.8,358
DOPC_mRNA,11,18,0011_R0018,0.023877072746126198,0.023877072746126198,300,300,2,2,0,0,0,150,151,442,358.5
DOPC_mRNA,11,19,0011_R0019,2.769740438550639,2.769740438550639,36005,36005,232,232,0,0,0,155.19396551724137,169,485.3965517241379,391.1336206896552
DOPC_mRNA,11,20,0011_R0020,0.023877072746126198,0.023877072746126198,303,303,2,2,0,0,0,151.5,154,492.5,398
DOPC_mRNA,11,21,0011_R0021,0.10744682735756789,0.10744682735756789,1371,1371,9,9,0,0,0,152.33333333333334,156,550.5555555555555,414.6666666666667
DOPC_mRNA,11,22,0011_R0022,0.5849882822800918,0.5849882822800918,7541,7541,49,49,0,0,0,153.89795918367346,166,370.0816326530612,422.1224489795918
DOPC_mRNA,11,23,0011_R0023,0.023877072746126198,0.023877072746126198,308,308,2,2,0,0,0,154,155,492,422.5
DOPC_mRNA,11,24,0011_R0024,0.07163121823837859,0.07163121823837859,902,902,6,6,0,0,0,150.33333333333334,154,532.3333333333334,426.8333333333333
DOPC_mRNA,11,25,0011_R0025,0.023877072746126198,0.023877072746126198,304,304,2,2,0,0,0,152,153,362.5,427
DOPC_mRNA,11,26,0011_R0026,0.5372341367878395,0.5372341367878395,7273.000000000001,7273,45,45,0,0,0,161.62222222222223,180,559.9111111111112,431.93333333333334
DOPC_mRNA,11,27,0011_R0027,0.25070926383432507,0.25070926383432507,3173,3173,21,21,0,0,0,151.0952380952381,158,400.04761904761904,440.8095238095238
DOPC_mRNA,11,28,0011_R0028,0.023877072746126198,0.023877072746126198,305,305,2,2,0,0,0,152.5,156,611,472.5
DOPC_mRNA,11,29,0011_R0029,0.7760048642491014,0.7760048642491014,10411,10411,65,65,0,0,0,160.16923076923078,178,469.95384615384614,484.4769230769231
DOPC_mRNA,11,30,0011_R0030,0.07163121823837859,0.07163121823837859,910,910,6,6,0,0,0,151.66666666666666,156,443,519.5
DOPC_mRNA,11,31,0011_R0031,0.6446809641454073,0.6446809641454073,8343,8343,54,54,0,0,0,154.5,164,629.2777777777778,533.7592592592592
DOPC_mRNA,11,32,0011_R0032,0.035815609119189296,0.035815609119189296,449,449,3,3,0,0,0,149.66666666666666,153,693,534
DOPC_mRNA,11,33,0011_R0033,0.1671395092228834,0.1671395092228834,2126,2126,14,14,0,0,0,151.85714285714286,157,617.9285714285714,579.1428571428571
DOPC_mRNA,11,34,0011_R0034,0.10744682735756789,0.10744682735756789,1381,1381,9,9,0,0,0,153.44444444444446,164,621.1111111111111,594.3333333333334
DOPC_mRNA,11,35,0011_R0035,0.023877072746126198,0.023877072746126198,301,301,2,2,0,0,0,150.5,151,656,685.5
DOPC_mRNA,11,36,0011_R0036,0.9431443734719849,0.9431443734719849,12118,12118,79,79,0,0,0,153.39240506329114,167,661.4303797468355,691.5822784810126
DOPC_mRNA,12,1,0012_R0001,0.25070926383432507,0.25070926383432507,3457,3457,21,21,0,0,0,164.61904761904762,188,236,190
DOPC_mRNA,12,2,0012_R0002,3.1995277479809108,3.1995277479809108,48512,48512,268,268,0,0,0,181.01492537313433,227,588.7798507462686,209.6082089552239
DOPC_mRNA,12,3,0012_R0003,0.5491726731609026,0.5491726731609026,9868,9868,46,46,0,0,0,214.52173913043478,407,369.8478260869565,226.02173913043478
DOPC_mRNA,12,4,0012_R0004,0.023877072746126198,0.023877072746126198,301,301,2,2,0,0,0,150.5,152,665.5,275.5
DOPC_mRNA,12,5,0012_R0005,0.28652487295351436,0.28652487295351436,4132,4132,24,24,0,0,0,172.16666666666666,215,435.875,303.3333333333333
DOPC_mRNA,12,6,0012_R0006,0.1313239001036941,0.1313239001036941,1695,1695,11,11,0,0,0,154.0909090909091,163,438.54545454545456,325.6363636363636
DOPC_mRNA,12,7,0012_R0007,0.7640663278760383,0.7640663278760383,9794,9794,64,64,0,0,0,153.03125,170,280.421875,347.5
DOPC_mRNA,12,8,0012_R0008,0.5372341367878395,0.5372341367878395,7028,7028,45,45,0,0,0,156.17777777777778,178,531.5555555555555,374.77777777777777
DOPC_mRNA,12,9,0012_R0009,0.023877072746126198,0.023877072746126198,302,302,2,2,0,0,0,151,151,626,371.5
DOPC_mRNA,12,10,0012_R0010,0.119385363730631,0.119385363730631,1545,1545,10,10,0,0,0,154.5,163,441.2,374.5
DOPC_mRNA,12,11,0012_R0011,0.41784877305720847,0.41784877305720847,5358,5358,35,35,0,0,0,153.0857142857143,162,558.7142857142857,378.77142857142854
DOPC_mRNA,12,12,0012_R0012,0.023877072746126198,0.023877072746126198,303,303,2,2,0,0,0,151.5,152,442,380.5
DOPC_mRNA,12,13,0012_R0013,1.2535463191716254,1.2535463191716254,16621,16621,105,105,0,0,0,158.2952380952381,177,392.65714285714284,388.3333333333333
DOPC_mRNA,12,14,0012_R0014,0.19101658196900959,0.19101658196900959,2453,2453,16,16,0,0,0,153.3125,164,222.0625,422.3125
DOPC_mRNA,12,15,0012_R0015,24.70083175586755,24.4262454192871,325811,322474,2069,2046,23,0,1,157.6119257086999,191,362.4423264907136,451.71652003910066
DOPC_mRNA,12,16,0012_R0016,0.023877072746126198,0.023877072746126198,301,301,2,2,0,0,0,150.5,151,350.5,426
DOPC_mRNA,12,17,0012_R0017,0.035815609119189296,0.035815609119189296,453,453,3,3,0,0,0,151,153,272.3333333333333,468.3333333333333
DOPC_mRNA,12,18,0012_R0018,0.119385363730631,0.119385363730631,1517,1517,10,10,0,0,0,151.7,159,237.2,469.9
DOPC_mRNA,12,19,0012_R0019,0.047754145492252396,0.047754145492252396,602,602,4,4,0,0,0,150.5,152,351,476.75
DOPC_mRNA,12,20,0012_R0020,0.1552009728498203,0.1552009728498203,1955,1955,13,13,0,0,0,150.3846153846154,153,270.7692307692308,489
DOPC_mRNA,12,21,0012_R0021,0.0835697546114417,0.0835697546114417,1064,1064,7,7,0,0,0,152,156,312.85714285714283,488.42857142857144
DOPC_mRNA,12,22,0012_R0022,4.906738449328934,4.906738449328934,84421,84421,411,411,0,0,0,205.40389294403892,456,316.9124087591241,507.7153284671533
DOPC_mRNA,12,23,0012_R0023,0.25070926383432507,0.25070926383432507,3210,3210,21,21,0,0,0,152.85714285714286,160,512.6666666666666,501.14285714285717
DOPC_mRNA,12,24,0012_R0024,0.035815609119189296,0.035815609119189296,452,452,3,3,0,0,0,150.66666666666666,152,260.3333333333333,500.6666666666667
DOPC_mRNA,12,25,0012_R0025,0.6924351096376598,0.6924351096376598,9093,9093,58,58,0,0,0,156.77586206896552,174,260.3965517241379,520.6551724137931
DOPC_mRNA,12,26,0012_R0026,0.10744682735756789,0.10744682735756789,1364,1364,9,9,0,0,0,151.55555555555554,159,258.6666666666667,653.4444444444445
DOPC_mRNA,12,27,0012_R0027,0.2984634093265775,0.2984634093265775,3840,3840,25,25,0,0,0,153.6,164,264.8,668.92
DOPC_mRNA,12,28,0012_R0028,0.2984634093265775,0.2984634093265775,3765,3765,25,25,0,0,0,150.6,156,252.28,670
DOPC_mRNA,13,1,0013_R0001,0.047754145492252396,0.047754145492252396,607,607,4,4,0,0,0,151.75,154,210.5,137.5
DOPC_mRNA,13,2,0013_R0002,0.19101658196900959,0.19101658196900959,2560,2560,16,16,0,0,0,160,175,361.5,165.5
DOPC_mRNA,13,3,0013_R0003,0.2984634093265775,0.2984634093265775,3960,3960,25,25,0,0,0,158.4,170,701.96,182.6
DOPC_mRNA,13,4,0013_R0004,0.2029551183420727,0.2029551183420727,2583,2583,17,17,0,0,0,151.94117647058823,160,361,264.4117647058824
DOPC_mRNA,13,5,0013_R0005,0.0835697546114417,0.0835697546114417,1052,1052,7,7,0,0,0,150.28571428571428,152,560,277.2857142857143
DOPC_mRNA,13,6,0013_R0006,0.6208038913992812,0.6208038913992812,7893,7893,52,52,0,0,0,151.78846153846155,158,555.8653846153846,283.8269230769231
DOPC_mRNA,13,7,0013_R0007,0.1552009728498203,0.1552009728498203,2082,2082,13,13,0,0,0,160.15384615384616,180,580.6153846153846,282.61538461538464
DOPC_mRNA,13,8,0013_R0008,0.0596926818653155,0.0596926818653155,772,772,5,5,0,0,0,154.4,161,529,285
DOPC_mRNA,13,9,0013_R0009,0.035815609119189296,0.035815609119189296,452,452,3,3,0,0,0,150.66666666666666,154,327.6666666666667,288
DOPC_mRNA,13,10,0013_R0010,0.023877072746126198,0.023877072746126198,306,306,2,2,0,0,0,153,156,327.5,291
DOPC_mRNA,13,11,0013_R0011,0.1671395092228834,0.1671395092228834,2272,2272,14,14,0,0,0,162.28571428571428,184,567.5,292.2857142857143
DOPC_mRNA,13,12,0013_R0012,0.3104019456996406,0.3104019456996406,4242,4242,26,26,0,0,0,163.15384615384616,192,445,318.5
DOPC_mRNA,13,13,0013_R0013,0.1552009728498203,0.1552009728498203,2073,2073,13,13,0,0,0,159.46153846153845,175,539.3846153846154,338.61538461538464
DOPC_mRNA,13,14,0013_R0014,0.25070926383432507,0.25070926383432507,3478,3478,21,21,0,0,0,165.61904761904762,199,522.1428571428571,359.1904761904762
DOPC_mRNA,13,15,0013_R0015,0.0835697546114417,0.0835697546114417,1078,1078,7,7,0,0,0,154,161,612,376
DOPC_mRNA,13,16,0013_R0016,0.047754145492252396,0.047754145492252396,631,631,4,4,0,0,0,157.75,164,627.5,376.5
DOPC_mRNA,13,17,0013_R0017,0.17907804559594648,0.17907804559594648,2523,2523,15,15,0,0,0,168.2,196,622.6,381.6
DOPC_mRNA,13,18,0013_R0018,0.238770727461262,0.238770727461262,3347,3347,20,20,0,0,0,167.35,208,600.1,383.05
DOPC_mRNA,13,19,0013_R0019,0.0835697546114417,0.0835697546114417,1090,1090,7,7,0,0,0,155.71428571428572,169,616.7142857142857,389
DOPC_mRNA,13,20,0013_R0020,0.035815609119189296,0.035815609119189296,453,453,3,3,0,0,0,151,153,608.3333333333334,391
DOPC_mRNA,13,21,0013_R0021,0.0835697546114417,0.0835697546114417,1086,1086,7,7,0,0,0,155.14285714285714,159,629.2857142857143,391
DOPC_mRNA,13,22,0013_R0022,0.2984634093265775,0.2984634093265775,3870.0000000000005,3870,25,25,0,0,0,154.8,169,620.44,401.68
DOPC_mRNA,13,23,0013_R0023,0.047754145492252396,0.047754145492252396,621,621,4,4,0,0,0,155.25,159,623.5,407.5
DOPC_mRNA,13,24,0013_R0024,0.047754145492252396,0.047754145492252396,603,603,4,4,0,0,0,150.75,152,295.75,441.75
DOPC_mRNA,13,25,0013_R0025,0.0835697546114417,0.0835697546114417,1076,1076,7,7,0,0,0,153.71428571428572,158,222.71428571428572,486
DOPC_mRNA,13,26,0013_R0026,0.023877072746126198,0.023877072746126198,299,299,2,2,0,0,0,149.5,150,479,485.5
DOPC_mRNA,13,27,0013_R0027,0.07163121823837859,0.07163121823837859,904,904,6,6,0,0,0,150.66666666666666,153,277.8333333333333,518
DOPC_mRNA,13,28,0013_R0028,0.035815609119189296,0.035815609119189296,456,456,3,3,0,0,0,152,153,427.3333333333333,522.6666666666666
DOPC_mRNA,13,29,0013_R0029,0.4059102366841454,0.4059102366841454,5209,5209,34,34,0,0,0,153.2058823529412,167,434.38235294117646,526.3823529411765
DOPC_mRNA,13,30,0013_R0030,0.46560291854946084,0.46560291854946084,6155,6155,39,39,0,0,0,157.82051282051282,175,407.61538461538464,533.9230769230769
DOPC_mRNA,13,31,0013_R0031,0.0596926818653155,0.0596926818653155,753,753,5,5,0,0,0,150.6,156,461.8,539.4
DOPC_mRNA,13,32,0013_R0032,0.6208038913992812,0.6208038913992812,10337,10337,52,52,0,0,0,198.78846153846155,347,216.5,594.5
DOPC_mRNA,13,33,0013_R0033,0.09550829098450479,0.09550829098450479,1279,1279,8,8,0,0,0,159.875,177,662.875,656.875
DOPC_mRNA,14,1,0014_R0001,0.2626478002073882,0.2626478002073882,3373,3373,22,22,0,0,0,153.3181818181818,165,102.72727272727273,35.36363636363637
DOPC_mRNA,14,2,0014_R0002,1.4206858283945087,1.4206858283945087,18782,18782,119,119,0,0,0,157.83193277310923,178,422.47899159663865,58.72268907563025
DOPC_mRNA,14,3,0014_R0003,3.3069745753384785,3.3069745753384785,46620,46620,277,277,0,0,0,168.30324909747293,205,244.69675090252707,91.2057761732852
DOPC_mRNA,14,4,0014_R0004,0.2984634093265775,0.2984634093265775,3807,3807,25,25,0,0,0,152.28,160,326.96,123.28
DOPC_mRNA,14,5,0014_R0005,0.119385363730631,0.119385363730631,1529,1529,10,10,0,0,0,152.9,163,698.5,158
DOPC_mRNA,14,6,0014_R0006,1.0386526644564895,1.0386526644564895,14497.000000000002,14497,87,87,0,0,0,166.632183908046,192,644.4022988505748,236.44827586206895
DOPC_mRNA,14,7,0014_R0007,0.10744682735756789,0.10744682735756789,1372,1372,9,9,0,0,0,152.44444444444446,156,688.4444444444445,247
DOPC_mRNA,14,8,0014_R0008,0.0596926818653155,0.0596926818653155,776,776,5,5,0,0,0,155.2,159,703,249
DOPC_mRNA,14,9,0014_R0009,0.1671395092228834,0.1671395092228834,2155,2155,14,14,0,0,0,153.92857142857142,162,510.2857142857143,252.07142857142858
DOPC_mRNA,14,10,0014_R0010,2.125059474405232,2.125059474405232,35187,35187,178,178,0,0,0,197.67977528089887,279,669.3089887640449,269.0112359550562
DOPC_mRNA,14,11,0014_R0011,0.14326243647675718,0.14326243647675718,1812,1812,12,12,0,0,0,151,157,428.9166666666667,272.6666666666667
DOPC_mRNA,14,12,0014_R0012,0.07163121823837859,0.07163121823837859,904,904,6,6,0,0,0,150.66666666666666,155,422.6666666666667,279.6666666666667
DOPC_mRNA,14,13,0014_R0013,0.047754145492252396,0.047754145492252396,604,604,4,4,0,0,0,151,153,432,280.5
DOPC_mRNA,14,14,0014_R0014,0.035815609119189296,0.035815609119189296,452,452,3,3,0,0,0,150.66666666666666,152,424,283
DOPC_mRNA,14,15,0014_R0015,0.023877072746126198,0.023877072746126198,304,304,2,2,0,0,0,152,154,426.5,285
DOPC_mRNA,14,16,0014_R0016,0.6685580368915336,0.6685580368915336,9091,9091,56,56,0,0,0,162.33928571428572,184,678.1964285714286,288.55357142857144
DOPC_mRNA,14,17,0014_R0017,0.023877072746126198,0.023877072746126198,305,305,2,2,0,0,0,152.5,156,376.5,287
DOPC_mRNA,14,18,0014_R0018,0.035815609119189296,0.035815609119189296,457,457,3,3,0,0,0,152.33333333333334,156,370.3333333333333,288.6666666666667
DOPC_mRNA,14,19,0014_R0019,4.357565776168031,4.357565776168031,61212.00000000001,61212,365,365,0,0,0,167.7041095890411,242,234.64383561643837,312.2109589041096
DOPC_mRNA,14,20,0014_R0020,0.047754145492252396,0.047754145492252396,603,603,4,4,0,0,0,150.75,152,489.5,297
DOPC_mRNA,14,21,0014_R0021,2.8533101931620806,2.8533101931620806,50238,50238,239,239,0,0,0,210.20083682008368,378,647.071129707113,306.255230125523
DOPC_mRNA,14,22,0014_R0022,0.023877072746126198,0.023877072746126198,305,305,2,2,0,0,0,152.5,153,481.5,299
DOPC_mRNA,14,23,0014_R0023,0.9312058370989217,0.9312058370989217,11897,11897,78,78,0,0,0,152.52564102564102,162,193.69230769230768,319.9230769230769
DOPC_mRNA,14,24,0014_R0024,1.8504731378247803,1.8504731378247803,24888,24888,155,155,0,0,0,160.56774193548387,186,340.73548387096776,326.6
DOPC_mRNA,14,25,0014_R0025,1.456501437513698,1.456501437513698,20960,20960,122,122,0,0,0,171.80327868852459,202,697.2868852459017,325.8524590163934
DOPC_mRNA,14,26,0014_R0026,1.2774233919177516,1.2774233919177516,18268,18268,107,107,0,0,0,170.7289719626168,216,167.17757009345794,332
DOPC_mRNA,14,27,0014_R0027,0.5372341367878395,0.5372341367878395,7174,7174,45,45,0,0,0,159.42222222222222,185,218.6,337.0888888888889
DOPC_mRNA,14,28,0014_R0028,0.32234048207270366,0.32234048207270366,4181,4181,27,27,0,0,0,154.85185185185185,164,248.4814814814815,360.81481481481484
DOPC_mRNA,14,29,0014_R0029,0.5372341367878395,0.5372341367878395,7065,7065,45,45,0,0,0,157,176,220.84444444444443,368
DOPC_mRNA,14,30,0014_R0030,0.0596926818653155,0.0596926818653155,760,760,5,5,0,0,0,152,155,195.6,423.2
DOPC_mRNA,14,31,0014_R0031,0.10744682735756789,0.10744682735756789,1368,1368,9,9,0,0,0,152,159,329.8888888888889,450.3333333333333
DOPC_mRNA,14,32,0014_R0032,3.2830975025923523,3.2353433571001,42677,42098,275,271,4,0,1,155.34317343173433,170,340.7970479704797,458.43542435424354
DOPC_mRNA,14,33,0014_R0033,0.07163121823837859,0.07163121823837859,902,902,6,6,0,0,0,150.33333333333334,156,249,456.8333333333333
DOPC_mRNA,14,34,0014_R0034,0.023877072746126198,0.023877072746126198,302,302,2,2,0,0,0,151,151,339.5,475.5
DOPC_mRNA,14,35,0014_R0035,0.047754145492252396,0.047754145492252396,605,605,4,4,0,0,0,151.25,153,342.25,481.5
DOPC_mRNA,14,36,0014_R0036,0.5014185276686501,0.5014185276686501,6319,6319,42,42,0,0,0,150.45238095238096,155,360.0952380952381,486.42857142857144
DOPC_mRNA,14,37,0014_R0037,0.6566195005184704,0.6566195005184704,9044,9044,55,55,0,0,0,164.43636363636364,200,29.236363636363638,516.3636363636364
DOPC_mRNA,14,38,0014_R0038,0.035815609119189296,0.035815609119189296,457,457,3,3,0,0,0,152.33333333333334,155,38.333333333333336,520.6666666666666
DOPC_mRNA,14,39,0014_R0039,0.023877072746126198,0.023877072746126198,303,303,2,2,0,0,0,151.5,153,447.5,530
DOPC_mRNA,14,40,0014_R0040,0.477541454922524,0.477541454922524,6201,6201,40,40,0,0,0,155.025,168,151.65,566.25
DOPC_mRNA,14,41,0014_R0041,0.238770727461262,0.238770727461262,3006,3006,20,20,0,0,0,150.3,156,188.2,570.75
DOPC_mRNA,14,42,0014_R0042,0.035815609119189296,0.035815609119189296,451,451,3,3,0,0,0,150.33333333333334,151,191.66666666666666,574.3333333333334
DOPC_mRNA,14,43,0014_R0043,0.0596926818653155,0.0596926818653155,751,751,5,5,0,0,0,150.2,152,187.2,578.6
DOPC_mRNA,14,44,0014_R0044,2.8174945840428913,2.8174945840428913,65795,65795,236,236,0,0,0,278.79237288135596,612,241.8135593220339,597.4915254237288
DOPC_mRNA,15,1,0015_R0001,2.184752156270547,2.172813619897484,29312,29170,183,182,1,0,1,160.27472527472528,182,377.7142857142857,195.41758241758242
DOPC_mRNA,15,2,0015_R0002,1.2654848555446885,1.2654848555446885,16451,16451,106,106,0,0,0,155.19811320754718,167,389.1698113207547,215.11320754716982
DOPC_mRNA,15,3,0015_R0003,4.620213576375419,4.620213576375419,65966,65966,387,387,0,0,0,170.45478036175712,220,428.7958656330749,219.3798449612403
DOPC_mRNA,15,4,0015_R0004,1.3132390010369408,1.3132390010369408,17650,17650,110,110,0,0,0,160.45454545454547,195,399.2181818181818,235.04545454545453
DOPC_mRNA,15,5,0015_R0005,0.2029551183420727,0.2029551183420727,2637,2637,17,17,0,0,0,155.11764705882354,164,381.5882352941176,232.88235294117646
DOPC_mRNA,15,6,0015_R0006,0.035815609119189296,0.035815609119189296,463,463,3,3,0,0,0,154.33333333333334,158,410.3333333333333,268.6666666666667
DOPC_mRNA,15,7,0015_R0007,1.2416077827985623,1.2416077827985623,16469,16469,104,104,0,0,0,158.35576923076923,172,556.125,303.3269230769231
DOPC_mRNA,15,8,0015_R0008,0.047754145492252396,0.047754145492252396,602,602,4,4,0,0,0,150.5,153,296.5,302.5
DOPC_mRNA,15,9,0015_R0009,0.5611112095339656,0.5611112095339656,7216,7216,47,47,0,0,0,153.53191489361703,168,92.53191489361703,317.48936170212767
DOPC_mRNA,15,10,0015_R0010,0.19101658196900959,0.17907804559594648,2413,2273,16,15,1,0,1,151.53333333333333,158,101.66666666666667,319.06666666666666
DOPC_mRNA,15,11,0015_R0011,0.477541454922524,0.477541454922524,6035,6035,40,40,0,0,0,150.875,157,326.55,330.775
DOPC_mRNA,15,12,0015_R0012,0.09550829098450479,0.09550829098450479,1215,1215,8,8,0,0,0,151.875,156,413,335.625
DOPC_mRNA,15,13,0015_R0013,2.2444448381358626,2.2325063017627995,31734,31589,188,187,1,0,1,168.92513368983958,221,444.05882352941177,343.8449197860963
DOPC_mRNA,15,14,0015_R0014,0.7521277915029753,0.7521277915029753,9624,9624,63,63,0,0,0,152.76190476190476,166,461.7142857142857,351.6190476190476
DOPC_mRNA,15,15,0015_R0015,1.5520097284982028,1.5520097284982028,20208,20208,130,130,0,0,0,155.44615384615383,169,473.4,358.60769230769233
DOPC_mRNA,15,16,0015_R0016,3.0443267751310903,3.0443267751310903,41266,41266,255,255,0,0,0,161.82745098039214,187,52.3921568627451,364.48627450980393
DOPC_mRNA,15,17,0015_R0017,0.28652487295351436,0.28652487295351436,3754,3754,24,24,0,0,0,156.41666666666666,170,500.0416666666667,366.2916666666667
DOPC_mRNA,15,18,0015_R0018,0.5252956004147764,0.5252956004147764,6695,6695,44,44,0,0,0,152.1590909090909,161,316.65909090909093,371.3181818181818
DOPC_mRNA,15,19,0015_R0019,0.8834516916066694,0.8237590097413539,11172,10447,74,69,5,0,1,151.40579710144928,160,281.60869565217394,489.9710144927536
DOPC_mRNA,15,20,0015_R0020,0.0835697546114417,0.0835697546114417,1061,1061,7,7,0,0,0,151.57142857142858,155,328.2857142857143,485
DOPC_mRNA,15,21,0015_R0021,0.19101658196900959,0.19101658196900959,2430,2430,16,16,0,0,0,151.875,156,301.8125,497.3125
DOPC_mRNA,15,22,0015_R0022,2.7100477566853236,2.7100477566853236,36200,36200,227,227,0,0,0,159.4713656387665,186,102.8546255506608,521.3392070484582
DOPC_mRNA,15,23,0015_R0023,0.047754145492252396,0.047754145492252396,603,603,4,4,0,0,0,150.75,153,192,554.5
DOPC_mRNA,15,24,0015_R0024,5.181324785909385,5.169386249536322,72288,72143,434,433,1,0,1,166.6120092378753,242,583.8060046189377,661.5357967667436
DOPC_mRNA,15,25,0015_R0025,0.119385363730631,0.119385363730631,1506,1506,10,10,0,0,0,150.6,155,499.1,669.2
DOPC_mRNA,15,26,0015_R0026,2.519031174716314,2.519031174716314,39366,39366,211,211,0,0,0,186.56872037914692,242,564.303317535545,679.0900473933649
DOPC_mRNA,15,27,0015_R0027,1.1341609554409944,1.1341609554409944,15347,15347,95,95,0,0,0,161.54736842105262,187,642.5684210526316,679.1684210526316
DOPC_mRNA,16,1,0016_R0001,0.4059102366841454,0.4059102366841454,5290,5290,34,34,0,0,0,155.58823529411765,164,331.9117647058824,4.588235294117647
DOPC_mRNA,16,2,0016_R0002,0.4059102366841454,0.4059102366841454,5552,5552,34,34,0,0,0,163.2941176470588,209,482,159.61764705882354
DOPC_mRNA,16,3,0016_R0003,0.1552009728498203,0.1552009728498203,1989.9999999999998,1990,13,13,0,0,0,153.07692307692307,161,497.2307692307692,161.23076923076923
DOPC_mRNA,16,4,0016_R0004,0.0596926818653155,0.0596926818653155,768,768,5,5,0,0,0,153.6,157,493.6,164.2
DOPC_mRNA,16,5,0016_R0005,0.0835697546114417,0.0835697546114417,1100,1100,7,7,0,0,0,157.14285714285714,161,379.2857142857143,165
DOPC_mRNA,16,6,0016_R0006,0.14326243647675718,0.14326243647675718,1840,1840,12,12,0,0,0,153.33333333333334,158,262.8333333333333,284.5833333333333
DOPC_mRNA,16,7,0016_R0007,0.035815609119189296,0.035815609119189296,457,457,3,3,0,0,0,152.33333333333334,154,256.6666666666667,292.6666666666667
DOPC_mRNA,16,8,0016_R0008,0.047754145492252396,0.047754145492252396,617,617,4,4,0,0,0,154.25,156,259.5,299.5
DOPC_mRNA,16,9,0016_R0009,0.09550829098450479,0.09550829098450479,1219,1219,8,8,0,0,0,152.375,157,365.75,352.375
DOPC_mRNA,16,10,0016_R0010,0.0835697546114417,0.0835697546114417,1102,1102,7,7,0,0,0,157.42857142857142,164,190,365.7142857142857
DOPC_mRNA,16,11,0016_R0011,0.1313239001036941,0.1313239001036941,1671,1671,11,11,0,0,0,151.9090909090909,155,207.8181818181818,400.1818181818182
DOPC_mRNA,16,12,0016_R0012,0.1313239001036941,0.1313239001036941,1730,1730,11,11,0,0,0,157.27272727272728,168,146.45454545454547,440.3636363636364
DOPC_mRNA,16,13,0016_R0013,0.46560291854946084,0.46560291854946084,6019,6019,39,39,0,0,0,154.33333333333334,163,630.0512820512821,529.7435897435897
DOPC_mRNA,16,14,0016_R0014,0.023877072746126198,0.023877072746126198,308,308,2,2,0,0,0,154,155,481.5,527
DOPC_mRNA,16,15,0016_R0015,0.6924351096376598,0.6924351096376598,9830,9830,58,58,0,0,0,169.48275862068965,208,592.8103448275862,530.9137931034483
DOPC_mRNA,16,16,0016_R0016,0.07163121823837859,0.07163121823837859,925,925,6,6,0,0,0,154.16666666666666,166,466.1666666666667,543.8333333333334
DOPC_mRNA,16,17,0016_R0017,0.3342790184457668,0.3342790184457668,4305,4305,28,28,0,0,0,153.75,164,613.75,549.8214285714286
DOPC_mRNA,16,18,0016_R0018,0.1552009728498203,0.1552009728498203,2013,2013,13,13,0,0,0,154.84615384615384,160,213,573
DOPC_mRNA,16,19,0016_R0019,1.3968087556483826,1.3968087556483826,21992,21992,117,117,0,0,0,187.96581196581195,243,624.6923076923077,577.0598290598291
DOPC_mRNA,16,20,0016_R0020,0.0835697546114417,0.0835697546114417,1088,1088,7,7,0,0,0,155.42857142857142,161,213.14285714285714,580.2857142857143
DOPC_mRNA,16,21,0016_R0021,0.023877072746126198,0.023877072746126198,308,308,2,2,0,0,0,154,155,433.5,581
DOPC_mRNA,16,22,0016_R0022,0.39397170031108225,0.39397170031108225,5324,5324,33,33,0,0,0,161.33333333333334,190,633.3636363636364,609.5757575757576
DOPC_mRNA,16,23,0016_R0023,0.5252956004147764,0.5252956004147764,6813,6813,44,44,0,0,0,154.8409090909091,163,317.20454545454544,649.6363636363636
DOPC_mRNA,16,24,0016_R0024,0.238770727461262,0.238770727461262,3081,3081,20,20,0,0,0,154.05,165,649.2,656.8
DOPC_mRNA,16,25,0016_R0025,0.023877072746126198,0.023877072746126198,305,305,2,2,0,0,0,152.5,155,312.5,677
DOPC_mRNA,16,26,0016_R0026,1.205792173679373,1.205792173679373,16290,16290,101,101,0,0,0,161.2871287128713,184,318.08910891089107,683.4752475247525
DOPC_mRNA,16,27,0016_R0027,0.3462175548188299,0.3462175548188299,4513,4513,29,29,0,0,0,155.6206896551724,167,677.2413793103449,683.2068965517242
DOPC_mRNA,16,28,0016_R0028,0.035815609119189296,0.035815609119189296,453,453,3,3,0,0,0,151,152,330.3333333333333,684.6666666666666
DOPC_mRNA,16,29,0016_R0029,0.1313239001036941,0.1313239001036941,1684,1684,11,11,0,0,0,153.0909090909091,158,668.5454545454545,686.6363636363636
DOPC_mRNA,16,30,0016_R0030,0.023877072746126198,0.023877072746126198,304,304,2,2,0,0,0,152,153,701,696.5
mRNA,17,1,0017_R0001,0.1313239001036941,0.1313239001036941,1665,1665,11,11,0,0,0,151.36363636363637,159,566.1818181818181,72.18181818181819
mRNA,17,2,0017_R0002,0.14326243647675718,0.14326243647675718,1837,1837,12,12,0,0,0,153.08333333333334,161,599.3333333333334,128.5
mRNA,17,3,0017_R0003,0.7760048642491014,0.7760048642491014,10702,10702,65,65,0,0,0,164.64615384615385,197,409.3076923076923,153.2153846153846
mRNA,17,4,0017_R0004,0.35815609119189296,0.35815609119189296,4623,4623,30,30,0,0,0,154.1,164,597.7333333333333,152.36666666666667
mRNA,17,5,0017_R0005,0.1671395092228834,0.1671395092228834,2189,2189,14,14,0,0,0,156.35714285714286,173,529.2857142857143,155.5
mRNA,17,6,0017_R0006,0.10744682735756789,0.10744682735756789,1385,1385,9,9,0,0,0,153.88888888888889,160,494.6666666666667,166
mRNA,17,7,0017_R0007,0.09550829098450479,0.09550829098450479,1221,1221,8,8,0,0,0,152.625,160,520.875,175.875
mRNA,17,8,0017_R0008,1.1699765645601836,1.1699765645601836,15089,15089,98,98,0,0,0,153.96938775510205,167,258.0204081632653,181.3265306122449
mRNA,17,9,0017_R0009,0.119385363730631,0.119385363730631,1559,1559,10,10,0,0,0,155.9,164,489,185.2
mRNA,17,10,0017_R0010,0.84763608248748,0.84763608248748,11431,11431,71,71,0,0,0,161,231,634.169014084507,267.056338028169
mRNA,17,11,0017_R0011,0.023877072746126198,0.023877072746126198,305,305,2,2,0,0,0,152.5,153,461.5,273.5
mRNA,17,12,0017_R0012,0.035815609119189296,0.035815609119189296,454,454,3,3,0,0,0,151.33333333333334,153,637.3333333333334,274.6666666666667
mRNA,17,13,0017_R0013,0.10744682735756789,0.10744682735756789,1358,1358,9,9,0,0,0,150.88888888888889,157,625.1111111111111,276.8888888888889
mRNA,17,14,0017_R0014,0.023877072746126198,0.023877072746126198,300,300,2,2,0,0,0,150,151,629.5,275.5
mRNA,17,15,0017_R0015,0.477541454922524,0.477541454922524,6201,6201,40,40,0,0,0,155.025,177,630.65,281.825
mRNA,17,16,0017_R0016,0.21489365471513577,0.21489365471513577,2759,2759,18,18,0,0,0,153.27777777777777,158,627.5555555555555,293.55555555555554
mRNA,17,17,0017_R0017,0.1313239001036941,0.1313239001036941,1666.9999999999998,1667,11,11,0,0,0,151.54545454545453,158,37.90909090909091,299.45454545454544
mRNA,17,18,0017_R0018,7.748110106117951,7.736171569744888,104872,104726,649,648,1,0,1,161.6141975308642,191,564.3271604938271,321.5679012345679
mRNA,17,19,0017_R0019,0.4059102366841454,0.39397170031108225,5108,4964,34,33,1,0,1,150.42424242424244,160,480.3939393939394,322.75757575757575
mRNA,17,20,0017_R0020,2.411584347358746,2.411584347358746,32912,32912,202,202,0,0,0,162.93069306930693,198,636.0742574257425,341.9059405940594
mRNA,17,21,0017_R0021,0.14326243647675718,0.14326243647675718,1799,1799,12,12,0,0,0,149.91666666666666,153,483.5833333333333,336
mRNA,17,22,0017_R0022,0.023877072746126198,0.023877072746126198,302,302,2,2,0,0,0,151,151,491,335.5
mRNA,17,23,0017_R0023,0.035815609119189296,0.035815609119189296,454,454,3,3,0,0,0,151.33333333333334,152,492.6666666666667,338.3333333333333
mRNA,17,24,0017_R0024,0.035815609119189296,0.035815609119189296,452,452,3,3,0,0,0,150.66666666666666,151,4.666666666666667,340
mRNA,17,25,0017_R0025,2.9368799477735226,2.9368799477735226,39805,39805,246,246,0,0,0,161.8089430894309,190,496.9715447154472,356.4552845528455
mRNA,17,26,0017_R0026,0.3462175548188299,0.3462175548188299,4502,4502,29,29,0,0,0,155.24137931034483,169,670.2758620689655,351.37931034482756
mRNA,17,27,0017_R0027,0.6327424277723442,0.6327424277723442,8166,8166,53,53,0,0,0,154.0754716981132,165,599.5094339622641,356.50943396226415
mRNA,17,28,0017_R0028,0.0835697546114417,0.0835697546114417,1058,1058,7,7,0,0,0,151.14285714285714,155,639.2857142857143,357.57142857142856
mRNA,17,29,0017_R0029,0.8237590097413539,0.8237590097413539,10632,10632,69,69,0,0,0,154.08695652173913,169,503.3188405797101,374.3623188405797
mRNA,17,30,0017_R0030,0.8595746188605431,0.8595746188605431,11554,11554,72,72,0,0,0,160.47222222222223,184,454.31944444444446,380.875
mRNA,17,31,0017_R0031,0.047754145492252396,0.047754145492252396,609,609,4,4,0,0,0,152.25,155,452.5,395.5
mRNA,17,32,0017_R0032,1.4803785102598244,1.4803785102598244,22044,22044,124,124,0,0,0,177.7741935483871,238,517.3951612903226,405.6290322580645
mRNA,17,33,0017_R0033,0.3342790184457668,0.3342790184457668,4730,4730,28,28,0,0,0,168.92857142857142,216,688.9642857142857,420.25
mRNA,17,34,0017_R0034,0.023877072746126198,0.023877072746126198,318,318,2,2,0,0,0,159,163,675.5,451
mRNA,17,35,0017_R0035,0.0596926818653155,0.0596926818653155,762,762,5,5,0,0,0,152.4,156,440.8,455.8
mRNA,17,36,0017_R0036,0.1671395092228834,0.1671395092228834,2207,2207,14,14,0,0,0,157.64285714285714,174,693.5,479.2857142857143
mRNA,17,37,0017_R0037,0.09550829098450479,0.09550829098450479,1207,1207,8,8,0,0,0,150.875,154,700.125,486.25
mRNA,17,38,0017_R0038,0.119385363730631,0.119385363730631,1555,1555,10,10,0,0,0,155.5,162,429.2,487.9
mRNA,17,39,0017_R0039,0.119385363730631,0.119385363730631,1515,1515,10,10,0,0,0,151.5,156,439.2,493.6
mRNA,17,40,0017_R0040,0.047754145492252396,0.047754145492252396,610,610,4,4,0,0,0,152.5,158,542,501.5
mRNA,17,41,0017_R0041,0.238770727461262,0.238770727461262,3143,3143,20,20,0,0,0,157.15,168,503.9,518.05
mRNA,17,42,0017_R0042,0.07163121823837859,0.07163121823837859,909,909,6,6,0,0,0,151.5,156,561.8333333333334,520.8333333333334
mRNA,17,43,0017_R0043,0.2029551183420727,0.2029551183420727,2836,2836,17,17,0,0,0,166.8235294117647,190,618.4705882352941,525.3529411764706
mRNA,17,44,0017_R0044,0.238770727461262,0.238770727461262,3269,3269,20,20,0,0,0,163.45,185,556.95,534.5
mRNA,17,45,0017_R0045,1.5520097284982028,1.5520097284982028,19894,19894,130,130,0,0,0,153.03076923076924,170,393.96153846153845,539.1
mRNA,17,46,0017_R0046,0.35815609119189296,0.35815609119189296,4592,4592,30,30,0,0,0,153.06666666666666,161,410.6,539.1
mRNA,17,47,0017_R0047,0.14326243647675718,0.14326243647675718,1862,1862,12,12,0,0,0,155.16666666666666,169,574.0833333333334,539.1666666666666
mRNA,17,48,0017_R0048,0.1313239001036941,0.1313239001036941,1702,1702,11,11,0,0,0,154.72727272727272,162,564.3636363636364,540.4545454545455
mRNA,17,49,0017_R0049,0.119385363730631,0.119385363730631,1519,1519,10,10,0,0,0,151.9,159,601.7,541.8
mRNA,17,50,0017_R0050,0.25070926383432507,0.25070926383432507,3388,3388,21,21,0,0,0,161.33333333333334,183,571,546
mRNA,17,51,0017_R0051,0.0835697546114417,0.0835697546114417,1080,1080,7,7,0,0,0,154.28571428571428,163,502,554.2857142857143
mRNA,17,52,0017_R0052,0.1552009728498203,0.1552009728498203,2046,2046,13,13,0,0,0,157.3846153846154,170,533.6153846153846,559.6153846153846
mRNA,17,53,0017_R0053,1.5520097284982028,1.5520097284982028,20534,20534,130,130,0,0,0,157.95384615384614,170,332.4846153846154,569.6923076923077
mRNA,17,54,0017_R0054,0.10744682735756789,0.10744682735756789,1447,1447,9,9,0,0,0,160.77777777777777,169,523,601
mRNA,17,55,0017_R0055,0.1552009728498203,0.1552009728498203,1945,1945,13,13,0,0,0,149.6153846153846,155,183.6153846153846,603.5384615384615
mRNA,17,56,0017_R0056,0.023877072746126198,0.023877072746126198,305,305,2,2,0,0,0,152.5,154,339.5,634
mRNA,17,57,0017_R0057,0.047754145492252396,0.047754145492252396,619,619,4,4,0,0,0,154.75,160,528.75,645.25
mRNA,17,58,0017_R0058,0.0835697546114417,0.0835697546114417,1059,1059,7,7,0,0,0,151.28571428571428,154,200.14285714285714,666.2857142857143
mRNA,18,1,0018_R0001,0.1313239001036941,0.1313239001036941,1665,1665,11,11,0,0,0,151.36363636363637,153,406.09090909090907,43.63636363636363
mRNA,18,2,0018_R0002,0.023877072746126198,0.023877072746126198,304,304,2,2,0,0,0,152,154,477.5,143
mRNA,18,3,0018_R0003,0.1552009728498203,0.1552009728498203,1984.9999999999998,1985,13,13,0,0,0,152.69230769230768,157,373.61538461538464,228.23076923076923
mRNA,18,4,0018_R0004,2.2563833745089257,2.1966906926436103,29207.000000000004,28475,189,184,5,0,1,154.7554347826087,168,324.9021739130435,240.60326086956522
mRNA,18,5,0018_R0005,0.19101658196900959,0.19101658196900959,2533,2533,16,16,0,0,0,158.3125,173,259.5,265
mRNA,18,6,0018_R0006,0.2029551183420727,0.2029551183420727,2763,2763,17,17,0,0,0,162.52941176470588,182,576,312.6470588235294
mRNA,18,7,0018_R0007,0.22683219108819888,0.22683219108819888,3030.9999999999995,3031,19,19,0,0,0,159.52631578947367,170,275,361.2105263157895
mRNA,18,8,0018_R0008,0.38203316393801917,0.38203316393801917,5327,5327,32,32,0,0,0,166.46875,202,472.3125,361.25
mRNA,18,9,0018_R0009,0.047754145492252396,0.047754145492252396,618,618,4,4,0,0,0,154.5,157,224.5,391.5
mRNA,18,10,0018_R0010,0.047754145492252396,0.047754145492252396,607,607,4,4,0,0,0,151.75,154,149.5,506
mRNA,18,11,0018_R0011,3.9516555394838857,3.9516555394838857,59654,59654,331,331,0,0,0,180.2235649546828,275,154.83987915407855,532.0543806646525
mRNA,18,12,0018_R0012,4.3933813852872206,4.3933813852872206,69384,69384,368,368,0,0,0,188.54347826086956,334,264.7826086956522,536.6820652173913
mRNA,18,13,0018_R0013,2.2205677653897364,2.2205677653897364,34304,34304,186,186,0,0,0,184.43010752688173,304,231.38709677419354,538.8602150537635
mRNA,18,14,0018_R0014,0.1313239001036941,0.1313239001036941,1693,1693,11,11,0,0,0,153.9090909090909,156,515.8181818181819,531.2727272727273
mRNA,18,15,0018_R0015,1.9579199651823482,1.9579199651823482,25712,25712,164,164,0,0,0,156.78048780487805,177,360.8475609756098,540.5426829268292
mRNA,18,16,0018_R0016,4.094917975960643,4.094917975960643,56348,56348,343,343,0,0,0,164.2798833819242,196,254.2944606413994,561.9941690962099
mRNA,18,17,0018_R0017,1.086406809948742,1.086406809948742,14151,14151,91,91,0,0,0,155.5054945054945,166,368.6043956043956,554.6483516483516
mRNA,18,18,0018_R0018,0.5014185276686501,0.5014185276686501,6757,6757,42,42,0,0,0,160.88095238095238,183,276.07142857142856,554.2619047619048
mRNA,18,19,0018_R0019,0.0596926818653155,0.0596926818653155,755,755,5,5,0,0,0,151,152,328.4,552.8
mRNA,18,20,0018_R0020,0.2745863365804513,0.2745863365804513,3500,3500,23,23,0,0,0,152.17391304347825,159,266.7391304347826,566.1304347826087
mRNA,18,21,0018_R0021,0.035815609119189296,0.035815609119189296,457,457,3,3,0,0,0,152.33333333333334,156,317,565
mRNA,18,22,0018_R0022,0.17907804559594648,0.17907804559594648,2276,2276,15,15,0,0,0,151.73333333333332,157,319.2,568
mRNA,18,23,0018_R0023,1.0983453463218051,1.0983453463218051,19438,19438,92,92,0,0,0,211.2826086956522,431,238.33695652173913,571.9021739130435
mRNA,18,24,0018_R0024,0.19101658196900959,0.19101658196900959,2433,2433,16,16,0,0,0,152.0625,158,263.625,573.4375
mRNA,18,25,0018_R0025,0.10744682735756789,0.10744682735756789,1355,1355,9,9,0,0,0,150.55555555555554,153,374.22222222222223,575.8888888888889
mRNA,18,26,0018_R0026,0.41784877305720847,0.41784877305720847,5606,5606,35,35,0,0,0,160.17142857142858,179,244.45714285714286,581.2571428571429
mRNA,18,27,0018_R0027,1.9579199651823482,1.922104356063159,25364,24928,164,161,3,0,1,154.83229813664596,171,362.9875776397516,592.0372670807453
mRNA,18,28,0018_R0028,0.0596926818653155,0.0596926818653155,770,770,5,5,0,0,0,154,156,97.6,596.2
mRNA,18,29,0018_R0029,0.0596926818653155,0.0596926818653155,777,777,5,5,0,0,0,155.4,167,311.8,614.6
mRNA,18,30,0018_R0030,1.4684399738867613,1.4684399738867613,18932,18932,123,123,0,0,0,153.91869918699186,170,387.3577235772358,636.4634146341464
mRNA,18,31,0018_R0031,0.46560291854946084,0.46560291854946084,6282,6282,39,39,0,0,0,161.07692307692307,189,319.05128205128204,640.5897435897435
mRNA,18,32,0018_R0032,0.46560291854946084,0.46560291854946084,7613,7613,39,39,0,0,0,195.2051282051282,299,458.5897435897436,640
mRNA,18,33,0018_R0033,0.09550829098450479,0.09550829098450479,1207,1207,8,8,0,0,0,150.875,153,525.25,641.75
mRNA,18,34,0018_R0034,0.023877072746126198,0.023877072746126198,306,306,2,2,0,0,0,153,155,394,686.5
mRNA,18,35,0018_R0035,0.023877072746126198,0.023877072746126198,307,307,2,2,0,0,0,153.5,154,646,686.5
mRNA,18,36,0018_R0036,0.09550829098450479,0.09550829098450479,1217,1217,8,8,0,0,0,152.125,155,398.5,689.5
mRNA,19,1,0019_R0001,0.035815609119189296,0.035815609119189296,462,462,3,3,0,0,0,154,159,533.3333333333334,46.333333333333336
mRNA,19,2,0019_R0002,0.035815609119189296,0.035815609119189296,451,451,3,3,0,0,0,150.33333333333334,151,61.666666666666664,95.66666666666667
mRNA,19,3,0019_R0003,0.46560291854946084,0.46560291854946084,5990,5990,39,39,0,0,0,153.5897435897436,171,104.17948717948718,98.02564102564102
mRNA,19,4,0019_R0004,0.035815609119189296,0.035815609119189296,454,454,3,3,0,0,0,151.33333333333334,152,64,98
mRNA,19,5,0019_R0005,0.035815609119189296,0.035815609119189296,459,459,3,3,0,0,0,153,156,63.666666666666664,109.33333333333333
mRNA,19,6,0019_R0006,0.3462175548188299,0.3462175548188299,4643,4643,29,29,0,0,0,160.10344827586206,177,91.96551724137932,111.44827586206897
mRNA,19,7,0019_R0007,0.10744682735756789,0.10744682735756789,1372,1372,9,9,0,0,0,152.44444444444446,157,95.66666666666667,121.88888888888889
mRNA,19,8,0019_R0008,0.047754145492252396,0.047754145492252396,612,612,4,4,0,0,0,153,155,87.25,129.25
mRNA,19,9,0019_R0009,0.46560291854946084,0.46560291854946084,6110,6110,39,39,0,0,0,156.66666666666666,172,104.2051282051282,131.3846153846154
mRNA,19,10,0019_R0010,0.035815609119189296,0.035815609119189296,460,460,3,3,0,0,0,153.33333333333334,157,149.66666666666666,131.66666666666666
mRNA,19,11,0019_R0011,0.17907804559594648,0.17907804559594648,2449,2449,15,15,0,0,0,163.26666666666668,190,84.46666666666667,157.13333333333333
mRNA,19,12,0019_R0012,1.5281326557520767,1.5281326557520767,24556,24556,128,128,0,0,0,191.84375,298,169.21875,171.9296875
mRNA,19,13,0019_R0013,0.4059102366841454,0.4059102366841454,5773,5773,34,34,0,0,0,169.7941176470588,203,317.8529411764706,174.26470588235293
mRNA,19,14,0019_R0014,0.07163121823837859,0.07163121823837859,943,943,6,6,0,0,0,157.16666666666666,164,37.833333333333336,238.16666666666666
mRNA,19,15,0019_R0015,0.21489365471513577,0.21489365471513577,2925,2925,18,18,0,0,0,162.5,179,172.72222222222223,276.1111111111111
mRNA,19,16,0019_R0016,0.1313239001036941,0.1313239001036941,1741,1741,11,11,0,0,0,158.27272727272728,170,153.9090909090909,295.3636363636364
mRNA,19,17,0019_R0017,0.047754145492252396,0.047754145492252396,616,616,4,4,0,0,0,154,159,152.5,330.5
mRNA,19,18,0019_R0018,0.1552009728498203,0.1552009728498203,2078,2078,13,13,0,0,0,159.84615384615384,170,196.3846153846154,344.61538461538464
mRNA,19,19,0019_R0019,0.035815609119189296,0.035815609119189296,456,456,3,3,0,0,0,152,154,281.6666666666667,380.6666666666667
mRNA,19,20,0019_R0020,0.9073287643527955,0.9073287643527955,12001,12001,76,76,0,0,0,157.9078947368421,178,199.56578947368422,386.17105263157896
mRNA,19,21,0019_R0021,0.8118204733682908,0.8118204733682908,11043,11043,68,68,0,0,0,162.39705882352942,220,201.08823529411765,404.0882352941176
mRNA,19,22,0019_R0022,0.023877072746126198,0.023877072746126198,306,306,2,2,0,0,0,153,156,225.5,407
mRNA,19,23,0019_R0023,0.238770727461262,0.238770727461262,3205,3205,20,20,0,0,0,160.25,181,249.25,420.75
mRNA,19,24,0019_R0024,0.2029551183420727,0.2029551183420727,2747,2747,17,17,0,0,0,161.58823529411765,178,167.88235294117646,431.5882352941176
mRNA,19,25,0019_R0025,0.0835697546114417,0.0835697546114417,1073,1073,7,7,0,0,0,153.28571428571428,157,626.1428571428571,461.14285714285717
mRNA,19,26,0019_R0026,0.6685580368915336,0.6685580368915336,9920,9920,56,56,0,0,0,177.14285714285714,234,280.5,472.5
mRNA,19,27,0019_R0027,0.1552009728498203,0.1552009728498203,2036.9999999999998,2037,13,13,0,0,0,156.69230769230768,169,234.3846153846154,481.38461538461536
mRNA,19,28,0019_R0028,0.035815609119189296,0.035815609119189296,462,462,3,3,0,0,0,154,155,269.6666666666667,486.6666666666667
mRNA,19,29,0019_R0029,0.07163121823837859,0.07163121823837859,913,913,6,6,0,0,0,152.16666666666666,156,701.1666666666666,498
mRNA,19,30,0019_R0030,0.21489365471513577,0.2029551183420727,2724,2579,18,17,1,0,1,151.7058823529412,156,646.1764705882352,502.1764705882353
mRNA,19,31,0019_R0031,0.19101658196900959,0.19101658196900959,2622,2622,16,16,0,0,0,163.875,188,296.5,512
mRNA,19,32,0019_R0032,0.84763608248748,0.84763608248748,11317,11317,71,71,0,0,0,159.3943661971831,189,624.3521126760563,527.5774647887324
mRNA,19,33,0019_R0033,0.35815609119189296,0.35815609119189296,4554,4554,30,30,0,0,0,151.8,160,669.1333333333333,539.4
mRNA,19,34,0019_R0034,0.023877072746126198,0.023877072746126198,309,309,2,2,0,0,0,154.5,155,298.5,550
mRNA,19,35,0019_R0035,9.312058370989217,9.312058370989217,165780,165780,780,780,0,0,0,212.53846153846155,294,450.5282051282051,575.2538461538461
mRNA,19,36,0019_R0036,0.2029551183420727,0.2029551183420727,2799,2799,17,17,0,0,0,164.64705882352942,187,367.4117647058824,584.1176470588235
mRNA,19,37,0019_R0037,0.07163121823837859,0.07163121823837859,929,929,6,6,0,0,0,154.83333333333334,157,493.8333333333333,590.8333333333334
mRNA,19,38,0019_R0038,1.563948264871266,1.563948264871266,20042,20042,131,131,0,0,0,152.99236641221373,164,640.4045801526718,645.8473282442748
mRNA,19,39,0019_R0039,0.0835697546114417,0.0835697546114417,1084,1084,7,7,0,0,0,154.85714285714286,170,583.2857142857143,644
mRNA,19,40,0019_R0040,0.09550829098450479,0.09550829098450479,1283,1283,8,8,0,0,0,160.375,165,370.875,650.875
mRNA,19,41,0019_R0041,0.1552009728498203,0.1552009728498203,1976.9999999999998,1977,13,13,0,0,0,152.07692307692307,160,629.8461538461538,661.3846153846154
mRNA,19,42,0019_R0042,2.0892438652860426,2.0892438652860426,27307,27307,175,175,0,0,0,156.04,173,629.9657142857143,681.52
mRNA,19,43,0019_R0043,0.38203316393801917,0.38203316393801917,4925,4925,32,32,0,0,0,153.90625,162,120.5625,691.375
mRNA,19,44,0019_R0044,0.38203316393801917,0.38203316393801917,5511,5511,32,32,0,0,0,172.21875,234,488.25,692.21875
mRNA,20,1,0020_R0001,0.38203316393801917,0.38203316393801917,5289,5289,32,32,0,0,0,165.28125,181,109.875,16.78125
mRNA,20,2,0020_R0002,0.0835697546114417,0.0835697546114417,1173,1173,7,7,0,0,0,167.57142857142858,187,79,56.285714285714285
mRNA,20,3,0020_R0003,0.09550829098450479,0.09550829098450479,1333,1333,8,8,0,0,0,166.625,180,576.125,133.875
mRNA,20,4,0020_R0004,0.7521277915029753,0.7521277915029753,10486,10486,63,63,0,0,0,166.44444444444446,198,316.06349206349205,202.55555555555554
mRNA,20,5,0020_R0005,0.1313239001036941,0.1313239001036941,1797,1797,11,11,0,0,0,163.36363636363637,172,294.6363636363636,207.0909090909091
mRNA,20,6,0020_R0006,0.41784877305720847,0.41784877305720847,6771,6771,35,35,0,0,0,193.45714285714286,271,427,212.68571428571428
mRNA,20,7,0020_R0007,0.023877072746126198,0.023877072746126198,322,322,2,2,0,0,0,161,163,300.5,210
mRNA,20,8,0020_R0008,0.023877072746126198,0.023877072746126198,326,326,2,2,0,0,0,163,166,295,215.5
mRNA,20,9,0020_R0009,0.4059102366841454,0.4059102366841454,5421,5421,34,34,0,0,0,159.44117647058823,166,276.29411764705884,230.61764705882354
mRNA,20,10,0020_R0010,0.32234048207270366,0.32234048207270366,5173,5173,27,27,0,0,0,191.59259259259258,281,363.1111111111111,271.1111111111111
mRNA,20,11,0020_R0011,0.2984634093265775,0.2984634093265775,4671,4671,25,25,0,0,0,186.84,259,334.2,280.96
mRNA,20,12,0020_R0012,0.9431443734719849,0.9431443734719849,13582,13582,79,79,0,0,0,171.9240506329114,198,284.1012658227848,365.8607594936709
mRNA,20,13,0020_R0013,0.023877072746126198,0.023877072746126198,323,323,2,2,0,0,0,161.5,163,380,376.5
mRNA,20,14,0020_R0014,0.2626478002073882,0.2626478002073882,3483,3483,22,22,0,0,0,158.3181818181818,164,397,386.6363636363636
mRNA,20,15,0020_R0015,0.28652487295351436,0.28652487295351436,3928,3928,24,24,0,0,0,163.66666666666666,177,124.125,401.6666666666667
mRNA,20,16,0020_R0016,0.1313239001036941,0.1313239001036941,1829,1829,11,11,0,0,0,166.27272727272728,178,102.9090909090909,464.6363636363636
mRNA,20,17,0020_R0017,0.7043736460107228,0.6924351096376598,9407,9256,59,58,1,0,1,159.58620689655172,172,77.53448275862068,532.051724137931
mRNA,20,18,0020_R0018,1.8982272833170328,1.8982272833170328,28055,28055,159,159,0,0,0,176.44654088050314,254,90.66037735849056,549.1069182389937
mRNA,20,19,0020_R0019,10.147755917103634,10.076124698865256,144179,143274,850,844,6,0,1,169.7559241706161,210,54.291469194312796,557.3068720379147
mRNA,20,20,0020_R0020,0.035815609119189296,0.035815609119189296,479,479,3,3,0,0,0,159.66666666666666,160,74.33333333333333,544.3333333333334
mRNA,20,21,0020_R0021,0.023877072746126198,0.023877072746126198,325,325,2,2,0,0,0,162.5,166,78,545.5
mRNA,20,22,0020_R0022,0.10744682735756789,0.10744682735756789,1413,1413,9,9,0,0,0,157,161,73.44444444444444,548.6666666666666
mRNA,20,23,0020_R0023,0.0596926818653155,0.0596926818653155,798,798,5,5,0,0,0,159.6,162,77.6,548.8
mRNA,20,24,0020_R0024,0.023877072746126198,0.023877072746126198,315,315,2,2,0,0,0,157.5,159,70.5,553
mRNA,20,25,0020_R0025,0.023877072746126198,0.023877072746126198,315,315,2,2,0,0,0,157.5,158,72,555.5
mRNA,20,26,0020_R0026,6.255793059485064,6.243854523112001,107975,107823,524,523,1,0,1,206.1625239005736,973,515.7590822179733,592.7131931166348
mRNA,20,27,0020_R0027,16.033454349023742,15.98570020353149,260210,259599,1343,1339,4,0,1,193.87528005974607,348,445.59223300970876,613.8371919342793
mRNA,20,28,0020_R0028,0.047754145492252396,0.047754145492252396,638,638,4,4,0,0,0,159.5,163,503.25,602
mRNA,20,29,0020_R0029,0.023877072746126198,0.023877072746126198,323,323,2,2,0,0,0,161.5,162,511.5,606.5
mRNA,20,30,0020_R0030,1.1102838826948682,1.1102838826948682,15432,15432,93,93,0,0,0,165.93548387096774,180,502.48387096774195,615.3010752688172
mRNA,20,31,0020_R0031,0.119385363730631,0.119385363730631,1624,1624,10,10,0,0,0,162.4,169,689.2,621.5
mRNA,20,32,0020_R0032,0.5014185276686501,0.5014185276686501,6961,6961,42,42,0,0,0,165.73809523809524,181,700.2619047619048,627.8571428571429
mRNA,20,33,0020_R0033,0.25070926383432507,0.25070926383432507,3374,3374,21,21,0,0,0,160.66666666666666,170,522,627
mRNA,20,34,0020_R0034,0.119385363730631,0.119385363730631,1589,1589,10,10,0,0,0,158.9,162,502.5,629
mRNA,20,35,0020_R0035,0.047754145492252396,0.047754145492252396,649,649,4,4,0,0,0,162.25,169,564.5,629.5
mRNA,20,36,0020_R0036,0.967021446218111,0.967021446218111,14258,14258,81,81,0,0,0,176.02469135802468,202,693.1111111111111,651.6296296296297
mRNA,20,37,0020_R0037,0.119385363730631,0.119385363730631,1686,1686,10,10,0,0,0,168.6,182,581.8,651.5
mRNA,20,38,0020_R0038,0.238770727461262,0.238770727461262,3443,3443,20,20,0,0,0,172.15,201,599.15,653.75
mRNA,20,39,0020_R0039,1.7549648468402756,1.7549648468402756,26941,26941,147,147,0,0,0,183.2721088435374,231,435.02721088435374,664.0952380952381
mRNA,20,40,0020_R0040,0.6685580368915336,0.6685580368915336,11311,11311,56,56,0,0,0,201.98214285714286,295,586.7321428571429,665.5714285714286
mRNA,20,41,0020_R0041,0.35815609119189296,0.35815609119189296,5009,5009,30,30,0,0,0,166.96666666666667,186,461.5,678.9
mRNA,20,42,0020_R0042,1.0267141280834264,1.0267141280834264,14613.999999999998,14614,86,86,0,0,0,169.93023255813952,192,428.86046511627904,685.6860465116279
mRNA,20,43,0020_R0043,1.1460994918140575,1.1460994918140575,16483,16483,96,96,0,0,0,171.69791666666666,195,511.1458333333333,692.2604166666666
mRNA,20,44,0020_R0044,0.1552009728498203,0.1552009728498203,2165,2165,13,13,0,0,0,166.53846153846155,186,611.3846153846154,690.6153846153846
mRNA,20,45,0020_R0045,2.148936547151358,2.148936547151358,33823,33823,180,180,0,0,0,187.90555555555557,273,438.93888888888887,696.9833333333333
mRNA,20,46,0020_R0046,0.3104019456996406,0.3104019456996406,4846,4846,26,26,0,0,0,186.3846153846154,226,550,696.5
mRNA,20,47,0020_R0047,0.035815609119189296,0.035815609119189296,477,477,3,3,0,0,0,159,160,459,697
mRNA,21,1,0021_R0001,0.0835697546114417,0.0835697546114417,1096,1096,7,7,0,0,0,156.57142857142858,168,17,1
mRNA,21,2,0021_R0002,0.023877072746126198,0.023877072746126198,312,312,2,2,0,0,0,156,159,624.5,107.5
mRNA,21,3,0021_R0003,0.023877072746126198,0.023877072746126198,304,304,2,2,0,0,0,152,153,594,114.5
mRNA,21,4,0021_R0004,0.19101658196900959,0.19101658196900959,2539,2539,16,16,0,0,0,158.6875,178,622,122.5
mRNA,21,5,0021_R0005,0.07163121823837859,0.07163121823837859,954,954,6,6,0,0,0,159,167,696.5,153
mRNA,21,6,0021_R0006,0.25070926383432507,0.25070926383432507,3727,3727,21,21,0,0,0,177.47619047619048,233,665.5714285714286,155.0952380952381
mRNA,21,7,0021_R0007,0.10744682735756789,0.10744682735756789,1375,1375,9,9,0,0,0,152.77777777777777,160,452.3333333333333,183.11111111111111
mRNA,21,8,0021_R0008,0.0596926818653155,0.0596926818653155,772,772,5,5,0,0,0,154.4,156,560.2,202.6
mRNA,21,9,0021_R0009,0.1671395092228834,0.1552009728498203,2130,1985,14,13,1,0,1,152.69230769230768,156,344.38461538461536,211.92307692307693
mRNA,21,10,0021_R0010,0.238770727461262,0.238770727461262,3049,3049,20,20,0,0,0,152.45,161,439.7,236.85
mRNA,21,11,0021_R0011,1.7549648468402756,1.7549648468402756,24071,24071,147,147,0,0,0,163.7482993197279,185,430.83673469387753,249.60544217687075
mRNA,21,12,0021_R0012,0.596926818653155,0.596926818653155,7720,7720,50,50,0,0,0,154.4,167,443.18,246.92
mRNA,21,13,0021_R0013,0.1313239001036941,0.1313239001036941,1695,1695,11,11,0,0,0,154.0909090909091,160,484.90909090909093,251.63636363636363
mRNA,21,14,0021_R0014,0.3700946275649561,0.3700946275649561,4719,4719,31,31,0,0,0,152.2258064516129,158,444.2258064516129,260.4193548387097
mRNA,21,15,0021_R0015,0.023877072746126198,0.023877072746126198,304,304,2,2,0,0,0,152,152,443.5,265
mRNA,21,16,0021_R0016,3.7964545666340657,3.7964545666340657,67164,67164,318,318,0,0,0,211.20754716981133,480,436.9842767295597,278.5440251572327
mRNA,21,17,0021_R0017,0.4417258458033347,0.4417258458033347,5855.000000000001,5855,37,37,0,0,0,158.24324324324326,174,449.7027027027027,314.86486486486484
mRNA,21,18,0021_R0018,2.8413716567890175,2.8413716567890175,40621,40621,238,238,0,0,0,170.6764705882353,211,44.794117647058826,331.1386554621849
mRNA,21,19,0021_R0019,1.587825337617392,1.587825337617392,21718,21718,133,133,0,0,0,163.29323308270676,184,437.9624060150376,330.02255639097746
mRNA,21,20,0021_R0020,0.45366438217639776,0.45366438217639776,6153,6153,38,38,0,0,0,161.92105263157896,184,656.1578947368421,335.1842105263158
mRNA,21,21,0021_R0021,0.0835697546114417,0.0835697546114417,1084,1084,7,7,0,0,0,154.85714285714286,161,669,338.2857142857143
mRNA,21,22,0021_R0022,0.39397170031108225,0.3342790184457668,4965,4234,33,28,5,0,1,151.21428571428572,155,450.85714285714283,346.42857142857144
mRNA,21,23,0021_R0023,0.22683219108819888,0.22683219108819888,2935.0000000000005,2935,19,19,0,0,0,154.47368421052633,163,462,346.1578947368421
mRNA,21,24,0021_R0024,0.023877072746126198,0.023877072746126198,306,306,2,2,0,0,0,153,154,446,345.5
mRNA,21,25,0021_R0025,0.10744682735756789,0.10744682735756789,1443,1443,9,9,0,0,0,160.33333333333334,168,637.6666666666666,359.1111111111111
mRNA,21,26,0021_R0026,0.7163121823837859,0.6566195005184704,9096,8369,60,55,5,0,1,152.16363636363636,158,29.09090909090909,363.54545454545456
mRNA,21,27,0021_R0027,1.2774233919177516,1.2774233919177516,17093,17093,107,107,0,0,0,159.74766355140187,171,691.6915887850467,373.1121495327103
mRNA,21,28,0021_R0028,0.9789599825911741,0.9789599825911741,14038,14038,82,82,0,0,0,171.1951219512195,206,633.6219512195122,394.9878048780488
mRNA,21,29,0021_R0029,0.047754145492252396,0.047754145492252396,621,621,4,4,0,0,0,155.25,164,552.5,429.5
mRNA,21,30,0021_R0030,0.32234048207270366,0.32234048207270366,4119,4119,27,27,0,0,0,152.55555555555554,160,401.3703703703704,440.7037037037037
mRNA,21,31,0021_R0031,1.0505912008295528,1.0505912008295528,14407,14407,88,88,0,0,0,163.7159090909091,200,696.2954545454545,571.0454545454545
mRNA,21,32,0021_R0032,6.924351096376597,6.912412560003534,109771,109627,580,579,1,0,1,189.3385146804836,421,274.0483592400691,673.6614853195164
mRNA,21,33,0021_R0033,0.25070926383432507,0.25070926383432507,3565,3565,21,21,0,0,0,169.76190476190476,214,558.1904761904761,667.1428571428571
mRNA,21,34,0021_R0034,1.3848702192753195,1.3848702192753195,18418,18418,116,116,0,0,0,158.77586206896552,178,247.6551724137931,688.7844827586207
mRNA,21,35,0021_R0035,0.5133570640417132,0.5133570640417132,6622,6622,43,43,0,0,0,154,167,260.1162790697674,688.9302325581396
mRNA,21,36,0021_R0036,0.25070926383432507,0.25070926383432507,3590,3590,21,21,0,0,0,170.95238095238096,205,297.6190476190476,687.7619047619048
mRNA,21,37,0021_R0037,0.45366438217639776,0.45366438217639776,5875,5875,38,38,0,0,0,154.60526315789474,163,532.2105263157895,690.6052631578947
mRNA,23,1,0023_R0001,0.14326243647675718,0.14326243647675718,1836,1836,12,12,0,0,0,153,159,421.0833333333333,17.833333333333332
mRNA,23,2,0023_R0002,0.25070926383432507,0.25070926383432507,3254,3254,21,21,0,0,0,154.95238095238096,161,187.76190476190476,27.142857142857142
mRNA,23,3,0023_R0003,0.047754145492252396,0.047754145492252396,612,612,4,4,0,0,0,153,154,192.25,27.75
mRNA,23,4,0023_R0004,0.8118204733682908,0.8118204733682908,10388,10388,68,68,0,0,0,152.76470588235293,162,623.1764705882352,63.5735294117647
mRNA,23,5,0023_R0005,0.0835697546114417,0.0835697546114417,1082,1082,7,7,0,0,0,154.57142857142858,160,649.4285714285714,111.42857142857143
mRNA,23,6,0023_R0006,0.10744682735756789,0.10744682735756789,1385,1385,9,9,0,0,0,153.88888888888889,158,653.8888888888889,111.66666666666667
mRNA,23,7,0023_R0007,0.0835697546114417,0.0835697546114417,1114,1114,7,7,0,0,0,159.14285714285714,167,518.2857142857143,118
mRNA,23,8,0023_R0008,0.023877072746126198,0.023877072746126198,306,306,2,2,0,0,0,153,154,433.5,120.5
mRNA,23,9,0023_R0009,0.2626478002073882,0.2626478002073882,3820,3820,22,22,0,0,0,173.63636363636363,216,472.72727272727275,172.5
mRNA,23,10,0023_R0010,1.8504731378247803,1.8504731378247803,31228,31228,155,155,0,0,0,201.47096774193548,306,188.29032258064515,181.7225806451613
mRNA,23,11,0023_R0011,0.3342790184457668,0.3342790184457668,4268,4268,28,28,0,0,0,152.42857142857142,160,606.8214285714286,205.96428571428572
mRNA,23,12,0023_R0012,1.9579199651823482,1.9579199651823482,31050.000000000004,31050,164,164,0,0,0,189.32926829268294,301,265.2743902439024,236.09756097560975
mRNA,23,13,0023_R0013,0.0596926818653155,0.0596926818653155,783,783,5,5,0,0,0,156.6,163,219.2,234.4
mRNA,23,14,0023_R0014,1.5042555830059505,1.5042555830059505,21103,21103,126,126,0,0,0,167.484126984127,200,19.3015873015873,389.515873015873
mRNA,23,15,0023_R0015,0.035815609119189296,0.035815609119189296,460,460,3,3,0,0,0,153.33333333333334,155,525.6666666666666,386.6666666666667
mRNA,23,16,0023_R0016,0.6446809641454073,0.6446809641454073,9224,9224,54,54,0,0,0,170.8148148148148,208,90.29629629629629,405.72222222222223
mRNA,23,17,0023_R0017,0.10744682735756789,0.10744682735756789,1414,1414,9,9,0,0,0,157.11111111111111,167,621.8888888888889,436.6666666666667
mRNA,23,18,0023_R0018,0.35815609119189296,0.35815609119189296,4884,4884,30,30,0,0,0,162.8,196,624.7333333333333,443.43333333333334
mRNA,23,19,0023_R0019,0.1552009728498203,0.1552009728498203,1984,1984,13,13,0,0,0,152.6153846153846,157,417.0769230769231,454.2307692307692
mRNA,23,20,0023_R0020,0.119385363730631,0.119385363730631,1531,1531,10,10,0,0,0,153.1,156,422.2,457.6
mRNA,23,21,0023_R0021,0.19101658196900959,0.19101658196900959,2532,2532,16,16,0,0,0,158.25,179,304.5,471
mRNA,23,22,0023_R0022,0.07163121823837859,0.07163121823837859,921,921,6,6,0,0,0,153.5,159,378.5,486.1666666666667
mRNA,23,23,0023_R0023,2.125059474405232,2.1131209380321687,33194,33046,178,177,1,0,1,186.70056497175142,430,378.1977401129943,499.38418079096044
mRNA,23,24,0023_R0024,0.48947999129558706,0.48947999129558706,6295,6295,41,41,0,0,0,153.53658536585365,166,366.8292682926829,498.2439024390244
mRNA,23,25,0023_R0025,0.14326243647675718,0.14326243647675718,1838,1838,12,12,0,0,0,153.16666666666666,157,387.0833333333333,492.4166666666667
mRNA,23,26,0023_R0026,1.4803785102598244,1.4803785102598244,21336,21336,124,124,0,0,0,172.06451612903226,207,57.08064516129032,501.0483870967742
mRNA,23,27,0023_R0027,1.3490546101561303,1.3490546101561303,19958,19958,113,113,0,0,0,176.61946902654867,231,558.7433628318585,500.716814159292
mRNA,23,28,0023_R0028,0.035815609119189296,0.035815609119189296,459,459,3,3,0,0,0,153,156,219.33333333333334,498.6666666666667
mRNA,23,29,0023_R0029,0.0596926818653155,0.0596926818653155,768,768,5,5,0,0,0,153.6,156,160.4,502.2
mRNA,23,30,0023_R0030,0.17907804559594648,0.17907804559594648,2300,2300,15,15,0,0,0,153.33333333333334,160,66.46666666666667,509.73333333333335
mRNA,23,31,0023_R0031,2.316076056374241,2.316076056374241,36119,36119,194,194,0,0,0,186.18041237113403,247,21.438144329896907,520.8041237113403
mRNA,23,32,0023_R0032,0.25070926383432507,0.25070926383432507,3207,3207,21,21,0,0,0,152.71428571428572,159,152.47619047619048,530.1428571428571
mRNA,23,33,0023_R0033,0.023877072746126198,0.023877072746126198,307,307,2,2,0,0,0,153.5,156,127,533.5
mRNA,23,34,0023_R0034,0.035815609119189296,0.035815609119189296,462,462,3,3,0,0,0,154,158,129.66666666666666,533.3333333333334
mRNA,23,35,0023_R0035,0.035815609119189296,0.035815609119189296,465,465,3,3,0,0,0,155,159,527.3333333333334,535.6666666666666
mRNA,23,36,0023_R0036,4.667967721867671,4.656029185494608,68072,67926,391,390,1,0,1,174.16923076923078,220,24.34102564102564,553.0205128205129
mRNA,23,37,0023_R0037,0.07163121823837859,0.07163121823837859,915,915,6,6,0,0,0,152.5,155,552.5,543.3333333333334
mRNA,23,38,0023_R0038,0.1552009728498203,0.1552009728498203,2094,2094,13,13,0,0,0,161.07692307692307,182,391.38461538461536,545.3846153846154
mRNA,23,39,0023_R0039,0.7879434006221645,0.7879434006221645,10326,10326,66,66,0,0,0,156.45454545454547,171,131.78787878787878,553.5909090909091
mRNA,23,40,0023_R0040,0.023877072746126198,0.023877072746126198,306,306,2,2,0,0,0,153,155,8.5,555
mRNA,23,41,0023_R0041,0.047754145492252396,0.047754145492252396,614,614,4,4,0,0,0,153.5,156,292,557.5
mRNA,23,42,0023_R0042,0.3462175548188299,0.3462175548188299,5166,5166,29,29,0,0,0,178.13793103448276,233,437.2758620689655,566.4137931034483
mRNA,23,43,0023_R0043,3.211466284353974,3.211466284353974,49140.00000000001,49140,269,269,0,0,0,182.67657992565057,281,5.092936802973978,582.5613382899628
mRNA,23,44,0023_R0044,0.10744682735756789,0.10744682735756789,1409,1409,9,9,0,0,0,156.55555555555554,162,243.55555555555554,586.7777777777778
mRNA,23,45,0023_R0045,0.0835697546114417,0.0835697546114417,1078,1078,7,7,0,0,0,154,157,56.57142857142857,591.1428571428571
mRNA,23,46,0023_R0046,0.5372341367878395,0.5372341367878395,7314,7314,45,45,0,0,0,162.53333333333333,181,22.711111111111112,598.6222222222223
mRNA,23,47,0023_R0047,0.8834516916066694,0.8834516916066694,12259,12259,74,74,0,0,0,165.66216216216216,214,54.37837837837838,599.2027027027027
mRNA,23,48,0023_R0048,0.047754145492252396,0.047754145492252396,611,611,4,4,0,0,0,152.75,156,138,621.25
mRNA,23,49,0023_R0049,0.0596926818653155,0.0596926818653155,770,770,5,5,0,0,0,154,162,224.8,632.4
mRNA,23,50,0023_R0050,5.503665267982089,5.503665267982089,80071,80071,461,461,0,0,0,173.68980477223428,229,213.19522776572668,679.7180043383948
mRNA,23,51,0023_R0051,0.3104019456996406,0.3104019456996406,3969,3969,26,26,0,0,0,152.65384615384616,161,231.80769230769232,674.4615384615385
mRNA,23,52,0023_R0052,0.3462175548188299,0.3342790184457668,4441,4295,29,28,1,0,1,153.39285714285714,159,239.67857142857142,685.2142857142857
mRNA,23,53,0023_R0053,0.1313239001036941,0.1313239001036941,1710.0000000000002,1710,11,11,0,0,0,155.45454545454547,169,241.1818181818182,692.3636363636364
mRNA,24,1,0024_R0001,0.3104019456996406,0.3104019456996406,4895,4895,26,26,0,0,0,188.26923076923077,265,571,19.5
mRNA,24,2,0024_R0002,0.28652487295351436,0.28652487295351436,3685,3685,24,24,0,0,0,153.54166666666666,161,105.95833333333333,27.75
mRNA,24,3,0024_R0003,1.5400711921251398,1.456501437513698,19684,18662,129,122,7,0,1,152.9672131147541,166,579.7131147540983,43.09016393442623
mRNA,24,4,0024_R0004,0.0835697546114417,0.0835697546114417,1074,1074,7,7,0,0,0,153.42857142857142,158,569.7142857142857,43
mRNA,24,5,0024_R0005,0.0596926818653155,0.0596926818653155,773,773,5,5,0,0,0,154.6,158,570.4,47
mRNA,24,6,0024_R0006,0.10744682735756789,0.10744682735756789,1419,1419,9,9,0,0,0,157.66666666666666,165,503.8888888888889,56.111111111111114
mRNA,24,7,0024_R0007,0.19101658196900959,0.19101658196900959,2455,2455,16,16,0,0,0,153.4375,162,180,70.5
mRNA,24,8,0024_R0008,0.0835697546114417,0.0835697546114417,1075,1075,7,7,0,0,0,153.57142857142858,160,175.85714285714286,82.28571428571429
mRNA,24,9,0024_R0009,0.2029551183420727,0.2029551183420727,2828,2828,17,17,0,0,0,166.35294117647058,191,420.52941176470586,97.6470588235294
mRNA,24,10,0024_R0010,0.41784877305720847,0.41784877305720847,5510,5510,35,35,0,0,0,157.42857142857142,177,243.57142857142858,102.17142857142858
mRNA,24,11,0024_R0011,0.047754145492252396,0.047754145492252396,637,637,4,4,0,0,0,159.25,160,634.5,101.5
mRNA,24,12,0024_R0012,0.047754145492252396,0.047754145492252396,638,638,4,4,0,0,0,159.5,161,601.5,115.5
mRNA,24,13,0024_R0013,0.0596926818653155,0.0596926818653155,783,783,5,5,0,0,0,156.6,159,628,150
mRNA,24,14,0024_R0014,0.8595746188605431,0.8595746188605431,11716,11716,72,72,0,0,0,162.72222222222223,180,700.3333333333334,157.19444444444446
mRNA,24,15,0024_R0015,0.1552009728498203,0.1552009728498203,2049,2049,13,13,0,0,0,157.6153846153846,167,674.6153846153846,209.6153846153846
mRNA,24,16,0024_R0016,0.023877072746126198,0.023877072746126198,312,312,2,2,0,0,0,156,158,671.5,214.5
mRNA,24,17,0024_R0017,0.07163121823837859,0.07163121823837859,922,922,6,6,0,0,0,153.66666666666666,159,691.5,220.5
mRNA,24,18,0024_R0018,5.4559111224898365,5.4559111224898365,80931,80931,457,457,0,0,0,177.09190371991247,226,696.3916849015317,240.25601750547045
mRNA,24,19,0024_R0019,0.1671395092228834,0.1671395092228834,2170,2170,14,14,0,0,0,155,162,451.35714285714283,229.21428571428572
mRNA,24,20,0024_R0020,0.3104019456996406,0.3104019456996406,4362,4362,26,26,0,0,0,167.76923076923077,202,460.3076923076923,265.2307692307692
mRNA,24,21,0024_R0021,0.2626478002073882,0.2626478002073882,3680,3680,22,22,0,0,0,167.27272727272728,194,477.90909090909093,282.90909090909093
mRNA,24,22,0024_R0022,0.21489365471513577,0.21489365471513577,2851,2851,18,18,0,0,0,158.38888888888889,172,52.94444444444444,284.44444444444446
mRNA,24,23,0024_R0023,0.17907804559594648,0.17907804559594648,2417,2417,15,15,0,0,0,161.13333333333333,178,427.3333333333333,291.2
mRNA,24,24,0024_R0024,0.119385363730631,0.119385363730631,1525,1525,10,10,0,0,0,152.5,155,224.9,293.3
mRNA,24,25,0024_R0025,0.047754145492252396,0.047754145492252396,613,613,4,4,0,0,0,153.25,155,278.75,301
mRNA,24,26,0024_R0026,0.035815609119189296,0.035815609119189296,464,464,3,3,0,0,0,154.66666666666666,155,246,309
mRNA,24,27,0024_R0027,0.1671395092228834,0.1671395092228834,2268,2268,14,14,0,0,0,162,180,489.5,322.7142857142857
mRNA,24,28,0024_R0028,1.0028370553373003,1.0028370553373003,14885,14885,84,84,0,0,0,177.20238095238096,285,511.9166666666667,335.8690476190476
mRNA,24,29,0024_R0029,0.023877072746126198,0.023877072746126198,308,308,2,2,0,0,0,154,155,241,361.5
mRNA,24,30,0024_R0030,0.047754145492252396,0.047754145492252396,616,616,4,4,0,0,0,154,158,430.5,361.5
mRNA,24,31,0024_R0031,0.9312058370989217,0.9192673007258586,12007,11861,78,77,1,0,1,154.03896103896105,164,417.7792207792208,365.53246753246754
mRNA,24,32,0024_R0032,0.5372341367878395,0.5372341367878395,7438,7438,45,45,0,0,0,165.2888888888889,185,520.9555555555555,370.8
mRNA,24,33,0024_R0033,0.1671395092228834,0.1671395092228834,2206,2206,14,14,0,0,0,157.57142857142858,177,35.285714285714285,379.5
mRNA,24,34,0024_R0034,0.07163121823837859,0.07163121823837859,924,924,6,6,0,0,0,154,157,364.8333333333333,381.1666666666667
mRNA,24,35,0024_R0035,0.023877072746126198,0.023877072746126198,313,313,2,2,0,0,0,156.5,157,516,387.5
mRNA,24,36,0024_R0036,0.3342790184457668,0.3342790184457668,4794,4794,28,28,0,0,0,171.21428571428572,218,369.0357142857143,395.60714285714283
mRNA,24,37,0024_R0037,0.035815609119189296,0.035815609119189296,464,464,3,3,0,0,0,154.66666666666666,156,342.3333333333333,404.3333333333333
mRNA,24,38,0024_R0038,0.1552009728498203,0.1552009728498203,2058,2058,13,13,0,0,0,158.30769230769232,172,473.2307692307692,406.9230769230769
mRNA,24,39,0024_R0039,0.32234048207270366,0.32234048207270366,4662,4662,27,27,0,0,0,172.66666666666666,213,314.2962962962963,423.14814814814815
mRNA,24,40,0024_R0040,0.9789599825911741,0.9789599825911741,12881,12881,82,82,0,0,0,157.08536585365854,171,303.0365853658537,437.6829268292683
mRNA,24,41,0024_R0041,0.5491726731609026,0.5491726731609026,7033,7033,46,46,0,0,0,152.8913043478261,161,286.8695652173913,460.8695652173913
mRNA,24,42,0024_R0042,1.8743502105709064,1.8743502105709064,24175,24175,157,157,0,0,0,153.98089171974522,168,463.484076433121,464.92356687898086
mRNA,24,43,0024_R0043,0.0596926818653155,0.0596926818653155,764,764,5,5,0,0,0,152.8,156,478,459.8
mRNA,24,44,0024_R0044,0.047754145492252396,0.047754145492252396,615,615,4,4,0,0,0,153.75,157,333.75,467.75
mRNA,24,45,0024_R0045,0.0596926818653155,0.0596926818653155,764,764,5,5,0,0,0,152.8,160,336,471
mRNA,24,46,0024_R0046,0.035815609119189296,0.035815609119189296,458,458,3,3,0,0,0,152.66666666666666,157,409.6666666666667,473.6666666666667
mRNA,24,47,0024_R0047,0.3342790184457668,0.3342790184457668,4301,4301,28,28,0,0,0,153.60714285714286,164,419.35714285714283,476.7142857142857
mRNA,24,48,0024_R0048,0.9789599825911741,0.9789599825911741,12809,12809,82,82,0,0,0,156.20731707317074,170,280.3048780487805,482.8780487804878
mRNA,24,49,0024_R0049,0.023877072746126198,0.023877072746126198,308,308,2,2,0,0,0,154,156,470.5,475
mRNA,24,50,0024_R0050,3.211466284353974,3.175650675234784,42542,42105,269,266,3,0,1,158.28947368421052,177,464.2518796992481,490.09774436090225
mRNA,24,51,0024_R0051,0.17907804559594648,0.17907804559594648,2326,2326,15,15,0,0,0,155.06666666666666,164,359.3333333333333,478.46666666666664
mRNA,24,52,0024_R0052,0.023877072746126198,0.023877072746126198,312,312,2,2,0,0,0,156,158,460.5,479.5
mRNA,24,53,0024_R0053,0.19101658196900959,0.19101658196900959,2470,2470,16,16,0,0,0,154.375,163,439.0625,482.125
mRNA,24,54,0024_R0054,0.25070926383432507,0.25070926383432507,3494.9999999999995,3495,21,21,0,0,0,166.42857142857142,198,497.1904761904762,489.14285714285717
mRNA,24,55,0024_R0055,0.2626478002073882,0.2626478002073882,3357,3357,22,22,0,0,0,152.5909090909091,159,433.90909090909093,502.72727272727275
mRNA,24,56,0024_R0056,0.728250718756849,0.728250718756849,9440,9440,61,61,0,0,0,154.75409836065575,166,214.62295081967213,520.2622950819672
mRNA,24,57,0024_R0057,0.035815609119189296,0.035815609119189296,465,465,3,3,0,0,0,155,160,342.3333333333333,516.3333333333334
mRNA,24,58,0024_R0058,0.035815609119189296,0.035815609119189296,466,466,3,3,0,0,0,155.33333333333334,159,644.3333333333334,516.6666666666666
mRNA,24,59,0024_R0059,19.674707942807988,19.30461331524303,273977,269416,1648,1617,31,0,1,166.6147186147186,260,172.96660482374767,545.6134817563388
mRNA,24,60,0024_R0060,1.563948264871266,1.5520097284982028,21097,20950,131,130,1,0,1,161.15384615384616,210,205.56153846153848,531.4461538461538
mRNA,24,61,0024_R0061,0.023877072746126198,0.023877072746126198,306,306,2,2,0,0,0,153,154,197.5,525
mRNA,24,62,0024_R0062,0.023877072746126198,0.023877072746126198,306,306,2,2,0,0,0,153,153,548.5,537
mRNA,24,63,0024_R0063,0.1313239001036941,0.1313239001036941,1747,1747,11,11,0,0,0,158.8181818181818,168,559.7272727272727,556.9090909090909
mRNA,24,64,0024_R0064,0.45366438217639776,0.45366438217639776,5985.999999999999,5986,38,38,0,0,0,157.52631578947367,173,195.92105263157896,560.8684210526316
mRNA,24,65,0024_R0065,0.023877072746126198,0.023877072746126198,315,315,2,2,0,0,0,157.5,160,567,559.5
mRNA,24,66,0024_R0066,0.023877072746126198,0.023877072746126198,307,307,2,2,0,0,0,153.5,154,191,574.5
mRNA,24,67,0024_R0067,1.205792173679373,1.19385363730631,15627.000000000002,15482,101,100,1,0,1,154.82,172,5.48,596.73
mRNA,24,68,0024_R0068,1.0505912008295528,1.0386526644564895,13561,13417,88,87,1,0,1,154.2183908045977,164,24.816091954022987,600.5862068965517
mRNA,24,69,0024_R0069,0.023877072746126198,0.023877072746126198,311,311,2,2,0,0,0,155.5,156,401.5,599
mRNA,24,70,0024_R0070,2.519031174716314,2.519031174716314,43460,43460,211,211,0,0,0,205.97156398104266,280,39.23696682464455,614.9478672985782
mRNA,24,71,0024_R0071,1.325177537410004,1.325177537410004,17453,17453,111,111,0,0,0,157.23423423423424,173,23.37837837837838,617.4774774774775
mRNA,24,72,0024_R0072,1.9579199651823482,1.9579199651823482,27770.000000000004,27770,164,164,0,0,0,169.32926829268294,207,454.5243902439024,622.7621951219512
mRNA,24,73,0024_R0073,0.023877072746126198,0.023877072746126198,311,311,2,2,0,0,0,155.5,156,18.5,633
mRNA,24,74,0024_R0074,6.912412560003534,6.912412560003534,102994,102994,579,579,0,0,0,177.8825561312608,240,45.22452504317789,652.5820379965458
mRNA,24,75,0024_R0075,0.5252956004147764,0.5252956004147764,7749,7749,44,44,0,0,0,176.11363636363637,233,335.6136363636364,664.1136363636364
mRNA,24,76,0024_R0076,0.22683219108819888,0.22683219108819888,3025,3025,19,19,0,0,0,159.21052631578948,172,44.05263157894737,676.6315789473684
mRNA,25,1,0025_R0001,0.023877072746126198,0.023877072746126198,306,306,2,2,0,0,0,153,154,600.5,141
mRNA,25,2,0025_R0002,1.4326243647675718,1.4326243647675718,18713,18713,120,120,0,0,0,155.94166666666666,173,643.75,182.825
mRNA,25,3,0025_R0003,2.507092638343251,2.507092638343251,34758,34758,210,210,0,0,0,165.5142857142857,193,340.4190476190476,195.4952380952381
mRNA,25,4,0025_R0004,0.3462175548188299,0.3462175548188299,4402,4402,29,29,0,0,0,151.79310344827587,159,319,193.6551724137931
mRNA,25,5,0025_R0005,4.488889676271725,4.488889676271725,59141,59141,376,376,0,0,0,157.28989361702128,181,553.4175531914893,212.76329787234042
mRNA,25,6,0025_R0006,2.0295511834207267,2.0295511834207267,27961,27961,170,170,0,0,0,164.4764705882353,192,306.8176470588235,213.4294117647059
mRNA,25,7,0025_R0007,0.7760048642491014,0.7760048642491014,10498,10498,65,65,0,0,0,161.5076923076923,181,341.6307692307692,216.69230769230768
mRNA,25,8,0025_R0008,0.84763608248748,0.84763608248748,10851,10851,71,71,0,0,0,152.83098591549296,165,320.53521126760563,222.05633802816902
mRNA,25,9,0025_R0009,0.21489365471513577,0.21489365471513577,2958,2958,18,18,0,0,0,164.33333333333334,179,478,219.5
mRNA,25,10,0025_R0010,0.2626478002073882,0.2626478002073882,3343.0000000000005,3343,22,22,0,0,0,151.95454545454547,158,506.22727272727275,223.36363636363637
mRNA,25,11,0025_R0011,0.2984634093265775,0.2984634093265775,4448,4448,25,25,0,0,0,177.92,238,351.04,226.4
mRNA,25,12,0025_R0012,5.360402831505332,5.360402831505332,75602,75602,449,449,0,0,0,168.37861915367483,323,515.9398663697104,244.58797327394208
mRNA,25,13,0025_R0013,0.1313239001036941,0.1313239001036941,1739,1739,11,11,0,0,0,158.0909090909091,168,666.6363636363636,240.0909090909091
mRNA,25,14,0025_R0014,5.479788195235963,5.4678496588628995,71549,71401,459,458,1,0,1,155.89737991266375,182,277.73362445414847,258.66812227074234
mRNA,25,15,0025_R0015,0.7401892551299122,0.7401892551299122,10009,10009,62,62,0,0,0,161.43548387096774,184,546.0322580645161,252.5483870967742
mRNA,25,16,0025_R0016,0.3342790184457668,0.3342790184457668,4392,4392,28,28,0,0,0,156.85714285714286,168,300.92857142857144,253.28571428571428
mRNA,25,17,0025_R0017,0.8715131552336063,0.8715131552336063,11481,11481,73,73,0,0,0,157.27397260273972,175,671.2739726027397,267.16438356164383
mRNA,25,18,0025_R0018,0.07163121823837859,0.07163121823837859,925,925,6,6,0,0,0,154.16666666666666,159,543.8333333333334,274.1666666666667
mRNA,25,19,0025_R0019,1.0505912008295528,1.0505912008295528,13507,13507,88,88,0,0,0,153.48863636363637,167,246.76136363636363,282.875
mRNA,25,20,0025_R0020,0.8237590097413539,0.8237590097413539,10540.000000000002,10540,69,69,0,0,0,152.7536231884058,164,234.7246376811594,289.231884057971
mRNA,25,21,0025_R0021,0.047754145492252396,0.047754145492252396,604,604,4,4,0,0,0,151,153,605.5,288.5
mRNA,25,22,0025_R0022,0.1671395092228834,0.1671395092228834,2126,2126,14,14,0,0,0,151.85714285714286,155,228.92857142857142,302.35714285714283
mRNA,25,23,0025_R0023,0.38203316393801917,0.38203316393801917,4889,4889,32,32,0,0,0,152.78125,162,143.3125,304.375
mRNA,25,24,0025_R0024,0.1552009728498203,0.1552009728498203,2039,2039,13,13,0,0,0,156.84615384615384,169,243.6153846153846,307.38461538461536
mRNA,25,25,0025_R0025,1.5520097284982028,1.5520097284982028,22238,22238,130,130,0,0,0,171.06153846153848,203,226.84615384615384,313.0615384615385
mRNA,25,26,0025_R0026,0.07163121823837859,0.07163121823837859,914,914,6,6,0,0,0,152.33333333333334,156,267.6666666666667,315
mRNA,25,27,0025_R0027,4.106856512333706,3.9277784667377595,52473,50272,344,329,15,0,1,152.80243161094225,172,190.04863221884497,351.00303951367783
mRNA,25,28,0025_R0028,0.17907804559594648,0.17907804559594648,2303,2303,15,15,0,0,0,153.53333333333333,161,513.4666666666667,345.46666666666664
mRNA,25,29,0025_R0029,0.3462175548188299,0.3462175548188299,5289,5289,29,29,0,0,0,182.3793103448276,258,520.2758620689655,352.58620689655174
mRNA,25,30,0025_R0030,0.023877072746126198,0.023877072746126198,309,309,2,2,0,0,0,154.5,156,528,350.5
mRNA,25,31,0025_R0031,0.023877072746126198,0.023877072746126198,302,302,2,2,0,0,0,151,153,198,361.5
mRNA,25,32,0025_R0032,0.19101658196900959,0.19101658196900959,2612,2612,16,16,0,0,0,163.25,181,293,373.5
mRNA,25,33,0025_R0033,0.023877072746126198,0.023877072746126198,304,304,2,2,0,0,0,152,153,91.5,373
mRNA,25,34,0025_R0034,0.3104019456996406,0.3104019456996406,4065,4065,26,26,0,0,0,156.34615384615384,171,78.1923076923077,379.03846153846155
mRNA,25,35,0025_R0035,1.0505912008295528,1.0505912008295528,13741,13741,88,88,0,0,0,156.14772727272728,173,91.44318181818181,382.5681818181818
mRNA,25,36,0025_R0036,0.5849882822800918,0.5849882822800918,7519.000000000001,7519,49,49,0,0,0,153.44897959183675,161,279.0204081632653,388.6734693877551
mRNA,25,37,0025_R0037,0.1552009728498203,0.1552009728498203,2059,2059,13,13,0,0,0,158.3846153846154,169,458.38461538461536,393.61538461538464
mRNA,25,38,0025_R0038,0.023877072746126198,0.023877072746126198,307,307,2,2,0,0,0,153.5,155,434.5,405
mRNA,25,39,0025_R0039,0.21489365471513577,0.21489365471513577,2771,2771,18,18,0,0,0,153.94444444444446,161,288,411.5
mRNA,25,40,0025_R0040,0.1552009728498203,0.1552009728498203,1969,1969,13,13,0,0,0,151.46153846153845,154,126,430.7692307692308
mRNA,25,41,0025_R0041,0.19101658196900959,0.19101658196900959,2563,2563,16,16,0,0,0,160.1875,180,145.3125,451.875
mRNA,25,42,0025_R0042,0.07163121823837859,0.07163121823837859,920,920,6,6,0,0,0,153.33333333333334,157,415.5,454
mRNA,25,43,0025_R0043,2.1011824016591056,2.1011824016591056,28831,28831,176,176,0,0,0,163.8125,191,443.7386363636364,466.91477272727275
mRNA,25,44,0025_R0044,0.10744682735756789,0.10744682735756789,1378,1378,9,9,0,0,0,153.11111111111111,156,418.6666666666667,462
mRNA,25,45,0025_R0045,1.802718992332528,1.802718992332528,25519,25519,151,151,0,0,0,169,210,471.5165562913907,475.4370860927152
mRNA,25,46,0025_R0046,0.39397170031108225,0.39397170031108225,5078,5078,33,33,0,0,0,153.87878787878788,167,472.4848484848485,488.75757575757575
mRNA,25,47,0025_R0047,0.45366438217639776,0.45366438217639776,5789,5789,38,38,0,0,0,152.3421052631579,163,333.7894736842105,504.92105263157896
mRNA,25,48,0025_R0048,1.205792173679373,1.205792173679373,15660.999999999998,15661,101,101,0,0,0,155.05940594059405,172,145.0891089108911,537.2871287128713
mRNA,25,49,0025_R0049,0.5372341367878395,0.5372341367878395,6915,6915,45,45,0,0,0,153.66666666666666,166,162.04444444444445,556.1333333333333
mRNA,25,50,0025_R0050,0.6208038913992812,0.6208038913992812,8034,8034,52,52,0,0,0,154.5,166,364.2692307692308,561.3846153846154
mRNA,25,51,0025_R0051,0.1671395092228834,0.1671395092228834,2131,2131,14,14,0,0,0,152.21428571428572,156,165.21428571428572,563.7142857142857
mRNA,25,52,0025_R0052,1.5281326557520767,1.5281326557520767,20347,20347,128,128,0,0,0,158.9609375,183,379.8359375,603.5390625
mRNA,25,53,0025_R0053,0.25070926383432507,0.25070926383432507,3463,3463,21,21,0,0,0,164.9047619047619,204,377,631
mRNA,25,54,0025_R0054,0.10744682735756789,0.10744682735756789,1359,1359,9,9,0,0,0,151,155,259.6666666666667,637.2222222222222
mRNA,25,55,0025_R0055,0.2745863365804513,0.2745863365804513,3486,3486,23,23,0,0,0,151.56521739130434,156,254.95652173913044,644.2608695652174
mRNA,25,56,0025_R0056,0.14326243647675718,0.14326243647675718,1917,1917,12,12,0,0,0,159.75,170,246.5,645.5
mRNA,25,57,0025_R0057,0.21489365471513577,0.21489365471513577,2784,2784,18,18,0,0,0,154.66666666666666,164,242.5,650
mRNA,25,58,0025_R0058,0.023877072746126198,0.023877072746126198,306,306,2,2,0,0,0,153,153,252,654.5
mRNA,25,59,0025_R0059,0.19101658196900959,0.19101658196900959,2485,2485,16,16,0,0,0,155.3125,164,268.1875,659.625
mRNA,25,60,0025_R0060,0.023877072746126198,0.023877072746126198,304,304,2,2,0,0,0,152,152,650.5,665
mRNA,25,61,0025_R0061,0.4059102366841454,0.4059102366841454,5338,5338,34,34,0,0,0,157,167,620.9705882352941,692.4117647058823
mRNA,26,1,0026_R0001,0.0835697546114417,0.0835697546114417,1058,1058,7,7,0,0,0,151.14285714285714,155,401.57142857142856,10.714285714285714
mRNA,26,2,0026_R0002,0.07163121823837859,0.07163121823837859,909,909,6,6,0,0,0,151.5,154,472.1666666666667,127.66666666666667
mRNA,26,3,0026_R0003,0.4417258458033347,0.42978730943027155,5597,5454,37,36,1,0,1,151.5,159,547.7777777777778,175.02777777777777
mRNA,26,4,0026_R0004,0.0835697546114417,0.0835697546114417,1047,1047,7,7,0,0,0,149.57142857142858,152,331.57142857142856,233.85714285714286
mRNA,26,5,0026_R0005,0.4417258458033347,0.4417258458033347,5710,5710,37,37,0,0,0,154.32432432432432,164,461.5945945945946,238.24324324324326
mRNA,26,6,0026_R0006,15.090309975551758,14.98286314819419,231373,230060,1264,1255,9,0,1,183.31474103585657,314,495.22709163346616,271.8693227091633
mRNA,26,7,0026_R0007,0.7163121823837859,0.7163121823837859,9210,9210,60,60,0,0,0,153.5,171,334.0833333333333,249.11666666666667
mRNA,26,8,0026_R0008,0.2626478002073882,0.2626478002073882,3327,3327,22,22,0,0,0,151.22727272727272,156,349.22727272727275,254.1818181818182
mRNA,26,9,0026_R0009,0.10744682735756789,0.10744682735756789,1368,1368,9,9,0,0,0,152,154,566.3333333333334,267.1111111111111
mRNA,26,10,0026_R0010,0.035815609119189296,0.035815609119189296,449,449,3,3,0,0,0,149.66666666666666,151,297.6666666666667,273.6666666666667
mRNA,26,11,0026_R0011,0.3700946275649561,0.3700946275649561,4773,4773,31,31,0,0,0,153.96774193548387,165,325.0967741935484,285.5483870967742
mRNA,26,12,0026_R0012,0.07163121823837859,0.07163121823837859,929,929,6,6,0,0,0,154.83333333333334,160,670.1666666666666,299.8333333333333
mRNA,26,13,0026_R0013,0.07163121823837859,0.07163121823837859,900,900,6,6,0,0,0,150,152,281.3333333333333,301
mRNA,26,14,0026_R0014,0.32234048207270366,0.32234048207270366,4099,4099,27,27,0,0,0,151.8148148148148,161,521.4074074074074,302.8888888888889
mRNA,26,15,0026_R0015,0.047754145492252396,0.047754145492252396,622,622,4,4,0,0,0,155.5,161,682.5,308.5
mRNA,26,16,0026_R0016,0.023877072746126198,0.023877072746126198,305,305,2,2,0,0,0,152.5,153,227.5,315.5
mRNA,26,17,0026_R0017,2.0056741106746006,2.0056741106746006,25985,25985,168,168,0,0,0,154.67261904761904,176,100.8452380952381,370.2202380952381
mRNA,26,18,0026_R0018,1.6117024103635185,1.6117024103635185,23496,23496,135,135,0,0,0,174.04444444444445,217,214.05185185185186,387.24444444444447
mRNA,26,19,0026_R0019,0.3462175548188299,0.3462175548188299,4395,4395,29,29,0,0,0,151.55172413793105,163,120.10344827586206,388.7931034482759
mRNA,26,20,0026_R0020,1.9937355743015375,1.9937355743015375,27587,27587,167,167,0,0,0,165.19161676646706,194,245.79041916167665,396.4610778443114
mRNA,26,21,0026_R0021,0.3104019456996406,0.3104019456996406,4520,4520,26,26,0,0,0,173.84615384615384,214,668,394.5
mRNA,26,22,0026_R0022,0.10744682735756789,0.10744682735756789,1366,1366,9,9,0,0,0,151.77777777777777,155,64.77777777777777,395.77777777777777
mRNA,26,23,0026_R0023,0.023877072746126198,0.023877072746126198,305,305,2,2,0,0,0,152.5,153,96.5,397
mRNA,26,24,0026_R0024,0.035815609119189296,0.035815609119189296,449,449,3,3,0,0,0,149.66666666666666,151,313.3333333333333,397.3333333333333
mRNA,26,25,0026_R0025,0.023877072746126198,0.023877072746126198,299,299,2,2,0,0,0,149.5,150,97,399.5
mRNA,26,26,0026_R0026,1.0983453463218051,1.0983453463218051,14950,14950,92,92,0,0,0,162.5,187,197.67391304347825,405.79347826086956
mRNA,26,27,0026_R0027,0.7163121823837859,0.7043736460107228,9123,8979,60,59,1,0,1,152.1864406779661,160,389.7457627118644,407.6271186440678
mRNA,26,28,0026_R0028,0.9192673007258586,0.9073287643527955,11602,11456,77,76,1,0,1,150.73684210526315,156,84.02631578947368,414.7631578947368
mRNA,26,29,0026_R0029,1.1580380281871205,1.1341609554409944,15433,15142,97,95,2,0,1,159.38947368421051,223,537.8315789473684,424.0210526315789
mRNA,26,30,0026_R0030,0.22683219108819888,0.22683219108819888,2979,2979,19,19,0,0,0,156.78947368421052,169,546.7368421052631,426.6842105263158
mRNA,26,31,0026_R0031,3.211466284353974,3.211466284353974,43530,43530,269,269,0,0,0,161.82156133828997,185,85.25650557620818,441.09665427509293
mRNA,26,32,0026_R0032,0.047754145492252396,0.047754145492252396,602,602,4,4,0,0,0,150.5,153,545.25,434.75
mRNA,26,33,0026_R0033,1.0147755917103634,1.0147755917103634,13867.000000000002,13867,85,85,0,0,0,163.14117647058825,187,183.64705882352942,442.2352941176471
mRNA,26,34,0026_R0034,1.325177537410004,1.325177537410004,18321,18321,111,111,0,0,0,165.05405405405406,223,504.3873873873874,481.23423423423424
mRNA,26,35,0026_R0035,0.5133570640417132,0.5133570640417132,6546,6546,43,43,0,0,0,152.2325581395349,163,467.3720930232558,491.1162790697674
mRNA,26,36,0026_R0036,0.4059102366841454,0.4059102366841454,5132,5132,34,34,0,0,0,150.94117647058823,159,485.2647058823529,498.4117647058824
mRNA,26,37,0026_R0037,0.45366438217639776,0.45366438217639776,5931,5931,38,38,0,0,0,156.07894736842104,172,506.7631578947368,522.921052631579
mRNA,26,38,0026_R0038,0.7043736460107228,0.7043736460107228,8980,8980,59,59,0,0,0,152.20338983050848,161,459.20338983050846,527.8135593220339
mRNA,26,39,0026_R0039,0.4059102366841454,0.4059102366841454,5225,5225,34,34,0,0,0,153.6764705882353,164,491.2352941176471,527.7352941176471
mRNA,26,40,0026_R0040,0.0596926818653155,0.0596926818653155,787,787,5,5,0,0,0,157.4,166,702.6,533.2
mRNA,26,41,0026_R0041,2.328014592747304,2.316076056374241,30884,30737,195,194,1,0,1,158.43814432989691,193,433.1546391752577,554.2474226804123
mRNA,26,42,0026_R0042,0.1552009728498203,0.14326243647675718,1950,1805,13,12,1,0,1,150.41666666666666,155,508.5833333333333,557.9166666666666
mRNA,26,43,0026_R0043,1.7430263104672126,1.7430263104672126,27580,27580,146,146,0,0,0,188.9041095890411,241,94.76712328767124,577.931506849315
mRNA,26,44,0026_R0044,0.39397170031108225,0.39397170031108225,4963,4963,33,33,0,0,0,150.3939393939394,156,445.6060606060606,577.8787878787879
mRNA,26,45,0026_R0045,0.2626478002073882,0.2626478002073882,3336,3336,22,22,0,0,0,151.63636363636363,157,53.72727272727273,604.9545454545455
mRNA,26,46,0026_R0046,0.023877072746126198,0.023877072746126198,301,301,2,2,0,0,0,150.5,152,560,628.5
mRNA,26,47,0026_R0047,0.0596926818653155,0.0596926818653155,757,757,5,5,0,0,0,151.4,153,554.2,641.8
mRNA,26,48,0026_R0048,0.09550829098450479,0.09550829098450479,1240,1240,8,8,0,0,0,155,165,189.125,642.875
mRNA,26,49,0026_R0049,0.1671395092228834,0.1552009728498203,2106,1961,14,13,1,0,1,150.84615384615384,155,506.15384615384613,647.3846153846154
mRNA,26,50,0026_R0050,0.1313239001036941,0.1313239001036941,1682,1682,11,11,0,0,0,152.9090909090909,160,456.54545454545456,648.6363636363636
mRNA,26,51,0026_R0051,0.5252956004147764,0.5252956004147764,8961,8961,44,44,0,0,0,203.6590909090909,341,511.6363636363636,656.5681818181819
mRNA,26,52,0026_R0052,0.14326243647675718,0.14326243647675718,1810,1810,12,12,0,0,0,150.83333333333334,155,449.3333333333333,670.75
mRNA,26,53,0026_R0053,0.2745863365804513,0.2745863365804513,3538,3538,23,23,0,0,0,153.82608695652175,161,479.82608695652175,690
mRNA,27,1,0027_R0001,0.10744682735756789,0.10744682735756789,1358,1358,9,9,0,0,0,150.88888888888889,155,702.2222222222222,22.666666666666668
mRNA,27,2,0027_R0002,3.2950360389654154,3.2950360389654154,46415,46415,276,276,0,0,0,168.17028985507247,218,362.6811594202899,122.08695652173913
mRNA,27,3,0027_R0003,0.047754145492252396,0.047754145492252396,602,602,4,4,0,0,0,150.5,152,367.75,137.25
mRNA,27,4,0027_R0004,0.45366438217639776,0.45366438217639776,5792,5792,38,38,0,0,0,152.42105263157896,159,298.92105263157896,156.3421052631579
mRNA,27,5,0027_R0005,1.3013004646638777,1.3013004646638777,20035,20035,109,109,0,0,0,183.80733944954127,238,538.0917431192661,166.3394495412844
mRNA,27,6,0027_R0006,0.6446809641454073,0.6446809641454073,9013,9013,54,54,0,0,0,166.90740740740742,220,427.0740740740741,218.74074074074073
mRNA,27,7,0027_R0007,0.09550829098450479,0.09550829098450479,1221,1221,8,8,0,0,0,152.625,156,282.25,229.25
mRNA,27,8,0027_R0008,0.2029551183420727,0.2029551183420727,2579,2579,17,17,0,0,0,151.7058823529412,158,286.70588235294116,232.1764705882353
mRNA,27,9,0027_R0009,0.09550829098450479,0.09550829098450479,1228,1228,8,8,0,0,0,153.5,157,470.125,231.875
mRNA,27,10,0027_R0010,0.19101658196900959,0.19101658196900959,2478,2478,16,16,0,0,0,154.875,162,493.5,234
mRNA,27,11,0027_R0011,0.45366438217639776,0.45366438217639776,5823,5823,38,38,0,0,0,153.23684210526315,162,456.42105263157896,243.52631578947367
mRNA,27,12,0027_R0012,0.07163121823837859,0.07163121823837859,917,917,6,6,0,0,0,152.83333333333334,156,483.3333333333333,242.83333333333334
mRNA,27,13,0027_R0013,0.035815609119189296,0.035815609119189296,460,460,3,3,0,0,0,153.33333333333334,155,480,242.33333333333334
mRNA,27,14,0027_R0014,0.10744682735756789,0.10744682735756789,1361,1361,9,9,0,0,0,151.22222222222223,154,478.8888888888889,246
mRNA,27,15,0027_R0015,0.48947999129558706,0.48947999129558706,6183,6183,41,41,0,0,0,150.8048780487805,158,481.8536585365854,251.8048780487805
mRNA,27,16,0027_R0016,0.25070926383432507,0.25070926383432507,3343.0000000000005,3343,21,21,0,0,0,159.1904761904762,176,273.14285714285717,258.6666666666667
mRNA,27,17,0027_R0017,0.1313239001036941,0.1313239001036941,1670,1670,11,11,0,0,0,151.8181818181818,157,489.8181818181818,258.6363636363636
mRNA,27,18,0027_R0018,0.7401892551299122,0.7401892551299122,9495,9495,62,62,0,0,0,153.1451612903226,162,323.7096774193548,265.14516129032256
mRNA,27,19,0027_R0019,0.4417258458033347,0.4417258458033347,5705,5705,37,37,0,0,0,154.1891891891892,164,333.4594594594595,275.2432432432432
mRNA,27,20,0027_R0020,0.6208038913992812,0.6208038913992812,8215,8215,52,52,0,0,0,157.98076923076923,177,346.8076923076923,284.4423076923077
mRNA,27,21,0027_R0021,2.304137520001178,2.292198983628115,29525.000000000004,29380,193,192,1,0,1,153.02083333333334,163,531.7708333333334,289.875
mRNA,27,22,0027_R0022,2.554846783835503,2.554846783835503,37604,37604,214,214,0,0,0,175.7196261682243,226,388.61682242990656,297.83644859813086
mRNA,27,23,0027_R0023,0.047754145492252396,0.047754145492252396,618,618,4,4,0,0,0,154.5,159,291.5,295.5
mRNA,27,24,0027_R0024,1.0386526644564895,1.0386526644564895,13574,13574,87,87,0,0,0,156.02298850574712,169,304.14942528735634,304.0344827586207
mRNA,27,25,0027_R0025,0.25070926383432507,0.25070926383432507,3199,3199,21,21,0,0,0,152.33333333333334,159,590.3333333333334,314.2857142857143
mRNA,27,26,0027_R0026,0.07163121823837859,0.07163121823837859,910,910,6,6,0,0,0,151.66666666666666,153,579.6666666666666,314.8333333333333
mRNA,27,27,0027_R0027,1.074468273575679,1.074468273575679,13905,13905,90,90,0,0,0,154.5,164,601.1111111111111,320.05555555555554
mRNA,27,28,0027_R0028,0.023877072746126198,0.023877072746126198,306,306,2,2,0,0,0,153,153,583.5,373
mRNA,27,29,0027_R0029,0.09550829098450479,0.09550829098450479,1239,1239,8,8,0,0,0,154.875,166,672.5,421
mRNA,27,30,0027_R0030,0.14326243647675718,0.14326243647675718,1881,1881,12,12,0,0,0,156.75,165,270.5,450
mRNA,27,31,0027_R0031,0.1313239001036941,0.1313239001036941,1704,1704,11,11,0,0,0,154.9090909090909,165,467.90909090909093,453.1818181818182
mRNA,27,32,0027_R0032,0.3104019456996406,0.3104019456996406,4047,4047,26,26,0,0,0,155.65384615384616,169,239,460.0769230769231
mRNA,27,33,0027_R0033,0.19101658196900959,0.19101658196900959,2530,2530,16,16,0,0,0,158.125,173,438.5,461.25
mRNA,27,34,0027_R0034,0.047754145492252396,0.047754145492252396,606,606,4,4,0,0,0,151.5,153,447.25,462.5
mRNA,27,35,0027_R0035,0.1552009728498203,0.1552009728498203,1963,1963,13,13,0,0,0,151,157,451.0769230769231,462.15384615384613
mRNA,27,36,0027_R0036,0.035815609119189296,0.035815609119189296,457,457,3,3,0,0,0,152.33333333333334,154,221.33333333333334,475.3333333333333
mRNA,27,37,0027_R0037,0.8237590097413539,0.8237590097413539,12029,12029,69,69,0,0,0,174.33333333333334,278,222,486.7391304347826
mRNA,27,38,0027_R0038,0.035815609119189296,0.035815609119189296,461,461,3,3,0,0,0,153.66666666666666,156,445.6666666666667,480.6666666666667
mRNA,27,39,0027_R0039,0.238770727461262,0.238770727461262,3038,3038,20,20,0,0,0,151.9,155,143.5,485.85
mRNA,27,40,0027_R0040,0.09550829098450479,0.09550829098450479,1261,1261,8,8,0,0,0,157.625,162,9.125,485.125
mRNA,27,41,0027_R0041,0.19101658196900959,0.19101658196900959,2515,2515,16,16,0,0,0,157.1875,174,230.5,495
mRNA,27,42,0027_R0042,0.09550829098450479,0.09550829098450479,1215,1215,8,8,0,0,0,151.875,154,260.125,498.875
mRNA,27,43,0027_R0043,0.047754145492252396,0.047754145492252396,605,605,4,4,0,0,0,151.25,152,554.5,497.5
mRNA,27,44,0027_R0044,0.023877072746126198,0.023877072746126198,312,312,2,2,0,0,0,156,156,614,497.5
mRNA,27,45,0027_R0045,0.7043736460107228,0.7043736460107228,9069,9069,59,59,0,0,0,153.71186440677965,164,538.8135593220339,504.93220338983053
mRNA,27,46,0027_R0046,0.2745863365804513,0.2745863365804513,3473,3473,23,23,0,0,0,151,155,475.8695652173913,511.17391304347825
mRNA,27,47,0027_R0047,0.035815609119189296,0.035815609119189296,455,455,3,3,0,0,0,151.66666666666666,153,472.3333333333333,522.6666666666666
mRNA,27,48,0027_R0048,0.2626478002073882,0.2626478002073882,3462,3462,22,22,0,0,0,157.36363636363637,172,282,526.5
mRNA,27,49,0027_R0049,0.3462175548188299,0.3462175548188299,4534,4534,29,29,0,0,0,156.3448275862069,168,558.5862068965517,527.6551724137931
mRNA,27,50,0027_R0050,0.119385363730631,0.119385363730631,1616,1616,10,10,0,0,0,161.6,170,322.8,577
mRNA,27,51,0027_R0051,0.25070926383432507,0.25070926383432507,3493,3493,21,21,0,0,0,166.33333333333334,198,338,588.8571428571429
mRNA,27,52,0027_R0052,1.456501437513698,1.456501437513698,22235,22235,122,122,0,0,0,182.25409836065575,278,394.7049180327869,621.4590163934427
mRNA,27,53,0027_R0053,0.10744682735756789,0.10744682735756789,1374,1374,9,9,0,0,0,152.66666666666666,161,407.44444444444446,618.7777777777778
mRNA,27,54,0027_R0054,0.119385363730631,0.119385363730631,1558,1558,10,10,0,0,0,155.8,164,417.1,620.1
mRNA,28,1,0028_R0001,0.023877072746126198,0.023877072746126198,321,321,2,2,0,0,0,160.5,161,112.5,18
mRNA,28,2,0028_R0002,0.09550829098450479,0.09550829098450479,1272,1272,8,8,0,0,0,159,162,278.875,69.875
mRNA,28,3,0028_R0003,0.5491726731609026,0.5491726731609026,8163,8163,46,46,0,0,0,177.45652173913044,211,270.0652173913044,77.06521739130434
mRNA,28,4,0028_R0004,0.42978730943027155,0.42978730943027155,6016,6016,36,36,0,0,0,167.11111111111111,182,561.5,185.5
mRNA,28,5,0028_R0005,0.10744682735756789,0.10744682735756789,1513,1513,9,9,0,0,0,168.11111111111111,187,646.8888888888889,220.33333333333334
mRNA,28,6,0028_R0006,11.986290518555352,11.986290518555352,191863,191863,1004,1004,0,0,0,191.09860557768926,275,139.06374501992033,389.61752988047806
mRNA,28,7,0028_R0007,0.023877072746126198,0.023877072746126198,321,321,2,2,0,0,0,160.5,165,521,366.5
mRNA,28,8,0028_R0008,0.07163121823837859,0.07163121823837859,952,952,6,6,0,0,0,158.66666666666666,164,117.16666666666667,370
mRNA,28,9,0028_R0009,0.10744682735756789,0.10744682735756789,1451,1451,9,9,0,0,0,161.22222222222223,167,239.33333333333334,374.1111111111111
mRNA,28,10,0028_R0010,0.023877072746126198,0.023877072746126198,319,319,2,2,0,0,0,159.5,162,541,401.5
mRNA,28,11,0028_R0011,0.22683219108819888,0.22683219108819888,3030.9999999999995,3031,19,19,0,0,0,159.52631578947367,164,260.3157894736842,414.6842105263158
mRNA,28,12,0028_R0012,0.047754145492252396,0.047754145492252396,649,649,4,4,0,0,0,162.25,165,475.5,417.5
mRNA,28,13,0028_R0013,0.09550829098450479,0.09550829098450479,1261,1261,8,8,0,0,0,157.625,160,270.75,433.75
mRNA,28,14,0028_R0014,0.17907804559594648,0.17907804559594648,2488,2488,15,15,0,0,0,165.86666666666667,181,287,436.3333333333333
mRNA,28,15,0028_R0015,0.19101658196900959,0.19101658196900959,2576,2576,16,16,0,0,0,161,168,276.3125,442.5625
mRNA,28,16,0028_R0016,2.519031174716314,2.519031174716314,38081,38081,211,211,0,0,0,180.478672985782,217,267.6777251184834,452.81042654028437
mRNA,28,17,0028_R0017,0.035815609119189296,0.035815609119189296,474,474,3,3,0,0,0,158,161,414,469
mRNA,28,18,0028_R0018,0.035815609119189296,0.035815609119189296,472,472,3,3,0,0,0,157.33333333333334,158,410,473.3333333333333
mRNA,28,19,0028_R0019,0.119385363730631,0.119385363730631,1657,1657,10,10,0,0,0,165.7,176,248.5,478.2
mRNA,28,20,0028_R0020,0.035815609119189296,0.035815609119189296,470,470,3,3,0,0,0,156.66666666666666,158,138.33333333333334,488.3333333333333
mRNA,28,21,0028_R0021,4.142672121452895,4.142672121452895,62789,62789,347,347,0,0,0,180.94812680115274,252,408.93659942363115,526.35734870317
mRNA,28,22,0028_R0022,0.023877072746126198,0.023877072746126198,323,323,2,2,0,0,0,161.5,164,300,517.5
mRNA,28,23,0028_R0023,1.086406809948742,1.086406809948742,14539,14539,91,91,0,0,0,159.76923076923077,178,438.16483516483515,574.978021978022
mRNA,28,24,0028_R0024,0.035815609119189296,0.035815609119189296,475,475,3,3,0,0,0,158.33333333333334,161,388,596
mRNA,28,25,0028_R0025,0.28652487295351436,0.28652487295351436,3972,3972,24,24,0,0,0,165.5,181,385.5416666666667,607.375
mRNA,28,26,0028_R0026,0.07163121823837859,0.07163121823837859,950,950,6,6,0,0,0,158.33333333333334,161,410.5,630.3333333333334
mRNA,28,27,0028_R0027,0.35815609119189296,0.35815609119189296,4776,4776,30,30,0,0,0,159.2,170,413,640.2666666666667
mRNA,28,28,0028_R0028,0.7998819369952277,0.7998819369952277,11089,11089,67,67,0,0,0,165.50746268656715,178,422.95522388059703,648.8059701492538
mRNA,28,29,0028_R0029,0.023877072746126198,0.023877072746126198,317,317,2,2,0,0,0,158.5,160,410.5,649.5
mRNA,28,30,0028_R0030,2.0892438652860426,2.0892438652860426,32303.000000000004,32303,175,175,0,0,0,184.58857142857144,223,314.86857142857144,658.6971428571428
mRNA,28,31,0028_R0031,6.494563786946326,6.494563786946326,90939,90939,544,544,0,0,0,167.1672794117647,192,395.12867647058823,681.9007352941177
mRNA,28,32,0028_R0032,0.9312058370989217,0.9312058370989217,12302,12302,78,78,0,0,0,157.71794871794873,166,375.8974358974359,688.2179487179487
mRNA,28,33,0028_R0033,0.09550829098450479,0.09550829098450479,1291,1291,8,8,0,0,0,161.375,167,530,701
mRNA,30,1,0030_R0001,0.21489365471513577,0.21489365471513577,2954,2954,18,18,0,0,0,164.11111111111111,183,569.5,52.77777777777778
mRNA,30,2,0030_R0002,0.21489365471513577,0.21489365471513577,2841,2841,18,18,0,0,0,157.83333333333334,176,65.83333333333333,54.72222222222222
mRNA,30,3,0030_R0003,0.5372341367878395,0.5372341367878395,9784,9784,45,45,0,0,0,217.42222222222222,400,162.9111111111111,149.7111111111111
mRNA,30,4,0030_R0004,0.07163121823837859,0.07163121823837859,910,910,6,6,0,0,0,151.66666666666666,155,50.833333333333336,184
mRNA,30,5,0030_R0005,0.5014185276686501,0.48947999129558706,6441,6296,42,41,1,0,1,153.5609756097561,163,225.82926829268294,191.0487804878049
mRNA,30,6,0030_R0006,0.41784877305720847,0.41784877305720847,5311,5311,35,35,0,0,0,151.74285714285713,161,345.9142857142857,317.1714285714286
mRNA,30,7,0030_R0007,3.414421402696046,3.414421402696046,54196,54196,286,286,0,0,0,189.4965034965035,257,377.43356643356645,338.9475524475524
mRNA,30,8,0030_R0008,0.28652487295351436,0.28652487295351436,3647,3647,24,24,0,0,0,151.95833333333334,158,333.9166666666667,335.9583333333333
mRNA,30,9,0030_R0009,1.6355794831096446,1.6355794831096446,21599,21599,137,137,0,0,0,157.65693430656935,175,432.985401459854,340.84671532846716
mRNA,30,10,0030_R0010,1.3371160737830672,1.3371160737830672,17496,17496,112,112,0,0,0,156.21428571428572,171,384.51785714285717,356.8125
mRNA,30,11,0030_R0011,1.325177537410004,1.325177537410004,17520,17520,111,111,0,0,0,157.83783783783784,207,359.15315315315314,358.72972972972974
mRNA,30,12,0030_R0012,0.45366438217639776,0.45366438217639776,6042.999999999999,6043,38,38,0,0,0,159.02631578947367,174,433.6578947368421,356.92105263157896
mRNA,30,13,0030_R0013,0.2984634093265775,0.2984634093265775,3846,3846,25,25,0,0,0,153.84,165,419.28,357.48
mRNA,30,14,0030_R0014,0.41784877305720847,0.39397170031108225,5276,4982,35,33,2,0,1,150.96969696969697,159,280.6969696969697,363.3030303030303
mRNA,30,15,0030_R0015,4.476951139898662,4.476951139898662,69250,69250,375,375,0,0,0,184.66666666666666,291,443.328,378.5226666666667
mRNA,30,16,0030_R0016,0.9789599825911741,0.9789599825911741,12810.999999999998,12811,82,82,0,0,0,156.23170731707316,169,240.67073170731706,372.9756097560976
mRNA,30,17,0030_R0017,0.023877072746126198,0.023877072746126198,305,305,2,2,0,0,0,152.5,155,284.5,369
mRNA,30,18,0030_R0018,0.047754145492252396,0.047754145492252396,605,605,4,4,0,0,0,151.25,155,288.5,369.5
mRNA,30,19,0030_R0019,0.22683219108819888,0.22683219108819888,2935.0000000000005,2935,19,19,0,0,0,154.47368421052633,160,466.57894736842104,374.7894736842105
mRNA,30,20,0030_R0020,3.748700421141813,3.748700421141813,51631.00000000001,51631,314,314,0,0,0,164.4299363057325,246,434.5509554140127,403.4331210191083
mRNA,30,21,0030_R0021,0.07163121823837859,0.07163121823837859,905,905,6,6,0,0,0,150.83333333333334,154,226.83333333333334,408.3333333333333
mRNA,30,22,0030_R0022,0.9908985189642372,0.9908985189642372,13349,13349,83,83,0,0,0,160.83132530120483,186,367.7469879518072,411.7590361445783
mRNA,30,23,0030_R0023,2.6384165384469447,2.6384165384469447,34196,34196,221,221,0,0,0,154.73303167420815,172,337.67420814479635,419.7782805429864
mRNA,30,24,0030_R0024,0.19101658196900959,0.19101658196900959,2465,2465,16,16,0,0,0,154.0625,167,620,414.4375
mRNA,30,25,0030_R0025,0.023877072746126198,0.023877072746126198,308,308,2,2,0,0,0,154,155,424.5,414.5
mRNA,30,26,0030_R0026,3.2950360389654154,3.2950360389654154,45315,45315,276,276,0,0,0,164.18478260869566,216,489.0869565217391,468.5507246376812
mRNA,30,27,0030_R0027,0.21489365471513577,0.21489365471513577,2793,2793,18,18,0,0,0,155.16666666666666,160,381.55555555555554,464.44444444444446
mRNA,30,28,0030_R0028,0.0596926818653155,0.0596926818653155,763,763,5,5,0,0,0,152.6,158,502.2,480.4
mRNA,30,29,0030_R0029,0.0596926818653155,0.0596926818653155,794,794,5,5,0,0,0,158.8,166,406.8,486.4
mRNA,30,30,0030_R0030,2.781678974923702,2.781678974923702,44122,44122,233,233,0,0,0,189.3648068669528,278,466.78111587982835,514.1072961373391
mRNA,30,31,0030_R0031,9.383689589227595,9.383689589227595,153423,153423,786,786,0,0,0,195.1946564885496,315,374.81933842239187,523.4338422391858
mRNA,30,32,0030_R0032,0.3462175548188299,0.3462175548188299,4409,4409,29,29,0,0,0,152.0344827586207,160,442.86206896551727,512.2413793103449
mRNA,30,33,0030_R0033,0.2626478002073882,0.2626478002073882,3776,3776,22,22,0,0,0,171.63636363636363,209,607.7727272727273,516.2727272727273
mRNA,30,34,0030_R0034,0.32234048207270366,0.32234048207270366,4174,4174,27,27,0,0,0,154.59259259259258,168,475.3333333333333,549.3703703703703
mRNA,30,35,0030_R0035,0.1671395092228834,0.1671395092228834,2156,2156,14,14,0,0,0,154,159,408,584.2857142857143
mRNA,30,36,0030_R0036,0.5730497459070287,0.5730497459070287,9045,9045,48,48,0,0,0,188.4375,288,528.5416666666666,624.6041666666666
mRNA,30,37,0030_R0037,0.0835697546114417,0.0835697546114417,1087,1087,7,7,0,0,0,155.28571428571428,168,590.2857142857143,683
mRNA,31,1,0031_R0001,0.3700946275649561,0.3700946275649561,5696,5696,31,31,0,0,0,183.74193548387098,256,543.4193548387096,137.5483870967742
mRNA,31,2,0031_R0002,0.3700946275649561,0.3700946275649561,5767,5767,31,31,0,0,0,186.03225806451613,265,461.2903225806452,141.70967741935485
mRNA,31,3,0031_R0003,0.21489365471513577,0.21489365471513577,2970,2970,18,18,0,0,0,165,189,497.5,150.77777777777777
mRNA,31,4,0031_R0004,0.1671395092228834,0.1671395092228834,2115,2115,14,14,0,0,0,151.07142857142858,156,662.5714285714286,188.92857142857142
mRNA,31,5,0031_R0005,0.2984634093265775,0.2984634093265775,4248,4248,25,25,0,0,0,169.92,199,478.8,231
mRNA,31,6,0031_R0006,0.3462175548188299,0.3462175548188299,4344,4344,29,29,0,0,0,149.79310344827587,154,503.58620689655174,298.9655172413793
mRNA,31,7,0031_R0007,0.035815609119189296,0.035815609119189296,457,457,3,3,0,0,0,152.33333333333334,153,501,303
mRNA,31,8,0031_R0008,1.086406809948742,1.086406809948742,15042,15042,91,91,0,0,0,165.2967032967033,199,568.3296703296703,350.5824175824176
mRNA,31,9,0031_R0009,1.802718992332528,1.802718992332528,25278,25278,151,151,0,0,0,167.40397350993376,212,117.70860927152317,367.49006622516555
mRNA,31,10,0031_R0010,0.5491726731609026,0.5491726731609026,7393.999999999999,7394,46,46,0,0,0,160.7391304347826,184,557.9130434782609,369.69565217391306
mRNA,31,11,0031_R0011,0.6685580368915336,0.6685580368915336,8673,8673,56,56,0,0,0,154.875,171,105.125,377.39285714285717
mRNA,31,12,0031_R0012,0.32234048207270366,0.32234048207270366,4169,4169,27,27,0,0,0,154.40740740740742,163,90.48148148148148,385.1111111111111
mRNA,31,13,0031_R0013,0.1552009728498203,0.1552009728498203,1982,1982,13,13,0,0,0,152.46153846153845,158,121.92307692307692,394.0769230769231
mRNA,31,14,0031_R0014,0.023877072746126198,0.023877072746126198,303,303,2,2,0,0,0,151.5,152,606,394.5
mRNA,31,15,0031_R0015,0.7640663278760383,0.7640663278760383,10463,10463,64,64,0,0,0,163.484375,188,151.1875,404.28125
mRNA,31,16,0031_R0016,0.023877072746126198,0.023877072746126198,308,308,2,2,0,0,0,154,156,242.5,443
mRNA,31,17,0031_R0017,0.023877072746126198,0.023877072746126198,301,301,2,2,0,0,0,150.5,151,242.5,448
mRNA,31,18,0031_R0018,0.023877072746126198,0.023877072746126198,302,302,2,2,0,0,0,151,152,244.5,450.5
mRNA,31,19,0031_R0019,0.4059102366841454,0.4059102366841454,5196,5196,34,34,0,0,0,152.8235294117647,166,533.4117647058823,456.3529411764706
mRNA,31,20,0031_R0020,0.023877072746126198,0.023877072746126198,305,305,2,2,0,0,0,152.5,154,242.5,456
mRNA,31,21,0031_R0021,0.3342790184457668,0.3342790184457668,4215,4215,28,28,0,0,0,150.53571428571428,159,267.67857142857144,480.32142857142856
mRNA,31,22,0031_R0022,0.023877072746126198,0.023877072746126198,300,300,2,2,0,0,0,150,150,283.5,484.5
mRNA,31,23,0031_R0023,1.587825337617392,1.587825337617392,20637,20637,133,133,0,0,0,155.1654135338346,183,502.1127819548872,497.7218045112782
mRNA,31,24,0031_R0024,0.8595746188605431,0.8237590097413539,10803,10369,72,69,3,0,1,150.2753623188406,157,270.4782608695652,497.1159420289855
mRNA,31,25,0031_R0025,0.1552009728498203,0.1552009728498203,1955,1955,13,13,0,0,0,150.3846153846154,154,484.3076923076923,499
mRNA,31,26,0031_R0026,0.035815609119189296,0.035815609119189296,451,451,3,3,0,0,0,150.33333333333334,152,488.3333333333333,499.3333333333333
mRNA,31,27,0031_R0027,0.023877072746126198,0.023877072746126198,301,301,2,2,0,0,0,150.5,151,275.5,501
mRNA,31,28,0031_R0028,2.9368799477735226,2.9249414114004595,37987,37845,246,245,1,0,1,154.46938775510205,179,272.6326530612245,514.5836734693878
mRNA,31,29,0031_R0029,0.023877072746126198,0.023877072746126198,302,302,2,2,0,0,0,151,154,278.5,525
mRNA,31,30,0031_R0030,2.4832155655971246,2.4832155655971246,38483,38483,208,208,0,0,0,185.01442307692307,268,383.36538461538464,539.6346153846154
mRNA,31,31,0031_R0031,0.3700946275649561,0.3700946275649561,4777,4777,31,31,0,0,0,154.09677419354838,166,384.4516129032258,558.9032258064516
mRNA,31,32,0031_R0032,2.507092638343251,2.507092638343251,34513,34513,210,210,0,0,0,164.34761904761905,212,415.23809523809524,573.2095238095238
mRNA,31,33,0031_R0033,0.19101658196900959,0.19101658196900959,2430,2430,16,16,0,0,0,151.875,156,321,563.625
mRNA,31,34,0031_R0034,0.023877072746126198,0.023877072746126198,304,304,2,2,0,0,0,152,154,384.5,566
mRNA,31,35,0031_R0035,0.035815609119189296,0.035815609119189296,463,463,3,3,0,0,0,154.33333333333334,162,399.6666666666667,568.6666666666666
mRNA,31,36,0031_R0036,0.21489365471513577,0.21489365471513577,2718,2718,18,18,0,0,0,151,159,320.6666666666667,576.8333333333334
mRNA,31,37,0031_R0037,0.023877072746126198,0.023877072746126198,304,304,2,2,0,0,0,152,152,323.5,581
mRNA,31,38,0031_R0038,0.047754145492252396,0.047754145492252396,624,624,4,4,0,0,0,156,157,656.5,595.5
mRNA,31,39,0031_R0039,0.728250718756849,0.728250718756849,9560,9560,61,61,0,0,0,156.72131147540983,173,275.44262295081967,611.7377049180328
mRNA,31,40,0031_R0040,3.856147248499381,3.856147248499381,54770.00000000001,54770,323,323,0,0,0,169.56656346749227,233,255.59442724458205,624.8854489164087
mRNA,31,41,0031_R0041,1.1580380281871205,1.1580380281871205,17766,17766,97,97,0,0,0,183.15463917525773,232,62.876288659793815,648.7216494845361
mRNA,31,42,0031_R0042,0.0835697546114417,0.0835697546114417,1079,1079,7,7,0,0,0,154.14285714285714,161,572,648.2857142857143
mRNA,31,43,0031_R0043,0.5491726731609026,0.5491726731609026,7011,7011,46,46,0,0,0,152.41304347826087,162,157.58695652173913,663.5652173913044
mRNA,31,44,0031_R0044,0.09550829098450479,0.09550829098450479,1198,1198,8,8,0,0,0,149.75,152,148.75,665.875
mRNA,31,45,0031_R0045,0.22683219108819888,0.22683219108819888,3201.9999999999995,3202,19,19,0,0,0,168.52631578947367,208,608.6315789473684,667.2105263157895
mRNA,31,46,0031_R0046,0.2029551183420727,0.2029551183420727,2836,2836,17,17,0,0,0,166.8235294117647,196,651.2352941176471,668.7647058823529
mRNA,31,47,0031_R0047,0.5730497459070287,0.5730497459070287,7380,7380,48,48,0,0,0,153.75,167,188.66666666666666,671.9791666666666
mRNA,31,48,0031_R0048,0.7640663278760383,0.7640663278760383,10084,10084,64,64,0,0,0,157.5625,173,101.359375,686.15625
mRNA,31,49,0031_R0049,1.0028370553373003,1.0028370553373003,13281,13281,84,84,0,0,0,158.10714285714286,171,169.92857142857142,689.8333333333334
mRNA,31,50,0031_R0050,0.6208038913992812,0.6208038913992812,7922,7922,52,52,0,0,0,152.34615384615384,169,89.63461538461539,689.2115384615385
mRNA,32,1,0032_R0001,0.4417258458033347,0.4417258458033347,7315,7315,37,37,0,0,0,197.7027027027027,308,156.13513513513513,3.7027027027027026
mRNA,32,2,0032_R0002,0.32234048207270366,0.32234048207270366,4059.0000000000005,4059,27,27,0,0,0,150.33333333333334,158,164.37037037037038,43.18518518518518
mRNA,32,3,0032_R0003,0.0596926818653155,0.0596926818653155,751,751,5,5,0,0,0,150.2,155,166.6,48.2
mRNA,32,4,0032_R0004,0.047754145492252396,0.047754145492252396,601,601,4,4,0,0,0,150.25,153,347.5,70.5
mRNA,32,5,0032_R0005,0.023877072746126198,0.023877072746126198,300,300,2,2,0,0,0,150,150,355.5,70
mRNA,32,6,0032_R0006,0.07163121823837859,0.07163121823837859,914,914,6,6,0,0,0,152.33333333333334,156,355.6666666666667,86.5
mRNA,32,7,0032_R0007,0.023877072746126198,0.023877072746126198,306,306,2,2,0,0,0,153,153,144.5,122.5
mRNA,32,8,0032_R0008,0.035815609119189296,0.035815609119189296,452,452,3,3,0,0,0,150.66666666666666,153,151.33333333333334,122.33333333333333
mRNA,32,9,0032_R0009,0.32234048207270366,0.32234048207270366,4991,4991,27,27,0,0,0,184.85185185185185,250,590.5925925925926,126.25925925925925
mRNA,32,10,0032_R0010,0.035815609119189296,0.035815609119189296,477,477,3,3,0,0,0,159,166,663.6666666666666,144.33333333333334
mRNA,32,11,0032_R0011,0.023877072746126198,0.023877072746126198,309,309,2,2,0,0,0,154.5,159,412,348.5
mRNA,32,12,0032_R0012,0.2984634093265775,0.2984634093265775,3932,3932,25,25,0,0,0,157.28,166,446.4,372.96
mRNA,32,13,0032_R0013,0.3342790184457668,0.3342790184457668,4352,4352,28,28,0,0,0,155.42857142857142,164,459.64285714285717,409.67857142857144
mRNA,32,14,0032_R0014,0.10744682735756789,0.10744682735756789,1384,1384,9,9,0,0,0,153.77777777777777,164,661,412
mRNA,32,15,0032_R0015,0.047754145492252396,0.047754145492252396,610,610,4,4,0,0,0,152.5,154,55,423.25
mRNA,32,16,0032_R0016,0.035815609119189296,0.035815609119189296,451,451,3,3,0,0,0,150.33333333333334,152,63,433
mRNA,32,17,0032_R0017,0.023877072746126198,0.023877072746126198,305,305,2,2,0,0,0,152.5,156,56.5,434
mRNA,32,18,0032_R0018,1.587825337617392,1.587825337617392,22576,22576,133,133,0,0,0,169.74436090225564,219,283.7593984962406,469.1278195488722
mRNA,32,19,0032_R0019,0.32234048207270366,0.3104019456996406,4069,3924,27,26,1,0,1,150.92307692307693,157,443.7692307692308,519.4230769230769
mRNA,32,20,0032_R0020,0.023877072746126198,0.023877072746126198,301,301,2,2,0,0,0,150.5,151,445.5,522
mRNA,32,21,0032_R0021,0.023877072746126198,0.023877072746126198,302,302,2,2,0,0,0,151,153,430.5,523
mRNA,32,22,0032_R0022,0.023877072746126198,0.023877072746126198,302,302,2,2,0,0,0,151,151,432.5,526
mRNA,32,23,0032_R0023,0.047754145492252396,0.047754145492252396,598,598,4,4,0,0,0,149.5,151,433.25,530.25
mRNA,32,24,0032_R0024,1.575886801244329,1.575886801244329,20177,20177,132,132,0,0,0,152.8560606060606,162,411.15909090909093,538.0530303030303
mRNA,32,25,0032_R0025,0.4059102366841454,0.4059102366841454,5209,5209,34,34,0,0,0,153.2058823529412,164,222.2058823529412,538.0882352941177
mRNA,32,26,0032_R0026,0.7521277915029753,0.7521277915029753,9917,9917,63,63,0,0,0,157.4126984126984,177,476,539.1587301587301
mRNA,32,27,0032_R0027,0.238770727461262,0.238770727461262,3122,3122,20,20,0,0,0,156.1,172,230.45,539.9
mRNA,32,28,0032_R0028,58.737598955470446,55.57388681660873,745775.0000000001,707273,4920,4655,264,1,1,151.93834586466164,172,330.75746509129965,593.2483351235231
mRNA,32,29,0032_R0029,0.1671395092228834,0.1671395092228834,2119,2119,14,14,0,0,0,151.35714285714286,154,215.35714285714286,540.6428571428571
mRNA,32,30,0032_R0030,0.0596926818653155,0.0596926818653155,754,754,5,5,0,0,0,150.8,154,330.6,549
mRNA,32,31,0032_R0031,0.047754145492252396,0.047754145492252396,606,606,4,4,0,0,0,151.5,154,327.75,551.25
mRNA,32,32,0032_R0032,0.023877072746126198,0.023877072746126198,301,301,2,2,0,0,0,150.5,151,426.5,550
mRNA,32,33,0032_R0033,0.035815609119189296,0.035815609119189296,453,453,3,3,0,0,0,151,153,447,551.6666666666666
mRNA,32,34,0032_R0034,0.023877072746126198,0.023877072746126198,301,301,2,2,0,0,0,150.5,153,327,554.5
mRNA,32,35,0032_R0035,0.023877072746126198,0.023877072746126198,303,303,2,2,0,0,0,151.5,152,387.5,554.5
mRNA,32,36,0032_R0036,1.1460994918140575,1.1460994918140575,14926,14926,96,96,0,0,0,155.47916666666666,173,423.3645833333333,561.03125
mRNA,32,37,0032_R0037,0.0835697546114417,0.0835697546114417,1054,1054,7,7,0,0,0,150.57142857142858,155,308,557.5714285714286
mRNA,32,38,0032_R0038,0.047754145492252396,0.047754145492252396,602,602,4,4,0,0,0,150.5,153,362.5,560
mRNA,32,39,0032_R0039,0.023877072746126198,0.023877072746126198,299,299,2,2,0,0,0,149.5,150,369,559.5
mRNA,32,40,0032_R0040,0.38203316393801917,0.3700946275649561,4784,4637,32,31,1,0,1,149.58064516129033,153,438.61290322580646,577.4193548387096
mRNA,32,41,0032_R0041,0.0596926818653155,0.0596926818653155,751,751,5,5,0,0,0,150.2,152,416.6,574.8
mRNA,32,42,0032_R0042,0.023877072746126198,0.023877072746126198,303,303,2,2,0,0,0,151.5,152,420.5,575
mRNA,32,43,0032_R0043,0.023877072746126198,0.023877072746126198,303,303,2,2,0,0,0,151.5,154,442.5,575
mRNA,32,44,0032_R0044,0.023877072746126198,0.023877072746126198,309,309,2,2,0,0,0,154.5,156,284,579.5
mRNA,32,45,0032_R0045,0.09550829098450479,0.09550829098450479,1205,1205,8,8,0,0,0,150.625,156,287.75,582.375
mRNA,32,46,0032_R0046,0.023877072746126198,0.023877072746126198,303,303,2,2,0,0,0,151.5,155,433,583.5
mRNA,32,47,0032_R0047,0.17907804559594648,0.17907804559594648,2248,2248,15,15,0,0,0,149.86666666666667,154,415.73333333333335,586
mRNA,32,48,0032_R0048,0.023877072746126198,0.023877072746126198,298,298,2,2,0,0,0,149,149,358.5,611
mRNA,32,49,0032_R0049,0.035815609119189296,0.035815609119189296,462,462,3,3,0,0,0,154,160,359,615
mRNA,32,50,0032_R0050,0.035815609119189296,0.035815609119189296,453,453,3,3,0,0,0,151,153,360.3333333333333,620
mRNA,32,51,0032_R0051,0.023877072746126198,0.023877072746126198,304,304,2,2,0,0,0,152,152,367.5,619.5
mRNA,32,52,0032_R0052,0.035815609119189296,0.035815609119189296,455,455,3,3,0,0,0,151.66666666666666,155,309.3333333333333,622.3333333333334
mRNA,32,53,0032_R0053,0.023877072746126198,0.023877072746126198,300,300,2,2,0,0,0,150,151,364.5,622
mRNA,32,54,0032_R0054,0.023877072746126198,0.023877072746126198,301,301,2,2,0,0,0,150.5,151,359.5,624
mRNA,32,55,0032_R0055,0.023877072746126198,0.023877072746126198,302,302,2,2,0,0,0,151,151,366.5,624
mRNA,32,56,0032_R0056,0.047754145492252396,0.047754145492252396,602,602,4,4,0,0,0,150.5,155,373.5,625.5
mRNA,32,57,0032_R0057,0.023877072746126198,0.023877072746126198,306,306,2,2,0,0,0,153,153,360,626.5
mRNA,32,58,0032_R0058,0.035815609119189296,0.035815609119189296,455,455,3,3,0,0,0,151.66666666666666,152,362.6666666666667,626.3333333333334
mRNA,32,59,0032_R0059,0.023877072746126198,0.023877072746126198,303,303,2,2,0,0,0,151.5,152,310.5,627
mRNA,32,60,0032_R0060,0.023877072746126198,0.023877072746126198,303,303,2,2,0,0,0,151.5,153,318.5,627
mRNA,32,61,0032_R0061,0.0596926818653155,0.0596926818653155,753,753,5,5,0,0,0,150.6,154,366.4,627.4
mRNA,32,62,0032_R0062,0.035815609119189296,0.035815609119189296,450,450,3,3,0,0,0,150,151,376.6666666666667,627.3333333333334
mRNA,32,63,0032_R0063,0.2745863365804513,0.2745863365804513,3476,3476,23,23,0,0,0,151.1304347826087,158,503.2173913043478,629.695652173913
mRNA,32,64,0032_R0064,0.047754145492252396,0.047754145492252396,603,603,4,4,0,0,0,150.75,156,367.25,629.75
mRNA,32,65,0032_R0065,0.035815609119189296,0.035815609119189296,453,453,3,3,0,0,0,151,153,304,631.6666666666666
mRNA,32,66,0032_R0066,0.035815609119189296,0.035815609119189296,452,452,3,3,0,0,0,150.66666666666666,151,312.3333333333333,631.3333333333334
mRNA,32,67,0032_R0067,0.023877072746126198,0.023877072746126198,305,305,2,2,0,0,0,152.5,157,375,631.5
mRNA,32,68,0032_R0068,0.023877072746126198,0.023877072746126198,298,298,2,2,0,0,0,149,150,335.5,638
mRNA,32,69,0032_R0069,0.047754145492252396,0.047754145492252396,600,600,4,4,0,0,0,150,152,333.5,640.5
mRNA,32,70,0032_R0070,0.10744682735756789,0.10744682735756789,1350,1350,9,9,0,0,0,150,152,340.3333333333333,642.7777777777778
mRNA,32,71,0032_R0071,0.10744682735756789,0.10744682735756789,1356,1356,9,9,0,0,0,150.66666666666666,156,354.77777777777777,644
mRNA,32,72,0032_R0072,0.023877072746126198,0.023877072746126198,302,302,2,2,0,0,0,151,151,337,648.5
mRNA,32,73,0032_R0073,0.023877072746126198,0.023877072746126198,300,300,2,2,0,0,0,150,150,349,653.5
mRNA,32,74,0032_R0074,0.28652487295351436,0.28652487295351436,3648,3648,24,24,0,0,0,152,158,390.75,657
mRNA,32,75,0032_R0075,0.023877072746126198,0.023877072746126198,304,304,2,2,0,0,0,152,155,323.5,655
mRNA,32,76,0032_R0076,0.023877072746126198,0.023877072746126198,304,304,2,2,0,0,0,152,154,342,655.5
mRNA,32,77,0032_R0077,0.1313239001036941,0.1313239001036941,1659,1659,11,11,0,0,0,150.8181818181818,155,345.54545454545456,657.2727272727273
mRNA,32,78,0032_R0078,0.1313239001036941,0.1313239001036941,1655.9999999999998,1656,11,11,0,0,0,150.54545454545453,156,382.3636363636364,656.5454545454545
mRNA,32,79,0032_R0079,0.035815609119189296,0.035815609119189296,460,460,3,3,0,0,0,153.33333333333334,157,386,657
mRNA,32,80,0032_R0080,5.2410174677747,5.229078931401637,67070,66926,439,438,1,0,1,152.79908675799086,167,341.4748858447489,685.8607305936073
mRNA,32,81,0032_R0081,0.023877072746126198,0.023877072746126198,300,300,2,2,0,0,0,150,151,366,674.5
mRNA,32,82,0032_R0082,0.035815609119189296,0.035815609119189296,457,457,3,3,0,0,0,152.33333333333334,155,362.6666666666667,675.3333333333334
mRNA,32,83,0032_R0083,0.0835697546114417,0.0835697546114417,1054,1054,7,7,0,0,0,150.57142857142858,152,325.2857142857143,677.8571428571429
mRNA,32,84,0032_R0084,0.035815609119189296,0.035815609119189296,450,450,3,3,0,0,0,150,152,363,696
mRNA,33,1,0033_R0001,0.047754145492252396,0.047754145492252396,600,600,4,4,0,0,0,150,151,591.5,12
mRNA,33,2,0033_R0002,0.5491726731609026,0.5491726731609026,7092.999999999999,7093,46,46,0,0,0,154.19565217391303,164,612.2608695652174,34.54347826086956
mRNA,33,3,0033_R0003,0.14326243647675718,0.14326243647675718,1883,1883,12,12,0,0,0,156.91666666666666,167,644.5,36.5
mRNA,33,4,0033_R0004,0.09550829098450479,0.09550829098450479,1242,1242,8,8,0,0,0,155.25,160,701.125,125.875
mRNA,33,5,0033_R0005,0.10744682735756789,0.10744682735756789,1411,1411,9,9,0,0,0,156.77777777777777,165,150.33333333333334,172.11111111111111
mRNA,33,6,0033_R0006,2.996572629638838,2.996572629638838,70253,70253,251,251,0,0,0,279.8924302788845,849,651.3585657370518,349.8884462151394
mRNA,33,7,0033_R0007,0.35815609119189296,0.35815609119189296,4612,4612,30,30,0,0,0,153.73333333333332,162,674.7,352.6
mRNA,33,8,0033_R0008,0.17907804559594648,0.17907804559594648,2337,2337,15,15,0,0,0,155.8,166,690.6,354.4
mRNA,33,9,0033_R0009,0.42978730943027155,0.42978730943027155,5554,5554,36,36,0,0,0,154.27777777777777,165,299.1666666666667,359.3888888888889
mRNA,33,10,0033_R0010,0.3700946275649561,0.3700946275649561,4767,4767,31,31,0,0,0,153.7741935483871,162,223.67741935483872,373.38709677419354
mRNA,33,11,0033_R0011,0.119385363730631,0.119385363730631,1525,1525,10,10,0,0,0,152.5,156,310.3,372.6
mRNA,33,12,0033_R0012,0.023877072746126198,0.023877072746126198,303,303,2,2,0,0,0,151.5,152,237.5,373
mRNA,33,13,0033_R0013,0.09550829098450479,0.09550829098450479,1209,1209,8,8,0,0,0,151.125,156,236.625,375.125
mRNA,33,14,0033_R0014,0.0835697546114417,0.0835697546114417,1083,1083,7,7,0,0,0,154.71428571428572,162,278.2857142857143,377
mRNA,33,15,0033_R0015,0.035815609119189296,0.035815609119189296,462,462,3,3,0,0,0,154,158,286.3333333333333,378.6666666666667
mRNA,33,16,0033_R0016,0.14326243647675718,0.14326243647675718,1895,1895,12,12,0,0,0,157.91666666666666,172,335.5,380
mRNA,33,17,0033_R0017,0.2029551183420727,0.2029551183420727,2680,2680,17,17,0,0,0,157.64705882352942,175,178.11764705882354,381.94117647058823
mRNA,33,18,0033_R0018,0.07163121823837859,0.07163121823837859,909,909,6,6,0,0,0,151.5,154,502.6666666666667,381.3333333333333
mRNA,33,19,0033_R0019,0.9908985189642372,0.9908985189642372,13158.000000000002,13158,83,83,0,0,0,158.53012048192772,170,508.0722891566265,410.2048192771084
mRNA,33,20,0033_R0020,1.5520097284982028,1.5520097284982028,20116,20116,130,130,0,0,0,154.73846153846154,172,453.84615384615387,424.3076923076923
mRNA,33,21,0033_R0021,0.3700946275649561,0.3700946275649561,4845,4845,31,31,0,0,0,156.29032258064515,176,292.93548387096774,421.51612903225805
mRNA,33,22,0033_R0022,0.0835697546114417,0.0835697546114417,1113,1113,7,7,0,0,0,159,175,99.28571428571429,428
mRNA,33,23,0033_R0023,0.10744682735756789,0.10744682735756789,1366,1366,9,9,0,0,0,151.77777777777777,155,694.3333333333334,431.3333333333333
mRNA,33,24,0033_R0024,0.023877072746126198,0.023877072746126198,311,311,2,2,0,0,0,155.5,157,84.5,442
mRNA,33,25,0033_R0025,0.047754145492252396,0.047754145492252396,621,621,4,4,0,0,0,155.25,161,106.5,445.5
mRNA,33,26,0033_R0026,0.19101658196900959,0.19101658196900959,2613,2613,16,16,0,0,0,163.3125,188,30.75,448.5625
mRNA,33,27,0033_R0027,0.0835697546114417,0.0835697546114417,1073,1073,7,7,0,0,0,153.28571428571428,158,98.28571428571429,450.85714285714283
mRNA,33,28,0033_R0028,0.047754145492252396,0.047754145492252396,613,613,4,4,0,0,0,153.25,157,116,450.75
mRNA,33,29,0033_R0029,0.2029551183420727,0.2029551183420727,2582,2582,17,17,0,0,0,151.88235294117646,158,129.58823529411765,453.8235294117647
mRNA,33,30,0033_R0030,0.3104019456996406,0.3104019456996406,4546,4546,26,26,0,0,0,174.84615384615384,218,37.84615384615385,457.11538461538464
mRNA,33,31,0033_R0031,0.10744682735756789,0.10744682735756789,1427,1427,9,9,0,0,0,158.55555555555554,166,29.666666666666668,460.8888888888889
mRNA,33,32,0033_R0032,0.1552009728498203,0.1552009728498203,2078,2078,13,13,0,0,0,159.84615384615384,177,90.61538461538461,461.38461538461536
mRNA,33,33,0033_R0033,0.035815609119189296,0.035815609119189296,453,453,3,3,0,0,0,151,152,432,460.6666666666667
mRNA,33,34,0033_R0034,0.119385363730631,0.119385363730631,1531,1531,10,10,0,0,0,153.1,155,447,461.2
mRNA,33,35,0033_R0035,0.10744682735756789,0.10744682735756789,1394,1394,9,9,0,0,0,154.88888888888889,159,670.3333333333334,462.1111111111111
mRNA,33,36,0033_R0036,0.0596926818653155,0.0596926818653155,761,761,5,5,0,0,0,152.2,154,431.8,465
mRNA,33,37,0033_R0037,0.19101658196900959,0.19101658196900959,2592,2592,16,16,0,0,0,162,183,662.25,467.375
mRNA,33,38,0033_R0038,0.8118204733682908,0.8118204733682908,10397,10397,68,68,0,0,0,152.89705882352942,165,680.9705882352941,477.9117647058824
mRNA,33,39,0033_R0039,0.07163121823837859,0.07163121823837859,915,915,6,6,0,0,0,152.5,159,666.1666666666666,473.8333333333333
mRNA,33,40,0033_R0040,0.1552009728498203,0.1552009728498203,2074,2074,13,13,0,0,0,159.53846153846155,172,671.1538461538462,476.53846153846155
mRNA,33,41,0033_R0041,0.22683219108819888,0.22683219108819888,3051,3051,19,19,0,0,0,160.57894736842104,177,229.57894736842104,481.57894736842104
mRNA,33,42,0033_R0042,0.14326243647675718,0.14326243647675718,1833,1833,12,12,0,0,0,152.75,162,671.5,485.6666666666667
mRNA,33,43,0033_R0043,0.1552009728498203,0.1552009728498203,1993.0000000000002,1993,13,13,0,0,0,153.30769230769232,166,686,488
mRNA,33,44,0033_R0044,0.2626478002073882,0.2626478002073882,3383,3383,22,22,0,0,0,153.77272727272728,164,686.4090909090909,494.3636363636364
mRNA,33,45,0033_R0045,1.2177307100524362,1.2177307100524362,16787,16787,102,102,0,0,0,164.57843137254903,205,392.7450980392157,503.4117647058824
mRNA,33,46,0033_R0046,0.035815609119189296,0.035815609119189296,458,458,3,3,0,0,0,152.66666666666666,155,329.3333333333333,499.3333333333333
mRNA,33,47,0033_R0047,0.41784877305720847,0.41784877305720847,6048,6048,35,35,0,0,0,172.8,227,430.54285714285714,501.9142857142857
mRNA,33,48,0033_R0048,0.2029551183420727,0.2029551183420727,2609,2609,17,17,0,0,0,153.47058823529412,162,302.6470588235294,510.52941176470586
mRNA,33,49,0033_R0049,0.07163121823837859,0.07163121823837859,923,923,6,6,0,0,0,153.83333333333334,155,445.5,510.8333333333333
mRNA,33,50,0033_R0050,0.2745863365804513,0.2745863365804513,3737,3737,23,23,0,0,0,162.47826086956522,194,433.95652173913044,513.3913043478261
mRNA,33,51,0033_R0051,0.0835697546114417,0.0835697546114417,1072,1072,7,7,0,0,0,153.14285714285714,158,334.7142857142857,514
mRNA,33,52,0033_R0052,0.035815609119189296,0.035815609119189296,459,459,3,3,0,0,0,153,156,437.3333333333333,517.3333333333334
mRNA,33,53,0033_R0053,0.09550829098450479,0.09550829098450479,1269,1269,8,8,0,0,0,158.625,167,479.875,519.875
mRNA,33,54,0033_R0054,0.023877072746126198,0.023877072746126198,310,310,2,2,0,0,0,155,158,439,522.5
mRNA,33,55,0033_R0055,2.6026009293277554,2.5906623929546924,34228,34083,218,217,1,0,1,157.06451612903226,182,584.3870967741935,530.0875576036866
mRNA,33,56,0033_R0056,0.09550829098450479,0.09550829098450479,1237,1237,8,8,0,0,0,154.625,159,571,528.5
mRNA,33,57,0033_R0057,0.28652487295351436,0.28652487295351436,3644,3644,24,24,0,0,0,151.83333333333334,159,544.375,530.9166666666666
mRNA,33,58,0033_R0058,0.0835697546114417,0.0835697546114417,1090,1090,7,7,0,0,0,155.71428571428572,163,463,532.2857142857143
mRNA,33,59,0033_R0059,0.047754145492252396,0.047754145492252396,612,612,4,4,0,0,0,153,155,426.5,532.5
mRNA,33,60,0033_R0060,0.023877072746126198,0.023877072746126198,303,303,2,2,0,0,0,151.5,154,439,533.5
mRNA,33,61,0033_R0061,0.0596926818653155,0.0596926818653155,758,758,5,5,0,0,0,151.6,154,390.2,547.8
mRNA,33,62,0033_R0062,0.047754145492252396,0.047754145492252396,613,613,4,4,0,0,0,153.25,159,607.5,550.5
mRNA,33,63,0033_R0063,0.19101658196900959,0.19101658196900959,2600,2600,16,16,0,0,0,162.5,184,345.5,553
mRNA,33,64,0033_R0064,0.25070926383432507,0.25070926383432507,3403,3403,21,21,0,0,0,162.04761904761904,181,426.04761904761904,553.3809523809524
mRNA,33,65,0033_R0065,0.023877072746126198,0.023877072746126198,313,313,2,2,0,0,0,156.5,159,392.5,553
mRNA,33,66,0033_R0066,0.0596926818653155,0.0596926818653155,773,773,5,5,0,0,0,154.6,161,407.8,562.4
mRNA,33,67,0033_R0067,0.5133570640417132,0.5133570640417132,6961,6961,43,43,0,0,0,161.88372093023256,180,406.3488372093023,582.9069767441861
mRNA,33,68,0033_R0068,9.16879593451246,9.109103252647145,129917,129193,768,763,5,0,1,169.3224115334207,229,489.54914809960684,606.0078636959371
mRNA,33,69,0033_R0069,10.386526644564896,10.386526644564896,146486,146486,870,870,0,0,0,168.37471264367815,240,520.0229885057471,611.5563218390805
mRNA,33,70,0033_R0070,0.2029551183420727,0.2029551183420727,2583,2583,17,17,0,0,0,151.94117647058823,155,495.88235294117646,588.4705882352941
mRNA,33,71,0033_R0071,5.288771613266953,5.288771613266953,80981,80981,443,443,0,0,0,182.80135440180587,294,454.00677200902936,615.2911963882618
mRNA,33,72,0033_R0072,0.48947999129558706,0.48947999129558706,6414,6414,41,41,0,0,0,156.4390243902439,166,670.8048780487804,610.1219512195122
mRNA,33,73,0033_R0073,0.21489365471513577,0.21489365471513577,2809,2809,18,18,0,0,0,156.05555555555554,165,660.5,618.5
mRNA,33,74,0033_R0074,0.023877072746126198,0.023877072746126198,305,305,2,2,0,0,0,152.5,153,664.5,617
mRNA,33,75,0033_R0075,0.023877072746126198,0.023877072746126198,302,302,2,2,0,0,0,151,152,534.5,625
mRNA,33,76,0033_R0076,0.035815609119189296,0.035815609119189296,458,458,3,3,0,0,0,152.66666666666666,157,532,628.6666666666666
mRNA,33,77,0033_R0077,0.023877072746126198,0.023877072746126198,307,307,2,2,0,0,0,153.5,155,632,628.5
mRNA,33,78,0033_R0078,0.07163121823837859,0.07163121823837859,933,933,6,6,0,0,0,155.5,160,662.1666666666666,629.8333333333334
mRNA,33,79,0033_R0079,0.45366438217639776,0.45366438217639776,5789,5789,38,38,0,0,0,152.3421052631579,163,498.94736842105266,639.0263157894736
mRNA,33,80,0033_R0080,0.32234048207270366,0.32234048207270366,4159,4159,27,27,0,0,0,154.03703703703704,164,578.3333333333334,638.7777777777778
mRNA,33,81,0033_R0081,0.7163121823837859,0.7163121823837859,9257,9257,60,60,0,0,0,154.28333333333333,168,563.3166666666667,645.0833333333334
mRNA,33,82,0033_R0082,0.9073287643527955,0.8834516916066694,11775,11489,76,74,2,0,1,155.25675675675674,171,536.9594594594595,649.1216216216217
mRNA,33,83,0033_R0083,0.28652487295351436,0.28652487295351436,3656,3656,24,24,0,0,0,152.33333333333334,160,379.5416666666667,650.625
mRNA,33,84,0033_R0084,0.14326243647675718,0.14326243647675718,1925,1925,12,12,0,0,0,160.41666666666666,184,28.75,654.5833333333334
mRNA,33,85,0033_R0085,3.0920809206233426,3.0920809206233426,41434,41434,259,259,0,0,0,159.97683397683397,187,551.9227799227799,669.926640926641
mRNA,33,86,0033_R0086,0.047754145492252396,0.047754145492252396,617,617,4,4,0,0,0,154.25,159,464.5,671
mRNA,33,87,0033_R0087,0.7163121823837859,0.7163121823837859,9916,9916,60,60,0,0,0,165.26666666666668,197,567.5,684.5
mRNA,33,88,0033_R0088,1.062529737202616,1.062529737202616,14256.999999999998,14257,89,89,0,0,0,160.19101123595505,191,378.92134831460675,695.0112359550562
Chole_mRNA,35,1,0035_R0001,0.1313239001036941,0.1313239001036941,1774,1774,11,11,0,0,0,161.27272727272728,174,277.8181818181818,22.818181818181817
Chole_mRNA,35,2,0035_R0002,0.3342790184457668,0.3342790184457668,4881,4881,28,28,0,0,0,174.32142857142858,234,440.5,42.214285714285715
Chole_mRNA,35,3,0035_R0003,0.09550829098450479,0.09550829098450479,1226,1226,8,8,0,0,0,153.25,159,408.125,59.875
Chole_mRNA,35,4,0035_R0004,1.6713950922288339,1.6713950922288339,21551,21551,140,140,0,0,0,153.93571428571428,164,519.1071428571429,73.27857142857142
Chole_mRNA,35,5,0035_R0005,1.1222224190679313,1.1222224190679313,15333,15333,94,94,0,0,0,163.11702127659575,189,502.51063829787233,74.1063829787234
Chole_mRNA,35,6,0035_R0006,0.07163121823837859,0.07163121823837859,905,905,6,6,0,0,0,150.83333333333334,153,75,89.16666666666667
Chole_mRNA,35,7,0035_R0007,0.2626478002073882,0.2626478002073882,3820,3820,22,22,0,0,0,173.63636363636363,213,292.90909090909093,91.0909090909091
Chole_mRNA,35,8,0035_R0008,0.8118204733682908,0.8118204733682908,10352,10352,68,68,0,0,0,152.23529411764707,163,563.6470588235294,123.11764705882354
Chole_mRNA,35,9,0035_R0009,0.047754145492252396,0.047754145492252396,627,627,4,4,0,0,0,156.75,160,486.5,123.5
Chole_mRNA,35,10,0035_R0010,0.1671395092228834,0.1671395092228834,2277,2277,14,14,0,0,0,162.64285714285714,177,226.71428571428572,156.5
Chole_mRNA,35,11,0035_R0011,0.023877072746126198,0.023877072746126198,310,310,2,2,0,0,0,155,156,685.5,157
Chole_mRNA,35,12,0035_R0012,0.22683219108819888,0.22683219108819888,2908,2908,19,19,0,0,0,153.05263157894737,162,414.3157894736842,266.63157894736844
Chole_mRNA,35,13,0035_R0013,0.5730497459070287,0.5730497459070287,7546,7546,48,48,0,0,0,157.20833333333334,165,360.875,312.2291666666667
Chole_mRNA,35,14,0035_R0014,0.119385363730631,0.119385363730631,1570,1570,10,10,0,0,0,157,169,111.8,319
Chole_mRNA,35,15,0035_R0015,0.3462175548188299,0.3462175548188299,4374,4374,29,29,0,0,0,150.82758620689654,156,125.79310344827586,320.55172413793105
Chole_mRNA,35,16,0035_R0016,0.023877072746126198,0.023877072746126198,301,301,2,2,0,0,0,150.5,151,142,318.5
Chole_mRNA,35,17,0035_R0017,0.023877072746126198,0.023877072746126198,299,299,2,2,0,0,0,149.5,150,140.5,322
Chole_mRNA,35,18,0035_R0018,0.38203316393801917,0.38203316393801917,4828,4828,32,32,0,0,0,150.875,157,159.71875,332.4375
Chole_mRNA,35,19,0035_R0019,2.077305328912979,2.077305328912979,26932,26932,174,174,0,0,0,154.7816091954023,166,98.47126436781609,339.9080459770115
Chole_mRNA,35,20,0035_R0020,0.1671395092228834,0.1671395092228834,2354,2354,14,14,0,0,0,168.14285714285714,189,669.2857142857143,345.5
Chole_mRNA,35,21,0035_R0021,1.6713950922288339,1.6713950922288339,24196,24196,140,140,0,0,0,172.82857142857142,209,360.8642857142857,357.12857142857143
Chole_mRNA,35,22,0035_R0022,2.2683219108819888,2.2683219108819888,35188,35188,190,190,0,0,0,185.2,245,589.4315789473684,360.8263157894737
Chole_mRNA,35,23,0035_R0023,1.4326243647675718,1.4326243647675718,19363,19363,120,120,0,0,0,161.35833333333332,180,629.8666666666667,364.96666666666664
Chole_mRNA,35,24,0035_R0024,2.2325063017627995,2.2325063017627995,32326,32326,187,187,0,0,0,172.86631016042782,256,252.24064171122996,365.60427807486633
Chole_mRNA,35,25,0035_R0025,0.5133570640417132,0.5133570640417132,6964,6964,43,43,0,0,0,161.95348837209303,192,608.7674418604652,364.6279069767442
Chole_mRNA,35,26,0035_R0026,0.3462175548188299,0.3462175548188299,4490,4490,29,29,0,0,0,154.82758620689654,164,336.48275862068965,377.2068965517241
Chole_mRNA,35,27,0035_R0027,0.238770727461262,0.238770727461262,3152,3152,20,20,0,0,0,157.6,179,651.05,376.25
Chole_mRNA,35,28,0035_R0028,0.5491726731609026,0.5491726731609026,6910.999999999999,6911,46,46,0,0,0,150.2391304347826,155,106.08695652173913,378.9782608695652
Chole_mRNA,35,29,0035_R0029,0.023877072746126198,0.023877072746126198,305,305,2,2,0,0,0,152.5,156,321,378.5
Chole_mRNA,35,30,0035_R0030,0.19101658196900959,0.19101658196900959,2488,2488,16,16,0,0,0,155.5,171,321.5,384
Chole_mRNA,35,31,0035_R0031,0.7640663278760383,0.7640663278760383,11504,11504,64,64,0,0,0,179.75,245,380.6875,391.65625
Chole_mRNA,35,32,0035_R0032,0.0596926818653155,0.0596926818653155,762,762,5,5,0,0,0,152.4,158,310.2,389.6
Chole_mRNA,35,33,0035_R0033,0.7879434006221645,0.7879434006221645,10114,10114,66,66,0,0,0,153.24242424242425,163,125.5,403.8787878787879
Chole_mRNA,35,34,0035_R0034,0.6446809641454073,0.6446809641454073,8257,8257,54,54,0,0,0,152.90740740740742,163,90.05555555555556,403.9074074074074
Chole_mRNA,35,35,0035_R0035,0.6088653550262181,0.596926818653155,7753.000000000001,7609,51,50,1,0,1,152.18,160,257.36,414.8
Chole_mRNA,35,36,0035_R0036,0.19101658196900959,0.19101658196900959,2409,2409,16,16,0,0,0,150.5625,155,309.6875,418.4375
Chole_mRNA,35,37,0035_R0037,0.5849882822800918,0.5849882822800918,8379,8379,49,49,0,0,0,171,248,300.9183673469388,420.46938775510205
Chole_mRNA,35,38,0035_R0038,0.14326243647675718,0.14326243647675718,1808,1808,12,12,0,0,0,150.66666666666666,156,283.8333333333333,423.1666666666667
Chole_mRNA,35,39,0035_R0039,0.1671395092228834,0.1671395092228834,2099,2099,14,14,0,0,0,149.92857142857142,153,403.2857142857143,424.14285714285717
Chole_mRNA,35,40,0035_R0040,0.035815609119189296,0.035815609119189296,453,453,3,3,0,0,0,151,152,301.3333333333333,429.3333333333333
Chole_mRNA,35,41,0035_R0041,0.1671395092228834,0.1671395092228834,2262,2262,14,14,0,0,0,161.57142857142858,185,403.2857142857143,438.5
Chole_mRNA,35,42,0035_R0042,0.8715131552336063,0.8715131552336063,11124,11124,73,73,0,0,0,152.3835616438356,166,415.83561643835617,445.1095890410959
Chole_mRNA,35,43,0035_R0043,0.25070926383432507,0.25070926383432507,3152,3152,21,21,0,0,0,150.0952380952381,157,532.047619047619,445.8095238095238
Chole_mRNA,35,44,0035_R0044,0.5014185276686501,0.477541454922524,6312.999999999999,6027,42,40,2,0,1,150.675,158,428.425,447.875
Chole_mRNA,35,45,0035_R0045,0.477541454922524,0.477541454922524,6445,6445,40,40,0,0,0,161.125,187,454.525,450.05
Chole_mRNA,35,46,0035_R0046,0.035815609119189296,0.035815609119189296,451,451,3,3,0,0,0,150.33333333333334,152,242.33333333333334,452.3333333333333
Chole_mRNA,35,47,0035_R0047,0.0835697546114417,0.0835697546114417,1060,1060,7,7,0,0,0,151.42857142857142,155,436,453
Chole_mRNA,35,48,0035_R0048,0.35815609119189296,0.35815609119189296,4524,4524,30,30,0,0,0,150.8,156,427.9,456.06666666666666
Chole_mRNA,35,49,0035_R0049,0.1552009728498203,0.1552009728498203,1970,1970,13,13,0,0,0,151.53846153846155,160,536.7692307692307,456.84615384615387
Chole_mRNA,35,50,0035_R0050,0.7043736460107228,0.7043736460107228,9391,9391,59,59,0,0,0,159.16949152542372,180,288.4406779661017,463.54237288135596
Chole_mRNA,35,51,0035_R0051,0.1313239001036941,0.1313239001036941,1695,1695,11,11,0,0,0,154.0909090909091,160,321.6363636363636,468.54545454545456
Chole_mRNA,35,52,0035_R0052,0.42978730943027155,0.42978730943027155,5527,5527,36,36,0,0,0,153.52777777777777,163,483.1388888888889,475.02777777777777
Chole_mRNA,35,53,0035_R0053,0.2626478002073882,0.2626478002073882,3338,3338,22,22,0,0,0,151.72727272727272,157,274,480.04545454545456
Chole_mRNA,35,54,0035_R0054,0.2626478002073882,0.2626478002073882,3454,3454,22,22,0,0,0,157,168,257.90909090909093,483.90909090909093
Chole_mRNA,35,55,0035_R0055,0.22683219108819888,0.22683219108819888,3134,3134,19,19,0,0,0,164.94736842105263,196,192.6315789473684,488.7894736842105
Chole_mRNA,35,56,0035_R0056,0.0835697546114417,0.0835697546114417,1066,1066,7,7,0,0,0,152.28571428571428,157,369.85714285714283,495.7142857142857
Chole_mRNA,35,57,0035_R0057,0.6327424277723442,0.6327424277723442,8858,8858,53,53,0,0,0,167.1320754716981,205,340.6792452830189,533.2641509433962
Chole_mRNA,35,58,0035_R0058,0.3700946275649561,0.3700946275649561,5222,5222,31,31,0,0,0,168.4516129032258,213,355.4193548387097,538.9354838709677
Chole_mRNA,35,59,0035_R0059,0.17907804559594648,0.17907804559594648,2312,2312,15,15,0,0,0,154.13333333333333,168,344.6666666666667,542.2
Chole_mRNA,35,60,0035_R0060,0.0596926818653155,0.0596926818653155,767,767,5,5,0,0,0,153.4,155,349.6,542.2
Chole_mRNA,35,61,0035_R0061,0.4417258458033347,0.4417258458033347,5656,5656,37,37,0,0,0,152.86486486486487,166,18.35135135135135,623.2432432432432
Chole_mRNA,35,62,0035_R0062,0.10744682735756789,0.10744682735756789,1393,1393,9,9,0,0,0,154.77777777777777,164,517.3333333333334,627.8888888888889
Chole_mRNA,35,63,0035_R0063,0.0596926818653155,0.0596926818653155,773,773,5,5,0,0,0,154.6,157,15.8,629.4
Chole_mRNA,35,64,0035_R0064,1.086406809948742,1.086406809948742,14513.000000000002,14513,91,91,0,0,0,159.4835164835165,175,3.857142857142857,636.0439560439561
Chole_mRNA,35,65,0035_R0065,0.0596926818653155,0.0596926818653155,769,769,5,5,0,0,0,153.8,158,35.6,641.8
Chole_mRNA,35,66,0035_R0066,0.4059102366841454,0.4059102366841454,5171,5171,34,34,0,0,0,152.08823529411765,164,103.94117647058823,660.5588235294117
Chole_mRNA,35,67,0035_R0067,0.1671395092228834,0.1671395092228834,2173,2173,14,14,0,0,0,155.21428571428572,166,587.7142857142857,659.6428571428571
Chole_mRNA,35,68,0035_R0068,2.136998010778295,2.1131209380321687,27770,27479,179,177,2,0,1,155.24858757062148,177,124.50282485875707,673.5762711864406
Chole_mRNA,35,69,0035_R0069,0.8118204733682908,0.8118204733682908,10309,10309,68,68,0,0,0,151.60294117647058,162,53.4264705882353,668.5441176470588
Chole_mRNA,35,70,0035_R0070,0.41784877305720847,0.41784877305720847,6098,6098,35,35,0,0,0,174.22857142857143,221,585.4285714285714,668.2285714285714
Chole_mRNA,35,71,0035_R0071,2.5906623929546924,2.5906623929546924,37903,37903,217,217,0,0,0,174.66820276497697,310,466.221198156682,687.6175115207374
Chole_mRNA,35,72,0035_R0072,0.10744682735756789,0.10744682735756789,1357,1357,9,9,0,0,0,150.77777777777777,153,38.666666666666664,680.2222222222222
Chole_mRNA,35,73,0035_R0073,0.25070926383432507,0.25070926383432507,3582.0000000000005,3582,21,21,0,0,0,170.57142857142858,203,307,681
Chole_mRNA,36,1,0036_R0001,3.0920809206233426,3.0920809206233426,44658,44658,259,259,0,0,0,172.4247104247104,264,103.76061776061776,7.45945945945946
Chole_mRNA,36,2,0036_R0002,0.047754145492252396,0.047754145492252396,613,613,4,4,0,0,0,153.25,165,151.5,5.5
Chole_mRNA,36,3,0036_R0003,1.5042555830059505,1.5042555830059505,20133,20133,126,126,0,0,0,159.78571428571428,182,131.70634920634922,23.714285714285715
Chole_mRNA,36,4,0036_R0004,0.14326243647675718,0.14326243647675718,1803,1803,12,12,0,0,0,150.25,153,98.66666666666667,20.5
Chole_mRNA,36,5,0036_R0005,0.023877072746126198,0.023877072746126198,305,305,2,2,0,0,0,152.5,154,278,19.5
Chole_mRNA,36,6,0036_R0006,0.9192673007258586,0.9192673007258586,13090,13090,77,77,0,0,0,170,213,85.16883116883118,52.79220779220779
Chole_mRNA,36,7,0036_R0007,0.035815609119189296,0.035815609119189296,464,464,3,3,0,0,0,154.66666666666666,157,73.33333333333333,51.333333333333336
Chole_mRNA,36,8,0036_R0008,0.1552009728498203,0.1552009728498203,2071,2071,13,13,0,0,0,159.30769230769232,171,244.6153846153846,54.61538461538461
Chole_mRNA,36,9,0036_R0009,0.0596926818653155,0.0596926818653155,754,754,5,5,0,0,0,150.8,155,97.2,54.4
Chole_mRNA,36,10,0036_R0010,0.119385363730631,0.119385363730631,1496,1496,10,10,0,0,0,149.6,158,182.1,101.4
Chole_mRNA,36,11,0036_R0011,0.21489365471513577,0.21489365471513577,2786,2786,18,18,0,0,0,154.77777777777777,166,537,104.5
Chole_mRNA,36,12,0036_R0012,0.0596926818653155,0.0596926818653155,772,772,5,5,0,0,0,154.4,158,166.6,105.2
Chole_mRNA,36,13,0036_R0013,0.10744682735756789,0.10744682735756789,1360,1360,9,9,0,0,0,151.11111111111111,157,504.8888888888889,118.66666666666667
Chole_mRNA,36,14,0036_R0014,0.28652487295351436,0.28652487295351436,3680,3680,24,24,0,0,0,153.33333333333334,162,535.0416666666666,129.83333333333334
Chole_mRNA,36,15,0036_R0015,1.3609931465291933,1.3609931465291933,18122,18122,114,114,0,0,0,158.96491228070175,182,600.2105263157895,137.2280701754386
Chole_mRNA,36,16,0036_R0016,0.6566195005184704,0.6566195005184704,8427,8427,55,55,0,0,0,153.21818181818182,162,250.6909090909091,158.94545454545454
Chole_mRNA,36,17,0036_R0017,0.5372341367878395,0.5372341367878395,8004,8004,45,45,0,0,0,177.86666666666667,246,97.15555555555555,165.17777777777778
Chole_mRNA,36,18,0036_R0018,0.0835697546114417,0.0835697546114417,1054,1054,7,7,0,0,0,150.57142857142858,155,504,163.42857142857142
Chole_mRNA,36,19,0036_R0019,3.366667257203794,3.366667257203794,46355,46355,282,282,0,0,0,164.37943262411346,190,114.66666666666667,172.30141843971631
Chole_mRNA,36,20,0036_R0020,0.6924351096376598,0.6924351096376598,8820,8820,58,58,0,0,0,152.06896551724137,164,91.12068965517241,192.17241379310346
Chole_mRNA,36,21,0036_R0021,0.6924351096376598,0.6924351096376598,11061,11061,58,58,0,0,0,190.70689655172413,258,595.9655172413793,194.18965517241378
Chole_mRNA,36,22,0036_R0022,0.035815609119189296,0.035815609119189296,462,462,3,3,0,0,0,154,155,573.6666666666666,207.33333333333334
Chole_mRNA,36,23,0036_R0023,0.17907804559594648,0.17907804559594648,2410,2410,15,15,0,0,0,160.66666666666666,176,532.3333333333334,214.26666666666668
Chole_mRNA,36,24,0036_R0024,0.3462175548188299,0.3462175548188299,5077,5077,29,29,0,0,0,175.06896551724137,219,133.68965517241378,292.1034482758621
Chole_mRNA,36,25,0036_R0025,5.324587222386143,5.288771613266953,92803,92368,446,443,3,0,1,208.5056433408578,1217,507.87584650112865,310.27765237020316
Chole_mRNA,36,26,0036_R0026,0.3700946275649561,0.3700946275649561,5047,5047,31,31,0,0,0,162.80645161290323,192,123.61290322580645,309.741935483871
Chole_mRNA,36,27,0036_R0027,0.6327424277723442,0.6327424277723442,9937,9937,53,53,0,0,0,187.49056603773585,282,471.8301886792453,335.37735849056605
Chole_mRNA,36,28,0036_R0028,0.38203316393801917,0.38203316393801917,5426,5426,32,32,0,0,0,169.5625,217,238.65625,348.46875
Chole_mRNA,36,29,0036_R0029,0.07163121823837859,0.07163121823837859,932,932,6,6,0,0,0,155.33333333333334,163,702.6666666666666,351.5
Chole_mRNA,36,30,0036_R0030,0.023877072746126198,0.023877072746126198,305,305,2,2,0,0,0,152.5,153,235,359.5
Chole_mRNA,36,31,0036_R0031,0.1313239001036941,0.1313239001036941,1701,1701,11,11,0,0,0,154.63636363636363,160,161.63636363636363,389.27272727272725
Chole_mRNA,36,32,0036_R0032,5.682743313578035,5.575296486220467,104042,102734,476,467,9,0,1,219.98715203426124,725,544.7708779443254,429.32976445396145
Chole_mRNA,36,33,0036_R0033,0.6208038913992812,0.6208038913992812,10805,10805,52,52,0,0,0,207.78846153846155,384,578,430.40384615384613
Chole_mRNA,36,34,0036_R0034,0.047754145492252396,0.047754145492252396,613,613,4,4,0,0,0,153.25,156,535.5,431.5
Chole_mRNA,36,35,0036_R0035,0.10744682735756789,0.10744682735756789,1388,1388,9,9,0,0,0,154.22222222222223,159,572.3333333333334,438.1111111111111
Chole_mRNA,36,36,0036_R0036,0.28652487295351436,0.28652487295351436,3737,3737,24,24,0,0,0,155.70833333333334,169,125.66666666666667,446.5
Chole_mRNA,36,37,0036_R0037,0.48947999129558706,0.48947999129558706,6405,6405,41,41,0,0,0,156.21951219512195,175,564.6829268292682,454.3170731707317
Chole_mRNA,36,38,0036_R0038,0.32234048207270366,0.32234048207270366,4615,4615,27,27,0,0,0,170.92592592592592,215,136.88888888888889,454.51851851851853
Chole_mRNA,36,39,0036_R0039,0.047754145492252396,0.047754145492252396,608,608,4,4,0,0,0,152,153,540.25,454.75
Chole_mRNA,36,40,0036_R0040,0.023877072746126198,0.023877072746126198,310,310,2,2,0,0,0,155,156,532.5,456
Chole_mRNA,36,41,0036_R0041,0.1671395092228834,0.1671395092228834,2154,2154,14,14,0,0,0,153.85714285714286,165,528.2857142857143,467.5
Chole_mRNA,36,42,0036_R0042,0.14326243647675718,0.14326243647675718,1843,1843,12,12,0,0,0,153.58333333333334,160,512.75,468.9166666666667
Chole_mRNA,36,43,0036_R0043,0.09550829098450479,0.09550829098450479,1235,1235,8,8,0,0,0,154.375,162,283.5,470
Chole_mRNA,36,44,0036_R0044,0.07163121823837859,0.07163121823837859,926,926,6,6,0,0,0,154.33333333333334,157,157,475.5
Chole_mRNA,36,45,0036_R0045,0.1552009728498203,0.1552009728498203,2019.0000000000002,2019,13,13,0,0,0,155.30769230769232,165,261.61538461538464,500.38461538461536
Chole_mRNA,36,46,0036_R0046,0.41784877305720847,0.41784877305720847,5262,5262,35,35,0,0,0,150.34285714285716,158,37.94285714285714,525.4
Chole_mRNA,36,47,0036_R0047,0.38203316393801917,0.38203316393801917,5030,5030,32,32,0,0,0,157.1875,168,43.90625,548.53125
Chole_mRNA,36,48,0036_R0048,0.1552009728498203,0.1552009728498203,1991,1991,13,13,0,0,0,153.15384615384616,158,58.53846153846154,547.8461538461538
Chole_mRNA,36,49,0036_R0049,0.6446809641454073,0.6446809641454073,8293,8293,54,54,0,0,0,153.57407407407408,162,53.592592592592595,588.2592592592592
Chole_mRNA,36,50,0036_R0050,0.10744682735756789,0.10744682735756789,1371,1371,9,9,0,0,0,152.33333333333334,157,443.1111111111111,592.3333333333334
Chole_mRNA,36,51,0036_R0051,0.6088653550262181,0.6088653550262181,9692,9692,51,51,0,0,0,190.0392156862745,303,132.84313725490196,607.3529411764706
Chole_mRNA,36,52,0036_R0052,0.023877072746126198,0.023877072746126198,303,303,2,2,0,0,0,151.5,154,671,622.5
Chole_mRNA,36,53,0036_R0053,0.1313239001036941,0.1313239001036941,1664,1664,11,11,0,0,0,151.27272727272728,155,79.9090909090909,639.8181818181819
Chole_mRNA,36,54,0036_R0054,0.21489365471513577,0.21489365471513577,2776,2776,18,18,0,0,0,154.22222222222223,163,398.6111111111111,662.0555555555555
Chole_mRNA,36,55,0036_R0055,0.3342790184457668,0.3342790184457668,4568,4568,28,28,0,0,0,163.14285714285714,188,55.464285714285715,692.2857142857143
Chole_mRNA,37,1,0037_R0001,0.19101658196900959,0.19101658196900959,2486,2486,16,16,0,0,0,155.375,165,440.5,126
Chole_mRNA,37,2,0037_R0002,1.062529737202616,1.062529737202616,13600.000000000002,13600,89,89,0,0,0,152.80898876404495,168,387.13483146067415,154.8876404494382
Chole_mRNA,37,3,0037_R0003,0.047754145492252396,0.047754145492252396,607,607,4,4,0,0,0,151.75,153,438.5,168.5
Chole_mRNA,37,4,0037_R0004,0.5611112095339656,0.5491726731609026,7615.000000000001,7472,47,46,1,0,1,162.43478260869566,214,490.9782608695652,170.5
Chole_mRNA,37,5,0037_R0005,1.3371160737830672,1.3371160737830672,17236,17236,112,112,0,0,0,153.89285714285714,167,331.5625,177.66071428571428
Chole_mRNA,37,6,0037_R0006,0.10744682735756789,0.10744682735756789,1375,1375,9,9,0,0,0,152.77777777777777,156,439.8888888888889,172.33333333333334
Chole_mRNA,37,7,0037_R0007,1.2654848555446885,1.2654848555446885,16426,16426,106,106,0,0,0,154.96226415094338,168,359.42452830188677,188.26415094339623
Chole_mRNA,37,8,0037_R0008,0.023877072746126198,0.023877072746126198,304,304,2,2,0,0,0,152,154,349.5,181
Chole_mRNA,37,9,0037_R0009,0.0596926818653155,0.0596926818653155,761,761,5,5,0,0,0,152.2,155,436.8,182.6
Chole_mRNA,37,10,0037_R0010,0.1552009728498203,0.1552009728498203,1971,1971,13,13,0,0,0,151.6153846153846,156,427.6923076923077,186.46153846153845
Chole_mRNA,37,11,0037_R0011,0.17907804559594648,0.17907804559594648,2265,2265,15,15,0,0,0,151,158,347.3333333333333,187.4
Chole_mRNA,37,12,0037_R0012,0.119385363730631,0.119385363730631,1560,1560,10,10,0,0,0,156,161,465.8,198.5
Chole_mRNA,37,13,0037_R0013,0.25070926383432507,0.25070926383432507,3404,3404,21,21,0,0,0,162.0952380952381,190,473,200
Chole_mRNA,37,14,0037_R0014,0.5491726731609026,0.5491726731609026,6914.000000000001,6914,46,46,0,0,0,150.30434782608697,158,449.9347826086956,203.84782608695653
Chole_mRNA,37,15,0037_R0015,0.238770727461262,0.238770727461262,3046,3046,20,20,0,0,0,152.3,161,465.5,205.75
Chole_mRNA,37,16,0037_R0016,0.047754145492252396,0.047754145492252396,611,611,4,4,0,0,0,152.75,155,468,212.25
Chole_mRNA,37,17,0037_R0017,0.023877072746126198,0.023877072746126198,301,301,2,2,0,0,0,150.5,152,349.5,214
Chole_mRNA,37,18,0037_R0018,0.047754145492252396,0.047754145492252396,621,621,4,4,0,0,0,155.25,160,302.5,215.5
Chole_mRNA,37,19,0037_R0019,0.023877072746126198,0.023877072746126198,301,301,2,2,0,0,0,150.5,151,505.5,222
Chole_mRNA,37,20,0037_R0020,0.07163121823837859,0.07163121823837859,918,918,6,6,0,0,0,153,155,511.8333333333333,252.83333333333334
Chole_mRNA,37,21,0037_R0021,0.6924351096376598,0.6924351096376598,10512,10512,58,58,0,0,0,181.24137931034483,267,258.62068965517244,259.7241379310345
Chole_mRNA,37,22,0037_R0022,0.14326243647675718,0.14326243647675718,1826,1826,12,12,0,0,0,152.16666666666666,157,525.75,268.75
Chole_mRNA,37,23,0037_R0023,0.4059102366841454,0.4059102366841454,5821,5821,34,34,0,0,0,171.2058823529412,229,430.79411764705884,296.9117647058824
Chole_mRNA,37,24,0037_R0024,0.3104019456996406,0.3104019456996406,4326,4326,26,26,0,0,0,166.3846153846154,199,490,302.5
Chole_mRNA,37,25,0037_R0025,4.059102366841453,4.059102366841453,56096,56096,340,340,0,0,0,164.98823529411766,198,269.5882352941176,314.8794117647059
Chole_mRNA,37,26,0037_R0026,0.2626478002073882,0.2626478002073882,3343.0000000000005,3343,22,22,0,0,0,151.95454545454547,159,333.3181818181818,324.3181818181818
Chole_mRNA,37,27,0037_R0027,0.28652487295351436,0.28652487295351436,3657,3657,24,24,0,0,0,152.375,163,488.1666666666667,324.0416666666667
Chole_mRNA,37,28,0037_R0028,0.5611112095339656,0.5611112095339656,7486.000000000001,7486,47,47,0,0,0,159.27659574468086,176,542.2978723404256,335.06382978723406
Chole_mRNA,37,29,0037_R0029,0.477541454922524,0.477541454922524,6188,6188,40,40,0,0,0,154.7,171,264.4,335.7
Chole_mRNA,37,30,0037_R0030,0.023877072746126198,0.023877072746126198,304,304,2,2,0,0,0,152,155,393.5,333
Chole_mRNA,37,31,0037_R0031,0.32234048207270366,0.32234048207270366,4600,4600,27,27,0,0,0,170.37037037037038,210,492.22222222222223,335.7037037037037
Chole_mRNA,37,32,0037_R0032,1.2654848555446885,1.2654848555446885,20195,20195,106,106,0,0,0,190.5188679245283,272,590.933962264151,343.8207547169811
Chole_mRNA,37,33,0037_R0033,0.477541454922524,0.477541454922524,6925,6925,40,40,0,0,0,173.125,227,399.675,342.375
Chole_mRNA,37,34,0037_R0034,0.0835697546114417,0.0835697546114417,1049,1049,7,7,0,0,0,149.85714285714286,156,542.1428571428571,343.42857142857144
Chole_mRNA,37,35,0037_R0035,0.967021446218111,0.9431443734719849,13018,12727,81,79,2,0,1,161.1012658227848,217,339.746835443038,354.9240506329114
Chole_mRNA,37,36,0037_R0036,0.6208038913992812,0.6208038913992812,9463,9463,52,52,0,0,0,181.98076923076923,263,449.5192307692308,356.59615384615387
Chole_mRNA,37,37,0037_R0037,0.8595746188605431,0.8595746188605431,12250,12250,72,72,0,0,0,170.13888888888889,225,460.7638888888889,358.80555555555554
Chole_mRNA,37,38,0037_R0038,0.035815609119189296,0.035815609119189296,455,455,3,3,0,0,0,151.66666666666666,153,483.3333333333333,359.6666666666667
Chole_mRNA,37,39,0037_R0039,0.023877072746126198,0.023877072746126198,305,305,2,2,0,0,0,152.5,154,358.5,364
Chole_mRNA,37,40,0037_R0040,0.3462175548188299,0.3462175548188299,4868,4868,29,29,0,0,0,167.86206896551724,206,471.13793103448273,374.58620689655174
Chole_mRNA,37,41,0037_R0041,0.09550829098450479,0.09550829098450479,1219,1219,8,8,0,0,0,152.375,159,414.375,378.25
Chole_mRNA,37,42,0037_R0042,0.477541454922524,0.477541454922524,6202,6202,40,40,0,0,0,155.05,166,612.15,384.05
Chole_mRNA,37,43,0037_R0043,0.023877072746126198,0.023877072746126198,306,306,2,2,0,0,0,153,155,497.5,391
Chole_mRNA,37,44,0037_R0044,0.9073287643527955,0.8953902279797324,12514,12370,76,75,1,0,1,164.93333333333334,246,478.28,408.82666666666665
Chole_mRNA,37,45,0037_R0045,0.38203316393801917,0.38203316393801917,5383,5383,32,32,0,0,0,168.21875,212,407,404.34375
Chole_mRNA,37,46,0037_R0046,0.0835697546114417,0.0835697546114417,1064,1064,7,7,0,0,0,152,160,392,413.2857142857143
Chole_mRNA,37,47,0037_R0047,0.22683219108819888,0.22683219108819888,3038,3038,19,19,0,0,0,159.89473684210526,178,420.2105263157895,419.7368421052632
Chole_mRNA,37,48,0037_R0048,0.1552009728498203,0.1552009728498203,2027.0000000000002,2027,13,13,0,0,0,155.92307692307693,171,387.15384615384613,423.46153846153845
Chole_mRNA,37,49,0037_R0049,0.035815609119189296,0.035815609119189296,453,453,3,3,0,0,0,151,152,280.6666666666667,433.3333333333333
Chole_mRNA,37,50,0037_R0050,0.0596926818653155,0.0596926818653155,761,761,5,5,0,0,0,152.2,162,466.2,439.4
Chole_mRNA,37,51,0037_R0051,0.10744682735756789,0.10744682735756789,1434,1434,9,9,0,0,0,159.33333333333334,175,531.3333333333334,442.8888888888889
Chole_mRNA,37,52,0037_R0052,0.5611112095339656,0.5611112095339656,7500,7500,47,47,0,0,0,159.5744680851064,179,420.40425531914894,452.36170212765956
Chole_mRNA,37,53,0037_R0053,0.14326243647675718,0.14326243647675718,1841,1841,12,12,0,0,0,153.41666666666666,157,190.83333333333334,468.8333333333333
Chole_mRNA,37,54,0037_R0054,0.0835697546114417,0.0835697546114417,1064,1064,7,7,0,0,0,152,156,457,470
Chole_mRNA,37,55,0037_R0055,0.5611112095339656,0.5611112095339656,7978.999999999999,7979,47,47,0,0,0,169.7659574468085,219,389.78723404255317,476.3829787234043
Chole_mRNA,37,56,0037_R0056,0.07163121823837859,0.07163121823837859,902,902,6,6,0,0,0,150.33333333333334,154,324.3333333333333,474.6666666666667
Chole_mRNA,37,57,0037_R0057,0.5372341367878395,0.5372341367878395,8435,8435,45,45,0,0,0,187.44444444444446,295,313.46666666666664,478.8222222222222
Chole_mRNA,37,58,0037_R0058,0.14326243647675718,0.14326243647675718,1895,1895,12,12,0,0,0,157.91666666666666,176,488.5,477.5
Chole_mRNA,37,59,0037_R0059,0.1313239001036941,0.1313239001036941,1758,1758,11,11,0,0,0,159.8181818181818,173,424.09090909090907,479.3636363636364
Chole_mRNA,37,60,0037_R0060,0.8118204733682908,0.8118204733682908,10455,10455,68,68,0,0,0,153.75,170,450.7352941176471,488.4117647058824
Chole_mRNA,37,61,0037_R0061,0.9312058370989217,0.9312058370989217,14782.000000000002,14782,78,78,0,0,0,189.51282051282053,374,418.20512820512823,493.6794871794872
Chole_mRNA,37,62,0037_R0062,0.5372341367878395,0.5372341367878395,6878,6878,45,45,0,0,0,152.84444444444443,165,333.26666666666665,495.0888888888889
Chole_mRNA,37,63,0037_R0063,0.07163121823837859,0.07163121823837859,931,931,6,6,0,0,0,155.16666666666666,165,473.8333333333333,493.1666666666667
Chole_mRNA,37,64,0037_R0064,0.0596926818653155,0.0596926818653155,768,768,5,5,0,0,0,153.6,157,410.4,500.2
Chole_mRNA,37,65,0037_R0065,0.2745863365804513,0.2745863365804513,3486,3486,23,23,0,0,0,151.56521739130434,159,501.17391304347825,516.3478260869565
Chole_mRNA,37,66,0037_R0066,0.728250718756849,0.728250718756849,10887,10887,61,61,0,0,0,178.47540983606558,250,451.3606557377049,518.8688524590164
Chole_mRNA,37,67,0037_R0067,0.1671395092228834,0.1671395092228834,2096,2096,14,14,0,0,0,149.71428571428572,155,80.78571428571429,526.8571428571429
Chole_mRNA,37,68,0037_R0068,2.7339248294314498,2.7339248294314498,37047,37047,229,229,0,0,0,161.77729257641923,197,225.6812227074236,557.759825327511
Chole_mRNA,37,69,0037_R0069,0.023877072746126198,0.023877072746126198,300,300,2,2,0,0,0,150,152,303,551.5
Chole_mRNA,37,70,0037_R0070,0.39397170031108225,0.38203316393801917,4974,4828,33,32,1,0,1,150.875,157,347.96875,568.5625
Chole_mRNA,37,71,0037_R0071,0.1313239001036941,0.1313239001036941,1703,1703,11,11,0,0,0,154.8181818181818,164,333.1818181818182,567.5454545454545
Chole_mRNA,37,72,0037_R0072,0.10744682735756789,0.10744682735756789,1413,1413,9,9,0,0,0,157,165,468,578
Chole_mRNA,37,73,0037_R0073,0.0596926818653155,0.0596926818653155,752,752,5,5,0,0,0,150.4,158,240.4,580
Chole_mRNA,37,74,0037_R0074,0.14326243647675718,0.14326243647675718,1817,1817,12,12,0,0,0,151.41666666666666,161,244.25,586
Chole_mRNA,37,75,0037_R0075,0.28652487295351436,0.28652487295351436,3679,3679,24,24,0,0,0,153.29166666666666,163,103.08333333333333,607.5
Chole_mRNA,37,76,0037_R0076,0.6208038913992812,0.6208038913992812,8959,8959,52,52,0,0,0,172.28846153846155,222,116.25,627.8461538461538
Chole_mRNA,37,77,0037_R0077,0.4059102366841454,0.4059102366841454,5607,5607,34,34,0,0,0,164.91176470588235,196,132.35294117647058,628.1764705882352
Chole_mRNA,37,78,0037_R0078,0.035815609119189296,0.035815609119189296,451,451,3,3,0,0,0,150.33333333333334,151,244,629.6666666666666
Chole_mRNA,37,79,0037_R0079,0.0835697546114417,0.0835697546114417,1065,1065,7,7,0,0,0,152.14285714285714,161,574.8571428571429,635.5714285714286
Chole_mRNA,37,80,0037_R0080,0.21489365471513577,0.21489365471513577,2736,2736,18,18,0,0,0,152,162,138,644.5
Chole_mRNA,37,81,0037_R0081,3.4502370118152355,3.4502370118152355,47915,47915,289,289,0,0,0,165.79584775086505,225,153.9515570934256,652.80276816609
Chole_mRNA,37,82,0037_R0082,0.023877072746126198,0.023877072746126198,298,298,2,2,0,0,0,149,150,177,668.5
Chole_mRNA,37,83,0037_R0083,0.035815609119189296,0.035815609119189296,458,458,3,3,0,0,0,152.66666666666666,155,370.3333333333333,672.3333333333334
Chole_mRNA,37,84,0037_R0084,0.7401892551299122,0.7401892551299122,9440,9440,62,62,0,0,0,152.25806451612902,160,365.7096774193548,691.4193548387096
Chole_mRNA,37,85,0037_R0085,0.023877072746126198,0.023877072746126198,304,304,2,2,0,0,0,152,153,190.5,688
Chole_mRNA,39,1,0039_R0001,1.8504731378247803,1.8504731378247803,27714,27714,155,155,0,0,0,178.8,217,115.85161290322581,20.90967741935484
Chole_mRNA,39,2,0039_R0002,0.32234048207270366,0.32234048207270366,4182,4182,27,27,0,0,0,154.88888888888889,168,32.77777777777778,81.25925925925925
Chole_mRNA,39,3,0039_R0003,0.2029551183420727,0.2029551183420727,2702,2702,17,17,0,0,0,158.94117647058823,171,41.88235294117647,84.58823529411765
Chole_mRNA,39,4,0039_R0004,0.119385363730631,0.119385363730631,1547,1547,10,10,0,0,0,154.7,162,76,98.2
Chole_mRNA,39,5,0039_R0005,24.50981517389854,24.50981517389854,364903,364903,2053,2053,0,0,0,177.74135411592792,292,127.12859230394544,133.04529956161716
Chole_mRNA,39,6,0039_R0006,1.456501437513698,1.456501437513698,20784,20784,122,122,0,0,0,170.36065573770492,198,4.852459016393443,119.0327868852459
Chole_mRNA,39,7,0039_R0007,1.790780455959465,1.790780455959465,34160,34160,150,150,0,0,0,227.73333333333332,532,284.22,130.45333333333335
Chole_mRNA,39,8,0039_R0008,0.6208038913992812,0.6208038913992812,8240,8240,52,52,0,0,0,158.46153846153845,177,270.3269230769231,150.32692307692307
Chole_mRNA,39,9,0039_R0009,0.023877072746126198,0.023877072746126198,303,303,2,2,0,0,0,151.5,152,495,154.5
Chole_mRNA,39,10,0039_R0010,3.1040194569964057,3.1040194569964057,41784,41784,260,260,0,0,0,160.7076923076923,238,291.91923076923075,170.16923076923078
Chole_mRNA,39,11,0039_R0011,0.3700946275649561,0.3700946275649561,5490,5490,31,31,0,0,0,177.09677419354838,232,51.41935483870968,186.4516129032258
Chole_mRNA,39,12,0039_R0012,0.023877072746126198,0.023877072746126198,307,307,2,2,0,0,0,153.5,155,551.5,190
Chole_mRNA,39,13,0039_R0013,1.3132390010369408,1.3132390010369408,18463,18463,110,110,0,0,0,167.84545454545454,191,78.48181818181818,199.1090909090909
Chole_mRNA,39,14,0039_R0014,0.14326243647675718,0.14326243647675718,1902,1902,12,12,0,0,0,158.5,176,506.5,199.5
Chole_mRNA,39,15,0039_R0015,0.1671395092228834,0.1671395092228834,2310,2310,14,14,0,0,0,165,190,312.2857142857143,208.5
Chole_mRNA,39,16,0039_R0016,0.6566195005184704,0.6566195005184704,10597,10597,55,55,0,0,0,192.6727272727273,295,32.981818181818184,228.87272727272727
Chole_mRNA,39,17,0039_R0017,2.757801902177576,2.757801902177576,57007,57007,231,231,0,0,0,246.78354978354977,670,380.3939393939394,238.95238095238096
Chole_mRNA,39,18,0039_R0018,0.1671395092228834,0.1671395092228834,2212,2212,14,14,0,0,0,158,174,472.5,265.2857142857143
Chole_mRNA,39,19,0039_R0019,0.39397170031108225,0.39397170031108225,5302,5302,33,33,0,0,0,160.66666666666666,183,519.1212121212121,267.5151515151515
Chole_mRNA,39,20,0039_R0020,0.9789599825911741,0.9789599825911741,18011,18011,82,82,0,0,0,219.64634146341464,550,642.9146341463414,275.6585365853659
Chole_mRNA,39,21,0039_R0021,0.0835697546114417,0.0835697546114417,1068,1068,7,7,0,0,0,152.57142857142858,157,500.7142857142857,278.42857142857144
Chole_mRNA,39,22,0039_R0022,2.984634093265775,2.984634093265775,43101,43101,250,250,0,0,0,172.404,225,663.38,284.556
Chole_mRNA,39,23,0039_R0023,0.0596926818653155,0.0596926818653155,770,770,5,5,0,0,0,154,159,442.6,284.2
Chole_mRNA,39,24,0039_R0024,0.047754145492252396,0.047754145492252396,621,621,4,4,0,0,0,155.25,160,396.5,305
Chole_mRNA,39,25,0039_R0025,0.035815609119189296,0.035815609119189296,457,457,3,3,0,0,0,152.33333333333334,153,414.3333333333333,310.6666666666667
Chole_mRNA,39,26,0039_R0026,0.1552009728498203,0.1552009728498203,2009,2009,13,13,0,0,0,154.53846153846155,164,551.3846153846154,324.38461538461536
Chole_mRNA,39,27,0039_R0027,0.21489365471513577,0.21489365471513577,2885,2885,18,18,0,0,0,160.27777777777777,170,459.5,326
Chole_mRNA,39,28,0039_R0028,0.38203316393801917,0.38203316393801917,4933,4933,32,32,0,0,0,154.15625,169,395.9375,329.25
Chole_mRNA,39,29,0039_R0029,1.181915100933247,1.181915100933247,24662,24662,99,99,0,0,0,249.11111111111111,764,380.8484848484849,333.6969696969697
Chole_mRNA,39,30,0039_R0030,0.3700946275649561,0.3700946275649561,5257,5257,31,31,0,0,0,169.58064516129033,197,451.19354838709677,337.38709677419354
Chole_mRNA,39,31,0039_R0031,0.10744682735756789,0.10744682735756789,1389,1389,9,9,0,0,0,154.33333333333334,159,574.8888888888889,339.3333333333333
Chole_mRNA,39,32,0039_R0032,0.22683219108819888,0.22683219108819888,2969,2969,19,19,0,0,0,156.26315789473685,170,392.7894736842105,341.1578947368421
Chole_mRNA,39,33,0039_R0033,1.3132390010369408,1.3132390010369408,18485,18485,110,110,0,0,0,168.04545454545453,195,603.5454545454545,350.3090909090909
Chole_mRNA,39,34,0039_R0034,1.802718992332528,1.802718992332528,31357,31357,151,151,0,0,0,207.66225165562915,370,389.72847682119203,375.4039735099338
Chole_mRNA,39,35,0039_R0035,0.09550829098450479,0.09550829098450479,1268,1268,8,8,0,0,0,158.5,168,631.875,382.125
Chole_mRNA,39,36,0039_R0036,1.181915100933247,1.181915100933247,17663,17663,99,99,0,0,0,178.41414141414143,253,407.7878787878788,396.26262626262627
Chole_mRNA,39,37,0039_R0037,2.566785320208566,2.566785320208566,42504,42504,215,215,0,0,0,197.69302325581396,387,447.6279069767442,465.0325581395349
Chole_mRNA,39,38,0039_R0038,0.45366438217639776,0.45366438217639776,6026,6026,38,38,0,0,0,158.57894736842104,169,580.9473684210526,471.2894736842105
Chole_mRNA,39,39,0039_R0039,0.5849882822800918,0.5849882822800918,7966.000000000001,7966,49,49,0,0,0,162.57142857142858,200,474.2040816326531,473.1020408163265
Chole_mRNA,39,40,0039_R0040,0.8356975461144169,0.8356975461144169,11688,11688,70,70,0,0,0,166.97142857142856,199,567.4857142857143,487.74285714285713
Chole_mRNA,39,41,0039_R0041,0.6924351096376598,0.6924351096376598,10501,10501,58,58,0,0,0,181.05172413793105,246,576.6896551724138,494
Chole_mRNA,39,42,0039_R0042,0.22683219108819888,0.22683219108819888,2978,2978,19,19,0,0,0,156.73684210526315,165,670.3684210526316,516.5263157894736
Chole_mRNA,39,43,0039_R0043,0.48947999129558706,0.48947999129558706,6488,6488,41,41,0,0,0,158.2439024390244,171,680.9024390243902,518.3414634146342
Chole_mRNA,39,44,0039_R0044,1.4803785102598244,1.4803785102598244,20369,20369,124,124,0,0,0,164.26612903225808,184,259.8790322580645,535.8709677419355
Chole_mRNA,39,45,0039_R0045,0.047754145492252396,0.047754145492252396,605,605,4,4,0,0,0,151.25,153,350.25,532.25
Chole_mRNA,39,46,0039_R0046,0.25070926383432507,0.25070926383432507,3520,3520,21,21,0,0,0,167.61904761904762,204,275,534
Chole_mRNA,39,47,0039_R0047,0.2984634093265775,0.2984634093265775,3836,3836,25,25,0,0,0,153.44,159,335.2,535.44
Chole_mRNA,39,48,0039_R0048,0.07163121823837859,0.07163121823837859,943,943,6,6,0,0,0,157.16666666666666,166,324.1666666666667,535.8333333333334
Chole_mRNA,39,49,0039_R0049,1.2535463191716254,1.2535463191716254,16286.000000000002,16286,105,105,0,0,0,155.10476190476192,169,388.6857142857143,542.7047619047619
Chole_mRNA,39,50,0039_R0050,0.10744682735756789,0.10744682735756789,1363,1363,9,9,0,0,0,151.44444444444446,153,329.8888888888889,542.2222222222222
Chole_mRNA,39,51,0039_R0051,0.4417258458033347,0.4417258458033347,5733,5733,37,37,0,0,0,154.94594594594594,167,582,543.5945945945946
Chole_mRNA,39,52,0039_R0052,0.0835697546114417,0.0835697546114417,1059,1059,7,7,0,0,0,151.28571428571428,155,535.8571428571429,548
Chole_mRNA,39,53,0039_R0053,0.3104019456996406,0.3104019456996406,3966,3966,26,26,0,0,0,152.53846153846155,164,333.34615384615387,549.8846153846154
Chole_mRNA,39,54,0039_R0054,0.09550829098450479,0.09550829098450479,1211,1211,8,8,0,0,0,151.375,154,281.5,549.875
Chole_mRNA,39,55,0039_R0055,1.8504731378247803,1.8504731378247803,25019,25019,155,155,0,0,0,161.41290322580645,195,393.27096774193546,559.6645161290322
Chole_mRNA,39,56,0039_R0056,0.6685580368915336,0.6685580368915336,8652,8652,56,56,0,0,0,154.5,167,614,554.7857142857143
Chole_mRNA,39,57,0039_R0057,0.38203316393801917,0.38203316393801917,4936,4936,32,32,0,0,0,154.25,166,377.78125,560.09375
Chole_mRNA,39,58,0039_R0058,0.119385363730631,0.119385363730631,1540,1540,10,10,0,0,0,154,158,370.8,559.3
Chole_mRNA,39,59,0039_R0059,0.09550829098450479,0.09550829098450479,1240,1240,8,8,0,0,0,155,159,616.875,562.125
Chole_mRNA,39,60,0039_R0060,1.3729316829022564,1.3729316829022564,17757,17757,115,115,0,0,0,154.40869565217392,165,355.2260869565217,572.8869565217391
Chole_mRNA,39,61,0039_R0061,0.0835697546114417,0.0835697546114417,1065,1065,7,7,0,0,0,152.14285714285714,156,407.57142857142856,566.8571428571429
Chole_mRNA,39,62,0039_R0062,0.14326243647675718,0.14326243647675718,1824,1824,12,12,0,0,0,152,156,383.3333333333333,569.9166666666666
Chole_mRNA,39,63,0039_R0063,0.596926818653155,0.596926818653155,8847,8847,50,50,0,0,0,176.94,267,420.82,572.78
Chole_mRNA,39,64,0039_R0064,0.6208038913992812,0.6208038913992812,10454,10454,52,52,0,0,0,201.03846153846155,362,44.17307692307692,574.9038461538462
Chole_mRNA,39,65,0039_R0065,0.047754145492252396,0.047754145492252396,612,612,4,4,0,0,0,153,155,402.5,571.5
Chole_mRNA,39,66,0039_R0066,1.2535463191716254,1.2535463191716254,23613,23613,105,105,0,0,0,224.88571428571427,658,511.9142857142857,575.7809523809524
Chole_mRNA,39,67,0039_R0067,0.07163121823837859,0.07163121823837859,920,920,6,6,0,0,0,153.33333333333334,156,542.5,578
Chole_mRNA,39,68,0039_R0068,0.4417258458033347,0.4417258458033347,7046,7046,37,37,0,0,0,190.43243243243242,288,483.6756756756757,581.5405405405405
Chole_mRNA,39,69,0039_R0069,0.047754145492252396,0.047754145492252396,611,611,4,4,0,0,0,152.75,157,557.5,584.5
Chole_mRNA,39,70,0039_R0070,0.14326243647675718,0.14326243647675718,1871,1871,12,12,0,0,0,155.91666666666666,167,491,589.5
Chole_mRNA,39,71,0039_R0071,3.3427901844576677,3.3427901844576677,49167,49167,280,280,0,0,0,175.59642857142856,226,592.2071428571429,599.55
Chole_mRNA,39,72,0039_R0072,1.074468273575679,1.074468273575679,15386,15386,90,90,0,0,0,170.95555555555555,202,633.6555555555556,609.1888888888889
Chole_mRNA,39,73,0039_R0073,0.0596926818653155,0.0596926818653155,789,789,5,5,0,0,0,157.8,165,505.6,606.2
Chole_mRNA,39,74,0039_R0074,0.2029551183420727,0.2029551183420727,2760,2760,17,17,0,0,0,162.35294117647058,184,82.41176470588235,611.1176470588235
Chole_mRNA,39,75,0039_R0075,0.38203316393801917,0.38203316393801917,5050,5050,32,32,0,0,0,157.8125,170,450.6875,612.5625
Chole_mRNA,39,76,0039_R0076,0.7401892551299122,0.7401892551299122,9551,9551,62,62,0,0,0,154.0483870967742,165,255.82258064516128,616.4677419354839
Chole_mRNA,39,77,0039_R0077,0.1671395092228834,0.1671395092228834,2113,2113,14,14,0,0,0,150.92857142857142,156,221.71428571428572,618.7142857142857
Chole_mRNA,39,78,0039_R0078,0.2745863365804513,0.2745863365804513,3694,3694,23,23,0,0,0,160.6086956521739,181,267.3478260869565,622.6086956521739
Chole_mRNA,39,79,0039_R0079,0.35815609119189296,0.35815609119189296,4728,4728,30,30,0,0,0,157.6,171,634.0333333333333,624.3
Chole_mRNA,39,80,0039_R0080,0.3104019456996406,0.3104019456996406,3982.9999999999995,3983,26,26,0,0,0,153.19230769230768,162,284.03846153846155,628.8461538461538
Chole_mRNA,39,81,0039_R0081,0.0835697546114417,0.0835697546114417,1066,1066,7,7,0,0,0,152.28571428571428,155,262.2857142857143,633
Chole_mRNA,39,82,0039_R0082,0.14326243647675718,0.14326243647675718,1854,1854,12,12,0,0,0,154.5,158,236.66666666666666,635.75
Chole_mRNA,39,83,0039_R0083,4.023286757722264,4.023286757722264,56078,56078,337,337,0,0,0,166.40356083086053,209,334.28783382789317,644.7418397626112
Chole_mRNA,39,84,0039_R0084,1.3848702192753195,1.3848702192753195,18561,18561,116,116,0,0,0,160.00862068965517,181,554.1465517241379,641.5258620689655
Chole_mRNA,39,85,0039_R0085,0.3700946275649561,0.3700946275649561,5231,5231,31,31,0,0,0,168.74193548387098,197,282.7096774193548,643.8709677419355
Chole_mRNA,39,86,0039_R0086,0.4417258458033347,0.4417258458033347,5881,5881,37,37,0,0,0,158.94594594594594,172,437.56756756756755,644.0540540540541
Chole_mRNA,39,87,0039_R0087,0.477541454922524,0.477541454922524,6258,6258,40,40,0,0,0,156.45,167,250.025,648.075
Chole_mRNA,39,88,0039_R0088,1.2535463191716254,1.2416077827985623,16404,16262,105,104,1,0,1,156.3653846153846,177,295.9807692307692,656.4807692307693
Chole_mRNA,39,89,0039_R0089,0.2745863365804513,0.2745863365804513,3555,3555,23,23,0,0,0,154.56521739130434,164,551.7826086956521,655
Chole_mRNA,39,90,0039_R0090,0.21489365471513577,0.21489365471513577,2766,2766,18,18,0,0,0,153.66666666666666,159,264.5,656.2222222222222
Chole_mRNA,39,91,0039_R0091,0.3462175548188299,0.3462175548188299,4461,4461,29,29,0,0,0,153.82758620689654,166,215.9655172413793,660.1034482758621
Chole_mRNA,39,92,0039_R0092,0.09550829098450479,0.09550829098450479,1241,1241,8,8,0,0,0,155.125,167,606,662.5
Chole_mRNA,39,93,0039_R0093,0.28652487295351436,0.28652487295351436,3817,3817,24,24,0,0,0,159.04166666666666,177,649.6666666666666,666.4166666666666
Chole_mRNA,39,94,0039_R0094,0.5491726731609026,0.5491726731609026,7148,7148,46,46,0,0,0,155.3913043478261,176,288.32608695652175,668.9565217391304
Chole_mRNA,39,95,0039_R0095,2.04148971979379,2.04148971979379,27744,27744,171,171,0,0,0,162.24561403508773,190,602.3625730994152,676.0409356725146
Chole_mRNA,39,96,0039_R0096,0.07163121823837859,0.07163121823837859,919,919,6,6,0,0,0,153.16666666666666,157,372.6666666666667,669.5
Chole_mRNA,39,97,0039_R0097,0.35815609119189296,0.35815609119189296,4577,4577,30,30,0,0,0,152.56666666666666,163,278.1,675.5333333333333
Chole_mRNA,39,98,0039_R0098,0.3342790184457668,0.3342790184457668,4871,4871,28,28,0,0,0,173.96428571428572,206,687.5,677.2142857142857
Chole_mRNA,39,99,0039_R0099,1.683333628601897,1.683333628601897,24424,24424,141,141,0,0,0,173.21985815602838,292,623.5460992907801,689.3191489361702
Chole_mRNA,39,100,0039_R0100,1.8624116741978434,1.8624116741978434,27897,27897,156,156,0,0,0,178.82692307692307,251,538.525641025641,688.75
Chole_mRNA,39,101,0039_R0101,0.1671395092228834,0.1671395092228834,2282,2282,14,14,0,0,0,163,184,445.5,691.5
Chole_mRNA,39,102,0039_R0102,0.1313239001036941,0.1313239001036941,1660,1660,11,11,0,0,0,150.9090909090909,153,595.5454545454545,702.1818181818181
Chole_mRNA,40,1,0040_R0001,0.023877072746126198,0.023877072746126198,305,305,2,2,0,0,0,152.5,153,139,45.5
Chole_mRNA,40,2,0040_R0002,0.17907804559594648,0.17907804559594648,2356,2356,15,15,0,0,0,157.06666666666666,165,235.53333333333333,72.86666666666666
Chole_mRNA,40,3,0040_R0003,0.967021446218111,0.967021446218111,14546,14546,81,81,0,0,0,179.58024691358025,232,146.44444444444446,157.2716049382716
Chole_mRNA,40,4,0040_R0004,0.0596926818653155,0.0596926818653155,761,761,5,5,0,0,0,152.2,158,249.2,218.6
Chole_mRNA,40,5,0040_R0005,0.1671395092228834,0.1671395092228834,2158,2158,14,14,0,0,0,154.14285714285714,164,146.57142857142858,303
Chole_mRNA,40,6,0040_R0006,0.955082909845048,0.955082909845048,12170,12170,80,80,0,0,0,152.125,165,155.3,308.875
Chole_mRNA,40,7,0040_R0007,0.047754145492252396,0.047754145492252396,603,603,4,4,0,0,0,150.75,153,353.25,307.75
Chole_mRNA,40,8,0040_R0008,0.119385363730631,0.119385363730631,1546,1546,10,10,0,0,0,154.6,166,1.5,309.8
Chole_mRNA,40,9,0040_R0009,0.14326243647675718,0.14326243647675718,1899,1899,12,12,0,0,0,158.25,170,132.66666666666666,310.25
Chole_mRNA,40,10,0040_R0010,0.0835697546114417,0.0835697546114417,1140,1140,7,7,0,0,0,162.85714285714286,172,594.2857142857143,323
Chole_mRNA,40,11,0040_R0011,0.10744682735756789,0.10744682735756789,1397,1397,9,9,0,0,0,155.22222222222223,161,289.3333333333333,336.1111111111111
Chole_mRNA,40,12,0040_R0012,2.9368799477735226,2.9368799477735226,55157,55157,246,246,0,0,0,224.21544715447155,575,588.280487804878,366.2154471544715
Chole_mRNA,40,13,0040_R0013,0.5133570640417132,0.5133570640417132,7418,7418,43,43,0,0,0,172.51162790697674,241,338.5813953488372,428
Chole_mRNA,40,14,0040_R0014,0.2029551183420727,0.2029551183420727,2766,2766,17,17,0,0,0,162.7058823529412,189,5,434.3529411764706
Chole_mRNA,40,15,0040_R0015,0.0596926818653155,0.0596926818653155,758,758,5,5,0,0,0,151.6,154,261.8,440.4
Chole_mRNA,40,16,0040_R0016,0.1552009728498203,0.1552009728498203,2339,2339,13,13,0,0,0,179.92307692307693,238,0.5384615384615384,462
Chole_mRNA,40,17,0040_R0017,0.3342790184457668,0.3342790184457668,5025,5025,28,28,0,0,0,179.46428571428572,240,38.17857142857143,518.4285714285714
Chole_mRNA,40,18,0040_R0018,0.047754145492252396,0.047754145492252396,614,614,4,4,0,0,0,153.5,158,382.5,532.5
Chole_mRNA,40,19,0040_R0019,0.3462175548188299,0.3462175548188299,5040,5040,29,29,0,0,0,173.79310344827587,226,343.7241379310345,569.4137931034483
Chole_mRNA,40,20,0040_R0020,0.19101658196900959,0.19101658196900959,2584,2584,16,16,0,0,0,161.5,177,368.5,627.5
Chole_mRNA,40,21,0040_R0021,0.035815609119189296,0.035815609119189296,454,454,3,3,0,0,0,151.33333333333334,154,341.6666666666667,631.6666666666666
Chole_mRNA,40,22,0040_R0022,0.3104019456996406,0.3104019456996406,4393,4393,26,26,0,0,0,168.96153846153845,207,367.46153846153845,641.3461538461538
Chole_mRNA,40,23,0040_R0023,0.047754145492252396,0.047754145492252396,612,612,4,4,0,0,0,153,155,361.75,640.75
Chole_mRNA,42,1,0042_R0001,0.2984634093265775,0.2984634093265775,3996,3996,25,25,0,0,0,159.84,180,262.52,5.12
Chole_mRNA,42,2,0042_R0002,0.119385363730631,0.119385363730631,1641,1641,10,10,0,0,0,164.1,178,626,25.2
Chole_mRNA,42,3,0042_R0003,0.0835697546114417,0.0835697546114417,1092,1092,7,7,0,0,0,156,162,438,29.714285714285715
Chole_mRNA,42,4,0042_R0004,0.09550829098450479,0.09550829098450479,1277,1277,8,8,0,0,0,159.625,168,410.125,47.875
Chole_mRNA,42,5,0042_R0005,0.39397170031108225,0.39397170031108225,5244,5244,33,33,0,0,0,158.9090909090909,178,328.6060606060606,59.18181818181818
Chole_mRNA,42,6,0042_R0006,0.2745863365804513,0.2745863365804513,3504,3504,23,23,0,0,0,152.34782608695653,158,395.82608695652175,73.6086956521739
Chole_mRNA,42,7,0042_R0007,0.19101658196900959,0.19101658196900959,2667,2667,16,16,0,0,0,166.6875,191,545.625,118.75
Chole_mRNA,42,8,0042_R0008,0.21489365471513577,0.21489365471513577,2891,2891,18,18,0,0,0,160.61111111111111,175,526.2222222222222,119.55555555555556
Chole_mRNA,42,9,0042_R0009,0.22683219108819888,0.22683219108819888,3161,3161,19,19,0,0,0,166.3684210526316,197,607.2105263157895,134
Chole_mRNA,42,10,0042_R0010,0.42978730943027155,0.42978730943027155,6779,6779,36,36,0,0,0,188.30555555555554,285,459.30555555555554,155.97222222222223
Chole_mRNA,42,11,0042_R0011,0.023877072746126198,0.023877072746126198,313,313,2,2,0,0,0,156.5,158,503,172.5
Chole_mRNA,42,12,0042_R0012,0.3700946275649561,0.3700946275649561,4844,4844,31,31,0,0,0,156.25806451612902,170,202,223
Chole_mRNA,42,13,0042_R0013,0.3104019456996406,0.3104019456996406,4241,4241,26,26,0,0,0,163.1153846153846,183,91.34615384615384,237.34615384615384
Chole_mRNA,42,14,0042_R0014,0.7043736460107228,0.7043736460107228,9480,9480,59,59,0,0,0,160.67796610169492,179,641.1864406779661,276.96610169491527
Chole_mRNA,42,15,0042_R0015,0.19101658196900959,0.19101658196900959,2679,2679,16,16,0,0,0,167.4375,191,378,275.5
Chole_mRNA,42,16,0042_R0016,3.378605793576857,3.3308516480846047,47686,47094,283,279,4,0,1,168.79569892473117,271,595.9068100358423,302.673835125448
Chole_mRNA,42,17,0042_R0017,2.8771872659082067,2.8771872659082067,39611,39611,241,241,0,0,0,164.3609958506224,193,574.6639004149378,308.97095435684645
Chole_mRNA,42,18,0042_R0018,0.5014185276686501,0.5014185276686501,6639.000000000001,6639,42,42,0,0,0,158.07142857142858,174,551.047619047619,302.57142857142856
Chole_mRNA,42,19,0042_R0019,0.22683219108819888,0.22683219108819888,2968,2968,19,19,0,0,0,156.21052631578948,168,323.36842105263156,302.42105263157896
Chole_mRNA,42,20,0042_R0020,0.0835697546114417,0.0835697546114417,1096,1096,7,7,0,0,0,156.57142857142858,170,263,301.7142857142857
Chole_mRNA,42,21,0042_R0021,0.119385363730631,0.119385363730631,1518,1518,10,10,0,0,0,151.8,160,535.2,305.3
Chole_mRNA,42,22,0042_R0022,0.0596926818653155,0.0596926818653155,784,784,5,5,0,0,0,156.8,162,497.8,306.4
Chole_mRNA,42,23,0042_R0023,0.6446809641454073,0.6446809641454073,8498,8498,54,54,0,0,0,157.37037037037038,175,635.4629629629629,338.85185185185185
Chole_mRNA,42,24,0042_R0024,0.238770727461262,0.238770727461262,3256,3256,20,20,0,0,0,162.8,184,374.05,341.1
Chole_mRNA,42,25,0042_R0025,0.09550829098450479,0.09550829098450479,1216,1216,8,8,0,0,0,152,155,644,341.5
Chole_mRNA,42,26,0042_R0026,0.119385363730631,0.119385363730631,1575,1575,10,10,0,0,0,157.5,172,362,362.8
Chole_mRNA,42,27,0042_R0027,0.1671395092228834,0.1671395092228834,2290,2290,14,14,0,0,0,163.57142857142858,182,150.5,370.2857142857143
Chole_mRNA,42,28,0042_R0028,0.047754145492252396,0.047754145492252396,606,606,4,4,0,0,0,151.5,154,482.25,376
Chole_mRNA,42,29,0042_R0029,0.25070926383432507,0.25070926383432507,3470,3470,21,21,0,0,0,165.23809523809524,192,353.3809523809524,392.76190476190476
Chole_mRNA,42,30,0042_R0030,0.4059102366841454,0.4059102366841454,5712,5712,34,34,0,0,0,168,216,398.5,396
Chole_mRNA,42,31,0042_R0031,0.023877072746126198,0.023877072746126198,307,307,2,2,0,0,0,153.5,155,343.5,393
Chole_mRNA,42,32,0042_R0032,0.17907804559594648,0.17907804559594648,2419,2419,15,15,0,0,0,161.26666666666668,182,328.6,396.6
Chole_mRNA,42,33,0042_R0033,0.42978730943027155,0.42978730943027155,6299,6299,36,36,0,0,0,174.97222222222223,238,261.3888888888889,402.97222222222223
Chole_mRNA,42,34,0042_R0034,0.39397170031108225,0.39397170031108225,5815,5815,33,33,0,0,0,176.21212121212122,229,369.45454545454544,402.7878787878788
Chole_mRNA,42,35,0042_R0035,0.4059102366841454,0.4059102366841454,5974,5974,34,34,0,0,0,175.7058823529412,224,276.7352941176471,406
Chole_mRNA,42,36,0042_R0036,0.2029551183420727,0.2029551183420727,2710,2710,17,17,0,0,0,159.41176470588235,176,294.11764705882354,404.70588235294116
Chole_mRNA,42,37,0042_R0037,0.14326243647675718,0.14326243647675718,1978,1978,12,12,0,0,0,164.83333333333334,185,492.5,411.5
Chole_mRNA,42,38,0042_R0038,0.4059102366841454,0.4059102366841454,5761,5761,34,34,0,0,0,169.44117647058823,195,471.9117647058824,414.1764705882353
Chole_mRNA,42,39,0042_R0039,1.062529737202616,1.062529737202616,20118,20118,89,89,0,0,0,226.04494382022472,537,581.0449438202247,415.561797752809
Chole_mRNA,42,40,0042_R0040,0.0835697546114417,0.0835697546114417,1084,1084,7,7,0,0,0,154.85714285714286,161,482.85714285714283,413.7142857142857
Chole_mRNA,42,41,0042_R0041,0.023877072746126198,0.023877072746126198,312,312,2,2,0,0,0,156,157,229,415.5
Chole_mRNA,42,42,0042_R0042,0.1671395092228834,0.1671395092228834,2228,2228,14,14,0,0,0,159.14285714285714,174,329.2857142857143,417.5
Chole_mRNA,42,43,0042_R0043,0.4059102366841454,0.4059102366841454,5158,5158,34,34,0,0,0,151.7058823529412,159,413.94117647058823,421
Chole_mRNA,42,44,0042_R0044,0.41784877305720847,0.41784877305720847,6505,6505,35,35,0,0,0,185.85714285714286,282,535.8285714285714,422
Chole_mRNA,42,45,0042_R0045,0.09550829098450479,0.09550829098450479,1256,1256,8,8,0,0,0,157,162,217,421.5
Chole_mRNA,42,46,0042_R0046,0.07163121823837859,0.07163121823837859,914,914,6,6,0,0,0,152.33333333333334,160,691.3333333333334,422.5
Chole_mRNA,42,47,0042_R0047,0.5133570640417132,0.5133570640417132,8189.000000000001,8189,43,43,0,0,0,190.4418604651163,308,246.02325581395348,425.5813953488372
Chole_mRNA,42,48,0042_R0048,0.42978730943027155,0.42978730943027155,5699,5699,36,36,0,0,0,158.30555555555554,178,306.72222222222223,427.80555555555554
Chole_mRNA,42,49,0042_R0049,0.09550829098450479,0.09550829098450479,1234,1234,8,8,0,0,0,154.25,160,354.875,424.5
Chole_mRNA,42,50,0042_R0050,0.07163121823837859,0.07163121823837859,910,910,6,6,0,0,0,151.66666666666666,153,590.8333333333334,424.5
Chole_mRNA,42,51,0042_R0051,0.09550829098450479,0.09550829098450479,1215,1215,8,8,0,0,0,151.875,156,404.875,426.125
Chole_mRNA,42,52,0042_R0052,1.3729316829022564,1.3729316829022564,19756,19756,115,115,0,0,0,171.7913043478261,249,574.695652173913,430.2260869565217
Chole_mRNA,42,53,0042_R0053,0.19101658196900959,0.19101658196900959,2579,2579,16,16,0,0,0,161.1875,184,273.75,430.625
Chole_mRNA,42,54,0042_R0054,0.3342790184457668,0.3342790184457668,4717,4717,28,28,0,0,0,168.46428571428572,216,258.89285714285717,437.5
Chole_mRNA,42,55,0042_R0055,0.14326243647675718,0.14326243647675718,1945,1945,12,12,0,0,0,162.08333333333334,179,539,436.5
Chole_mRNA,42,56,0042_R0056,0.41784877305720847,0.41784877305720847,5906,5906,35,35,0,0,0,168.74285714285713,212,215.42857142857142,439.8857142857143
Chole_mRNA,42,57,0042_R0057,0.3104019456996406,0.3104019456996406,4268,4268,26,26,0,0,0,164.15384615384616,190,397.96153846153845,443.3076923076923
Chole_mRNA,42,58,0042_R0058,0.28652487295351436,0.28652487295351436,3693,3693,24,24,0,0,0,153.875,165,359.375,446.2916666666667
Chole_mRNA,42,59,0042_R0059,0.2984634093265775,0.2984634093265775,4113,4113,25,25,0,0,0,164.52,193,189.44,446.08
Chole_mRNA,42,60,0042_R0060,0.7760048642491014,0.7760048642491014,11101,11101,65,65,0,0,0,170.7846153846154,227,347.2153846153846,447.3692307692308
Chole_mRNA,42,61,0042_R0061,0.5372341367878395,0.5372341367878395,8386,8386,45,45,0,0,0,186.35555555555555,300,256.97777777777776,449.31111111111113
Chole_mRNA,42,62,0042_R0062,0.10744682735756789,0.10744682735756789,1386,1386,9,9,0,0,0,154,161,218.88888888888889,449.3333333333333
Chole_mRNA,42,63,0042_R0063,0.728250718756849,0.728250718756849,11499,11499,61,61,0,0,0,188.50819672131146,337,209.9672131147541,455.24590163934425
Chole_mRNA,42,64,0042_R0064,0.2029551183420727,0.2029551183420727,2830,2830,17,17,0,0,0,166.47058823529412,191,558.5882352941177,458.11764705882354
Chole_mRNA,42,65,0042_R0065,0.28652487295351436,0.28652487295351436,4024,4024,24,24,0,0,0,167.66666666666666,201,342.3333333333333,465.875
Chole_mRNA,42,66,0042_R0066,0.6208038913992812,0.6208038913992812,9770,9770,52,52,0,0,0,187.8846153846154,300,487.53846153846155,467.61538461538464
Chole_mRNA,42,67,0042_R0067,0.6924351096376598,0.6924351096376598,9585,9585,58,58,0,0,0,165.25862068965517,193,556.3965517241379,469.4310344827586
Chole_mRNA,42,68,0042_R0068,0.035815609119189296,0.035815609119189296,472,472,3,3,0,0,0,157.33333333333334,159,170.66666666666666,466.3333333333333
Chole_mRNA,42,69,0042_R0069,0.119385363730631,0.119385363730631,1569,1569,10,10,0,0,0,156.9,166,184.2,467
Chole_mRNA,42,70,0042_R0070,0.09550829098450479,0.09550829098450479,1285,1285,8,8,0,0,0,160.625,171,510.125,467.875
Chole_mRNA,42,71,0042_R0071,1.3132390010369408,1.3132390010369408,24345,24345,110,110,0,0,0,221.3181818181818,585,533.709090909091,473.3545454545455
Chole_mRNA,42,72,0042_R0072,0.21489365471513577,0.21489365471513577,2847,2847,18,18,0,0,0,158.16666666666666,175,240.88888888888889,470.72222222222223
Chole_mRNA,42,73,0042_R0073,1.563948264871266,1.563948264871266,30157,30157,131,131,0,0,0,230.206106870229,497,252.81679389312978,476.2824427480916
Chole_mRNA,42,74,0042_R0074,0.0835697546114417,0.0835697546114417,1074,1074,7,7,0,0,0,153.42857142857142,156,551.8571428571429,475.57142857142856
Chole_mRNA,42,75,0042_R0075,0.1671395092228834,0.1671395092228834,2263,2263,14,14,0,0,0,161.64285714285714,183,512.7142857142857,476.5
Chole_mRNA,42,76,0042_R0076,0.10744682735756789,0.10744682735756789,1394,1394,9,9,0,0,0,154.88888888888889,161,234.11111111111111,484.6666666666667
Chole_mRNA,42,77,0042_R0077,0.14326243647675718,0.14326243647675718,1882,1882,12,12,0,0,0,156.83333333333334,167,408.25,484.6666666666667
Chole_mRNA,42,78,0042_R0078,0.1313239001036941,0.1313239001036941,1663,1663,11,11,0,0,0,151.1818181818182,156,277.6363636363636,486.27272727272725
Chole_mRNA,42,79,0042_R0079,0.1552009728498203,0.1552009728498203,2069,2069,13,13,0,0,0,159.15384615384616,174,558.3846153846154,487.38461538461536
Chole_mRNA,42,80,0042_R0080,0.5491726731609026,0.5491726731609026,9238,9238,46,46,0,0,0,200.82608695652175,334,495.19565217391306,490.6521739130435
Chole_mRNA,42,81,0042_R0081,0.41784877305720847,0.41784877305720847,6106,6106,35,35,0,0,0,174.45714285714286,236,400.9428571428571,490.42857142857144
Chole_mRNA,42,82,0042_R0082,0.1552009728498203,0.1552009728498203,2036,2036,13,13,0,0,0,156.6153846153846,170,247.23076923076923,491.15384615384613
Chole_mRNA,42,83,0042_R0083,0.3342790184457668,0.3342790184457668,4609,4609,28,28,0,0,0,164.60714285714286,208,261.67857142857144,496.25
Chole_mRNA,42,84,0042_R0084,0.5252956004147764,0.5252956004147764,7844,7844,44,44,0,0,0,178.27272727272728,262,229.79545454545453,499.75
Chole_mRNA,42,85,0042_R0085,1.683333628601897,1.683333628601897,22184,22184,141,141,0,0,0,157.33333333333334,179,466.3262411347518,512.3475177304964
Chole_mRNA,42,86,0042_R0086,0.3104019456996406,0.3104019456996406,4478,4478,26,26,0,0,0,172.23076923076923,217,367,510.5
Chole_mRNA,42,87,0042_R0087,0.047754145492252396,0.047754145492252396,623,623,4,4,0,0,0,155.75,158,513.5,512.5
Chole_mRNA,42,88,0042_R0088,0.07163121823837859,0.07163121823837859,905,905,6,6,0,0,0,150.83333333333334,156,431.5,515.3333333333334
Chole_mRNA,42,89,0042_R0089,0.6924351096376598,0.6924351096376598,11943,11943,58,58,0,0,0,205.91379310344828,398,529.3448275862069,521.1551724137931
Chole_mRNA,42,90,0042_R0090,0.2745863365804513,0.2745863365804513,3877,3877,23,23,0,0,0,168.56521739130434,203,186.17391304347825,523
Chole_mRNA,42,91,0042_R0091,0.2029551183420727,0.2029551183420727,2702,2702,17,17,0,0,0,158.94117647058823,184,376.29411764705884,524.7058823529412
Chole_mRNA,42,92,0042_R0092,0.14326243647675718,0.14326243647675718,1916,1916,12,12,0,0,0,159.66666666666666,170,190,529.5
Chole_mRNA,42,93,0042_R0093,0.25070926383432507,0.25070926383432507,3528,3528,21,21,0,0,0,168,202,283,544
Chole_mRNA,42,94,0042_R0094,0.477541454922524,0.477541454922524,7420,7420,40,40,0,0,0,185.5,272,405.325,544.975
Chole_mRNA,42,95,0042_R0095,0.2029551183420727,0.2029551183420727,2566,2566,17,17,0,0,0,150.94117647058823,157,379.4117647058824,544.9411764705883
Chole_mRNA,42,96,0042_R0096,0.38203316393801917,0.38203316393801917,6064,6064,32,32,0,0,0,189.5,285,470.5,546.5
Chole_mRNA,42,97,0042_R0097,0.2984634093265775,0.2984634093265775,4020.0000000000005,4020,25,25,0,0,0,160.8,189,373.12,552.96
Chole_mRNA,42,98,0042_R0098,0.17907804559594648,0.17907804559594648,2317,2317,15,15,0,0,0,154.46666666666667,163,422.4,570.8
Chole_mRNA,42,99,0042_R0099,0.0835697546114417,0.0835697546114417,1083,1083,7,7,0,0,0,154.71428571428572,160,418,575
Chole_mRNA,42,100,0042_R0100,0.8595746188605431,0.8595746188605431,12073,12073,72,72,0,0,0,167.68055555555554,201,442.72222222222223,580.5694444444445
Chole_mRNA,42,101,0042_R0101,0.023877072746126198,0.023877072746126198,307,307,2,2,0,0,0,153.5,155,416.5,579
Chole_mRNA,42,102,0042_R0102,0.1552009728498203,0.1552009728498203,1976.9999999999998,1977,13,13,0,0,0,152.07692307692307,154,688.4615384615385,581.8461538461538
Chole_mRNA,42,103,0042_R0103,0.4417258458033347,0.4417258458033347,6039,6039,37,37,0,0,0,163.21621621621622,184,579.5405405405405,588.6486486486486
Chole_mRNA,42,104,0042_R0104,0.10744682735756789,0.10744682735756789,1407,1407,9,9,0,0,0,156.33333333333334,162,246.88888888888889,589.6666666666666
Chole_mRNA,42,105,0042_R0105,1.0267141280834264,1.0267141280834264,16898,16898,86,86,0,0,0,196.48837209302326,363,444.8255813953488,595.3953488372093
Chole_mRNA,42,106,0042_R0106,0.023877072746126198,0.023877072746126198,305,305,2,2,0,0,0,152.5,153,633,597.5
Chole_mRNA,42,107,0042_R0107,0.2745863365804513,0.2745863365804513,3957,3957,23,23,0,0,0,172.04347826086956,206,71.3913043478261,611
Chole_mRNA,42,108,0042_R0108,2.996572629638838,2.996572629638838,46478,46478,251,251,0,0,0,185.17131474103584,253,230.402390438247,617.9043824701196
Chole_mRNA,42,109,0042_R0109,0.035815609119189296,0.035815609119189296,469,469,3,3,0,0,0,156.33333333333334,168,203.33333333333334,610.6666666666666
Chole_mRNA,42,110,0042_R0110,0.9312058370989217,0.9312058370989217,12664,12664,78,78,0,0,0,162.35897435897436,187,182.30769230769232,620.5897435897435
Chole_mRNA,42,111,0042_R0111,0.728250718756849,0.728250718756849,12086,12086,61,61,0,0,0,198.13114754098362,359,196.4262295081967,622
Chole_mRNA,42,112,0042_R0112,1.9817970379284744,1.9817970379284744,27319,27319,166,166,0,0,0,164.5722891566265,187,543.3614457831326,625.210843373494
Chole_mRNA,42,113,0042_R0113,1.3968087556483826,1.3968087556483826,18638,18638,117,117,0,0,0,159.2991452991453,186,512.5726495726495,625.4786324786324
Chole_mRNA,42,114,0042_R0114,0.2029551183420727,0.2029551183420727,2687,2687,17,17,0,0,0,158.05882352941177,176,259.5882352941176,629.1176470588235
Chole_mRNA,42,115,0042_R0115,0.238770727461262,0.238770727461262,3189,3189,20,20,0,0,0,159.45,175,346,633.5
Chole_mRNA,42,116,0042_R0116,1.0386526644564895,1.0386526644564895,13608,13608,87,87,0,0,0,156.41379310344828,171,207.29885057471265,638.6436781609195
Chole_mRNA,42,117,0042_R0117,0.023877072746126198,0.023877072746126198,309,309,2,2,0,0,0,154.5,157,215,639.5
Chole_mRNA,42,118,0042_R0118,13.13239001036941,13.13239001036941,231249,231249,1100,1100,0,0,0,210.22636363636363,479,224.3609090909091,665.3136363636364
Chole_mRNA,42,119,0042_R0119,0.023877072746126198,0.023877072746126198,303,303,2,2,0,0,0,151.5,153,228.5,640
Chole_mRNA,42,120,0042_R0120,0.32234048207270366,0.32234048207270366,4371,4371,27,27,0,0,0,161.88888888888889,181,531.2592592592592,662.4074074074074
Chole_mRNA,42,121,0042_R0121,0.28652487295351436,0.28652487295351436,3925,3925,24,24,0,0,0,163.54166666666666,187,619.875,674.25
Chole_mRNA,42,122,0042_R0122,2.399645810985683,2.399645810985683,34515,34515,201,201,0,0,0,171.71641791044777,206,123.1542288557214,682.7213930348258
Chole_mRNA,42,123,0042_R0123,1.1580380281871205,1.1580380281871205,16480,16480,97,97,0,0,0,169.89690721649484,212,232.10309278350516,699.1443298969073
Chole_mRNA,43,1,0043_R0001,0.119385363730631,0.119385363730631,1594,1594,10,10,0,0,0,159.4,172,454.7,51.3
Chole_mRNA,43,2,0043_R0002,0.32234048207270366,0.32234048207270366,4168,4168,27,27,0,0,0,154.37037037037038,167,407.3703703703704,58
Chole_mRNA,43,3,0043_R0003,0.3700946275649561,0.3700946275649561,4773,4773,31,31,0,0,0,153.96774193548387,162,353.51612903225805,60.74193548387097
Chole_mRNA,43,4,0043_R0004,0.035815609119189296,0.035815609119189296,457,457,3,3,0,0,0,152.33333333333334,155,388,60
Chole_mRNA,43,5,0043_R0005,0.7401892551299122,0.7401892551299122,11583,11583,62,62,0,0,0,186.82258064516128,268,533.2741935483871,94.87096774193549
Chole_mRNA,43,6,0043_R0006,0.19101658196900959,0.19101658196900959,2462,2462,16,16,0,0,0,153.875,160,572.875,94.25
Chole_mRNA,43,7,0043_R0007,0.4059102366841454,0.4059102366841454,5270,5270,34,34,0,0,0,155,163,386,98.73529411764706
Chole_mRNA,43,8,0043_R0008,0.10744682735756789,0.10744682735756789,1370,1370,9,9,0,0,0,152.22222222222223,156,349.77777777777777,101.55555555555556
Chole_mRNA,43,9,0043_R0009,0.119385363730631,0.119385363730631,1511,1511,10,10,0,0,0,151.1,155,392.4,108.8
Chole_mRNA,43,10,0043_R0010,0.3342790184457668,0.32234048207270366,4255,4109,28,27,1,0,1,152.1851851851852,160,528,141.92592592592592
Chole_mRNA,43,11,0043_R0011,0.5849882822800918,0.5849882822800918,7540,7540,49,49,0,0,0,153.87755102040816,166,491,145.87755102040816
Chole_mRNA,43,12,0043_R0012,0.0596926818653155,0.0596926818653155,789,789,5,5,0,0,0,157.8,165,591,150
Chole_mRNA,43,13,0043_R0013,0.035815609119189296,0.035815609119189296,456,456,3,3,0,0,0,152,154,309.6666666666667,175.66666666666666
Chole_mRNA,43,14,0043_R0014,0.9908985189642372,0.9908985189642372,19347,19347,83,83,0,0,0,233.09638554216866,647,529.6746987951807,199.79518072289156
Chole_mRNA,43,15,0043_R0015,1.1580380281871205,1.1580380281871205,15087.999999999998,15088,97,97,0,0,0,155.5463917525773,170,446.5360824742268,205.5257731958763
Chole_mRNA,43,16,0043_R0016,0.2984634093265775,0.2984634093265775,4138,4138,25,25,0,0,0,165.52,192,418.4,207.96
Chole_mRNA,43,17,0043_R0017,0.023877072746126198,0.023877072746126198,301,301,2,2,0,0,0,150.5,151,455,210.5
Chole_mRNA,43,18,0043_R0018,0.42978730943027155,0.42978730943027155,5546,5546,36,36,0,0,0,154.05555555555554,161,579.6388888888889,237.97222222222223
Chole_mRNA,43,19,0043_R0019,0.0596926818653155,0.0596926818653155,764,764,5,5,0,0,0,152.8,156,395.4,237.8
Chole_mRNA,43,20,0043_R0020,0.25070926383432507,0.25070926383432507,3229,3229,21,21,0,0,0,153.76190476190476,160,372.1904761904762,245.76190476190476
Chole_mRNA,43,21,0043_R0021,0.25070926383432507,0.25070926383432507,3241,3241,21,21,0,0,0,154.33333333333334,161,336.57142857142856,250.95238095238096
Chole_mRNA,43,22,0043_R0022,0.8715131552336063,0.8715131552336063,11730,11730,73,73,0,0,0,160.68493150684932,181,382.05479452054794,252.95890410958904
Chole_mRNA,43,23,0043_R0023,0.3342790184457668,0.3342790184457668,4699,4699,28,28,0,0,0,167.82142857142858,203,458.5,262.5
Chole_mRNA,43,24,0043_R0024,0.0596926818653155,0.0596926818653155,781,781,5,5,0,0,0,156.2,162,534.4,264.2
Chole_mRNA,43,25,0043_R0025,0.047754145492252396,0.047754145492252396,608,608,4,4,0,0,0,152,157,399.5,271.5
Chole_mRNA,43,26,0043_R0026,1.1699765645601836,1.1699765645601836,15368.000000000002,15368,98,98,0,0,0,156.81632653061226,175,379.44897959183675,278.6734693877551
Chole_mRNA,43,27,0043_R0027,3.9039013939916334,3.8919628576185703,54366.00000000001,54222,327,326,1,0,1,166.32515337423314,215,573.4969325153374,287.7730061349693
Chole_mRNA,43,28,0043_R0028,1.683333628601897,1.683333628601897,25140,25140,141,141,0,0,0,178.29787234042553,226,195.95035460992906,294.7517730496454
Chole_mRNA,43,29,0043_R0029,0.6088653550262181,0.6088653550262181,8031,8031,51,51,0,0,0,157.47058823529412,174,321.05882352941177,291.6862745098039
Chole_mRNA,43,30,0043_R0030,0.1313239001036941,0.1313239001036941,1666.0000000000002,1666,11,11,0,0,0,151.45454545454547,154,456.09090909090907,301.72727272727275
Chole_mRNA,43,31,0043_R0031,0.1313239001036941,0.1313239001036941,1661,1661,11,11,0,0,0,151,156,449.09090909090907,304.72727272727275
Chole_mRNA,43,32,0043_R0032,0.22683219108819888,0.22683219108819888,2926,2926,19,19,0,0,0,154,165,359.7368421052632,306.7894736842105
Chole_mRNA,43,33,0043_R0033,0.2626478002073882,0.2626478002073882,3465,3465,22,22,0,0,0,157.5,175,435.95454545454544,309.8636363636364
Chole_mRNA,43,34,0043_R0034,0.07163121823837859,0.07163121823837859,917,917,6,6,0,0,0,152.83333333333334,156,425.5,308.6666666666667
Chole_mRNA,43,35,0043_R0035,2.519031174716314,2.519031174716314,37930,37930,211,211,0,0,0,179.76303317535545,223,689.0473933649289,318.2796208530806
Chole_mRNA,43,36,0043_R0036,0.3462175548188299,0.3462175548188299,4763,4763,29,29,0,0,0,164.24137931034483,190,470.1034482758621,313.3103448275862
Chole_mRNA,43,37,0043_R0037,0.38203316393801917,0.38203316393801917,5886,5886,32,32,0,0,0,183.9375,251,549.5,316.5
Chole_mRNA,43,38,0043_R0038,0.0596926818653155,0.0596926818653155,767,767,5,5,0,0,0,153.4,157,318.2,315.6
Chole_mRNA,43,39,0043_R0039,0.035815609119189296,0.035815609119189296,459,459,3,3,0,0,0,153,155,448.6666666666667,319
Chole_mRNA,43,40,0043_R0040,0.14326243647675718,0.14326243647675718,1820,1820,12,12,0,0,0,151.66666666666666,157,454.6666666666667,323.4166666666667
Chole_mRNA,43,41,0043_R0041,0.6804965732645967,0.6804965732645967,8723,8723,57,57,0,0,0,153.03508771929825,163,335.6666666666667,330.7368421052632
Chole_mRNA,43,42,0043_R0042,0.0596926818653155,0.0596926818653155,758,758,5,5,0,0,0,151.6,155,546.6,336.2
Chole_mRNA,43,43,0043_R0043,0.07163121823837859,0.07163121823837859,914,914,6,6,0,0,0,152.33333333333334,155,506.8333333333333,337.1666666666667
Chole_mRNA,43,44,0043_R0044,0.6566195005184704,0.6566195005184704,8664,8664,55,55,0,0,0,157.52727272727273,175,461.72727272727275,340.8727272727273
Chole_mRNA,43,45,0043_R0045,0.1313239001036941,0.1313239001036941,1750,1750,11,11,0,0,0,159.0909090909091,170,65.0909090909091,344.3636363636364
Chole_mRNA,43,46,0043_R0046,0.023877072746126198,0.023877072746126198,301,301,2,2,0,0,0,150.5,151,487.5,347
Chole_mRNA,43,47,0043_R0047,1.1341609554409944,1.1341609554409944,14620,14620,95,95,0,0,0,153.89473684210526,166,462.5052631578947,354.2526315789474
Chole_mRNA,43,48,0043_R0048,0.28652487295351436,0.28652487295351436,3723,3723,24,24,0,0,0,155.125,164,495.25,350.4583333333333
Chole_mRNA,43,49,0043_R0049,0.2029551183420727,0.2029551183420727,2580,2580,17,17,0,0,0,151.76470588235293,162,480.7647058823529,355.1764705882353
Chole_mRNA,43,50,0043_R0050,0.035815609119189296,0.035815609119189296,459,459,3,3,0,0,0,153,155,525.3333333333334,358.3333333333333
Chole_mRNA,43,51,0043_R0051,0.7163121823837859,0.7163121823837859,9784,9784,60,60,0,0,0,163.06666666666666,189,444.6333333333333,381.7
Chole_mRNA,43,52,0043_R0052,0.7163121823837859,0.7163121823837859,9834,9834,60,60,0,0,0,163.9,187,505.9,382.75
Chole_mRNA,43,53,0043_R0053,0.7401892551299122,0.7401892551299122,11250,11250,62,62,0,0,0,181.4516129032258,245,68.06451612903226,399.258064516129
Chole_mRNA,43,54,0043_R0054,1.8743502105709064,1.8743502105709064,26613.999999999996,26614,157,157,0,0,0,169.51592356687897,200,44.40127388535032,451.687898089172
Chole_mRNA,43,55,0043_R0055,1.5400711921251398,1.5161941193790136,19805,19516,129,127,2,0,1,153.66929133858267,173,3.47244094488189,461.0314960629921
Chole_mRNA,43,56,0043_R0056,0.3700946275649561,0.3700946275649561,4869,4869,31,31,0,0,0,157.06451612903226,165,54,514.9677419354839
Chole_mRNA,43,57,0043_R0057,0.2029551183420727,0.2029551183420727,2767,2767,17,17,0,0,0,162.76470588235293,180,99.3529411764706,538
Chole_mRNA,43,58,0043_R0058,23.26820739109998,23.053313736384844,306865,304226,1949,1931,18,0,1,157.54842050750906,211,86.30657690315898,577.2635939927499
Chole_mRNA,43,59,0043_R0059,0.19101658196900959,0.19101658196900959,2492,2492,16,16,0,0,0,155.75,167,247.5,549
Chole_mRNA,43,60,0043_R0060,0.035815609119189296,0.035815609119189296,457,457,3,3,0,0,0,152.33333333333334,156,173,559
Chole_mRNA,43,61,0043_R0061,0.0596926818653155,0.0596926818653155,756,756,5,5,0,0,0,151.2,155,69.4,564.6
Chole_mRNA,43,62,0043_R0062,0.39397170031108225,0.39397170031108225,5266,5266,33,33,0,0,0,159.57575757575756,171,36.84848484848485,593.5757575757576
Chole_mRNA,43,63,0043_R0063,0.023877072746126198,0.023877072746126198,310,310,2,2,0,0,0,155,157,583.5,599
Chole_mRNA,43,64,0043_R0064,3.474114084561362,3.474114084561362,50398,50398,291,291,0,0,0,173.1890034364261,212,33.84192439862543,610.0068728522336
Chole_mRNA,43,65,0043_R0065,0.0596926818653155,0.0596926818653155,755,755,5,5,0,0,0,151,152,75.8,607.8
Chole_mRNA,43,66,0043_R0066,0.023877072746126198,0.023877072746126198,302,302,2,2,0,0,0,151,151,77,610.5
Chole_mRNA,43,67,0043_R0067,0.596926818653155,0.596926818653155,7594,7594,50,50,0,0,0,151.88,162,92.86,615.22
Chole_mRNA,44,1,0044_R0001,0.2029551183420727,0.2029551183420727,2850,2850,17,17,0,0,0,167.64705882352942,192,683,121.3529411764706
Chole_mRNA,44,2,0044_R0002,0.32234048207270366,0.32234048207270366,4096,4096,27,27,0,0,0,151.7037037037037,159,4.851851851851852,190
Chole_mRNA,44,3,0044_R0003,0.5849882822800918,0.5849882822800918,7560.999999999999,7561,49,49,0,0,0,154.30612244897958,174,172.89795918367346,219.46938775510205
Chole_mRNA,44,4,0044_R0004,0.0596926818653155,0.0596926818653155,777,777,5,5,0,0,0,155.4,163,191.4,216.2
Chole_mRNA,44,5,0044_R0005,0.4059102366841454,0.4059102366841454,5957,5957,34,34,0,0,0,175.2058823529412,227,136.5,237
Chole_mRNA,44,6,0044_R0006,0.8237590097413539,0.8237590097413539,10947,10947,69,69,0,0,0,158.65217391304347,179,62.65217391304348,244.56521739130434
Chole_mRNA,44,7,0044_R0007,0.32234048207270366,0.32234048207270366,4231,4231,27,27,0,0,0,156.7037037037037,171,36.148148148148145,260.3333333333333
Chole_mRNA,44,8,0044_R0008,0.09550829098450479,0.09550829098450479,1246,1246,8,8,0,0,0,155.75,161,483.125,275.875
Chole_mRNA,44,9,0044_R0009,0.5849882822800918,0.5849882822800918,7943,7943,49,49,0,0,0,162.10204081632654,193,22.428571428571427,285.51020408163265
Chole_mRNA,44,10,0044_R0010,9.20461154363165,9.180734470885524,132964,132675,771,769,2,0,1,172.5292587776333,232,64.37321196358907,300.98699609882965
Chole_mRNA,44,11,0044_R0011,0.17907804559594648,0.17907804559594648,2331,2331,15,15,0,0,0,155.4,166,1.6,285.6
Chole_mRNA,44,12,0044_R0012,0.25070926383432507,0.25070926383432507,3245,3245,21,21,0,0,0,154.52380952380952,164,3.0952380952380953,296.7142857142857
Chole_mRNA,44,13,0044_R0013,0.1552009728498203,0.1552009728498203,1971.9999999999998,1972,13,13,0,0,0,151.69230769230768,158,97.76923076923077,303.0769230769231
Chole_mRNA,44,14,0044_R0014,6.208038913992811,6.208038913992811,94598,94598,520,520,0,0,0,181.91923076923078,328,33.75576923076923,322.8423076923077
Chole_mRNA,44,15,0044_R0015,0.9192673007258586,0.9192673007258586,12093,12093,77,77,0,0,0,157.05194805194805,168,59.57142857142857,326.0779220779221
Chole_mRNA,44,16,0044_R0016,0.3700946275649561,0.3700946275649561,4837,4837,31,31,0,0,0,156.03225806451613,170,406.7096774193548,325.7096774193548
Chole_mRNA,44,17,0044_R0017,0.238770727461262,0.238770727461262,3024,3024,20,20,0,0,0,151.2,158,27.3,331.35
Chole_mRNA,44,18,0044_R0018,0.19101658196900959,0.19101658196900959,2625,2625,16,16,0,0,0,164.0625,191,641,339.5
Chole_mRNA,44,19,0044_R0019,1.4684399738867613,1.4684399738867613,19713,19713,123,123,0,0,0,160.26829268292684,190,21.552845528455286,349.5853658536585
Chole_mRNA,44,20,0044_R0020,0.0596926818653155,0.0596926818653155,748,748,5,5,0,0,0,149.6,152,347.6,346.6
Chole_mRNA,44,21,0044_R0021,0.0835697546114417,0.0835697546114417,1100,1100,7,7,0,0,0,157.14285714285714,165,559.5714285714286,349.2857142857143
Chole_mRNA,44,22,0044_R0022,0.0596926818653155,0.0596926818653155,759,759,5,5,0,0,0,151.8,154,40.4,357.2
Chole_mRNA,44,23,0044_R0023,0.17907804559594648,0.17907804559594648,2276,2276,15,15,0,0,0,151.73333333333332,156,315.8,359.46666666666664
Chole_mRNA,44,24,0044_R0024,0.047754145492252396,0.047754145492252396,607,607,4,4,0,0,0,151.75,157,596.5,357.5
Chole_mRNA,44,25,0044_R0025,0.0835697546114417,0.0835697546114417,1084,1084,7,7,0,0,0,154.85714285714286,160,428,361.2857142857143
Chole_mRNA,44,26,0044_R0026,0.2626478002073882,0.2626478002073882,3701,3701,22,22,0,0,0,168.22727272727272,201,695.9090909090909,367.09090909090907
Chole_mRNA,44,27,0044_R0027,0.2626478002073882,0.2626478002073882,3329,3329,22,22,0,0,0,151.3181818181818,160,433.8636363636364,370.09090909090907
Chole_mRNA,44,28,0044_R0028,0.3462175548188299,0.3462175548188299,4445,4445,29,29,0,0,0,153.27586206896552,162,319.1034482758621,371.51724137931035
Chole_mRNA,44,29,0044_R0029,0.09550829098450479,0.09550829098450479,1208,1208,8,8,0,0,0,151,155,188.125,371.875
Chole_mRNA,44,30,0044_R0030,0.7043736460107228,0.7043736460107228,10128,10128,59,59,0,0,0,171.66101694915255,250,440.6101694915254,379.08474576271186
Chole_mRNA,44,31,0044_R0031,1.4206858283945087,1.4206858283945087,18557,18557,119,119,0,0,0,155.94117647058823,168,210.57142857142858,381.93277310924367
Chole_mRNA,44,32,0044_R0032,0.035815609119189296,0.035815609119189296,452,452,3,3,0,0,0,150.66666666666666,153,353,376
Chole_mRNA,44,33,0044_R0033,0.119385363730631,0.119385363730631,1501,1501,10,10,0,0,0,150.1,152,418.6,381.6
Chole_mRNA,44,34,0044_R0034,0.035815609119189296,0.035815609119189296,463,463,3,3,0,0,0,154.33333333333334,157,622.3333333333334,380.3333333333333
Chole_mRNA,44,35,0044_R0035,0.7401892551299122,0.7401892551299122,9729,9729,62,62,0,0,0,156.91935483870967,173,285.96774193548384,384.741935483871
Chole_mRNA,44,36,0044_R0036,0.1671395092228834,0.1671395092228834,2126,2126,14,14,0,0,0,151.85714285714286,159,343.5,384.5
Chole_mRNA,44,37,0044_R0037,0.7163121823837859,0.7163121823837859,10483,10483,60,60,0,0,0,174.71666666666667,279,429.73333333333335,391.0833333333333
Chole_mRNA,44,38,0044_R0038,2.0295511834207267,2.0295511834207267,26364,26364,170,170,0,0,0,155.08235294117648,173,446.5882352941176,400.38823529411764
Chole_mRNA,44,39,0044_R0039,0.19101658196900959,0.19101658196900959,2542,2542,16,16,0,0,0,158.875,179,657,393.5
Chole_mRNA,44,40,0044_R0040,0.28652487295351436,0.28652487295351436,3956,3956,24,24,0,0,0,164.83333333333334,193,424.6666666666667,409.875
Chole_mRNA,44,41,0044_R0041,0.1671395092228834,0.1671395092228834,2136,2136,14,14,0,0,0,152.57142857142858,158,575.2857142857143,414.5
Chole_mRNA,44,42,0044_R0042,0.047754145492252396,0.047754145492252396,601,601,4,4,0,0,0,150.25,153,574.5,418.75
Chole_mRNA,44,43,0044_R0043,0.119385363730631,0.119385363730631,1508,1508,10,10,0,0,0,150.8,154,162.5,425.8
Chole_mRNA,44,44,0044_R0044,0.6566195005184704,0.6566195005184704,8916,8916,55,55,0,0,0,162.1090909090909,199,405.0181818181818,429.8727272727273
Chole_mRNA,44,45,0044_R0045,0.5611112095339656,0.5611112095339656,7499,7499,47,47,0,0,0,159.5531914893617,180,585.5744680851063,429.531914893617
Chole_mRNA,44,46,0044_R0046,0.19101658196900959,0.19101658196900959,2511,2511,16,16,0,0,0,156.9375,168,404,438.5
Chole_mRNA,44,47,0044_R0047,0.2745863365804513,0.2745863365804513,3476,3476,23,23,0,0,0,151.1304347826087,157,196.91304347826087,444.7391304347826
Chole_mRNA,44,48,0044_R0048,0.45366438217639776,0.45366438217639776,5801,5801,38,38,0,0,0,152.6578947368421,165,222.05263157894737,446.5
Chole_mRNA,44,49,0044_R0049,0.7163121823837859,0.7163121823837859,9572,9572,60,60,0,0,0,159.53333333333333,181,337.78333333333336,446.43333333333334
Chole_mRNA,44,50,0044_R0050,0.25070926383432507,0.25070926383432507,3282,3282,21,21,0,0,0,156.28571428571428,171,625.4761904761905,448.3809523809524
Chole_mRNA,44,51,0044_R0051,0.035815609119189296,0.035815609119189296,451,451,3,3,0,0,0,150.33333333333334,151,620.3333333333334,449.6666666666667
Chole_mRNA,44,52,0044_R0052,0.6088653550262181,0.6088653550262181,9301,9301,51,51,0,0,0,182.37254901960785,273,336.01960784313724,456.62745098039215
Chole_mRNA,44,53,0044_R0053,0.46560291854946084,0.46560291854946084,5960,5960,39,39,0,0,0,152.82051282051282,164,182.43589743589743,457.7692307692308
Chole_mRNA,44,54,0044_R0054,0.3462175548188299,0.3462175548188299,4598,4598,29,29,0,0,0,158.55172413793105,184,402.62068965517244,459.7931034482759
Chole_mRNA,44,55,0044_R0055,1.6355794831096446,1.6355794831096446,25682,25682,137,137,0,0,0,187.45985401459853,260,192.4817518248175,467.48175182481754
Chole_mRNA,44,56,0044_R0056,0.0835697546114417,0.0835697546114417,1062,1062,7,7,0,0,0,151.71428571428572,155,486.85714285714283,472.7142857142857
Chole_mRNA,44,57,0044_R0057,1.6475180194827077,1.6355794831096446,21604,21460,138,137,1,0,1,156.64233576642334,177,129.8978102189781,482.007299270073
Chole_mRNA,44,58,0044_R0058,3.9039013939916334,3.9039013939916334,57248,57248,327,327,0,0,0,175.0703363914373,321,587.5229357798165,482.4434250764526
Chole_mRNA,44,59,0044_R0059,0.38203316393801917,0.38203316393801917,5036,5036,32,32,0,0,0,157.375,170,492.5625,479.6875
Chole_mRNA,44,60,0044_R0060,0.3462175548188299,0.3462175548188299,4441,4441,29,29,0,0,0,153.13793103448276,168,222.55172413793105,489.2413793103448
Chole_mRNA,44,61,0044_R0061,0.22683219108819888,0.22683219108819888,2865,2865,19,19,0,0,0,150.78947368421052,159,396,494
Chole_mRNA,44,62,0044_R0062,1.3729316829022564,1.3729316829022564,17873,17873,115,115,0,0,0,155.41739130434783,175,145.4695652173913,499.18260869565216
Chole_mRNA,44,63,0044_R0063,0.035815609119189296,0.035815609119189296,453,453,3,3,0,0,0,151,152,655.3333333333334,497.3333333333333
Chole_mRNA,44,64,0044_R0064,0.5252956004147764,0.5252956004147764,6676,6676,44,44,0,0,0,151.72727272727272,163,198.8181818181818,503.6818181818182
Chole_mRNA,44,65,0044_R0065,0.2745863365804513,0.2745863365804513,3546,3546,23,23,0,0,0,154.17391304347825,171,229.08695652173913,505.7391304347826
Chole_mRNA,44,66,0044_R0066,0.047754145492252396,0.047754145492252396,603,603,4,4,0,0,0,150.75,151,133.75,507.75
Chole_mRNA,44,67,0044_R0067,0.2626478002073882,0.2626478002073882,3376.0000000000005,3376,22,22,0,0,0,153.45454545454547,162,680.3636363636364,510.6818181818182
Chole_mRNA,44,68,0044_R0068,0.5372341367878395,0.5372341367878395,7064.000000000001,7064,45,45,0,0,0,156.9777777777778,177,279.9555555555556,513.4444444444445
Chole_mRNA,44,69,0044_R0069,2.04148971979379,2.04148971979379,26172,26172,171,171,0,0,0,153.05263157894737,163,152.83040935672514,520.1461988304094
Chole_mRNA,44,70,0044_R0070,0.17907804559594648,0.17907804559594648,2256,2256,15,15,0,0,0,150.4,154,189.73333333333332,514.4
Chole_mRNA,44,71,0044_R0071,0.3342790184457668,0.3342790184457668,4269,4269,28,28,0,0,0,152.46428571428572,161,387.42857142857144,518.6428571428571
Chole_mRNA,44,72,0044_R0072,0.2745863365804513,0.2745863365804513,3477,3477,23,23,0,0,0,151.17391304347825,156,374.04347826086956,520.0434782608696
Chole_mRNA,44,73,0044_R0073,0.22683219108819888,0.22683219108819888,3134,3134,19,19,0,0,0,164.94736842105263,192,633.2105263157895,521
Chole_mRNA,44,74,0044_R0074,0.023877072746126198,0.023877072746126198,307,307,2,2,0,0,0,153.5,154,652,520.5
Chole_mRNA,44,75,0044_R0075,0.3342790184457668,0.3342790184457668,4213,4213,28,28,0,0,0,150.46428571428572,156,185.03571428571428,525.3214285714286
Chole_mRNA,44,76,0044_R0076,2.781678974923702,2.781678974923702,37969,37969,233,233,0,0,0,162.95708154506437,192,146.9871244635193,547.8326180257511
Chole_mRNA,44,77,0044_R0077,1.7430263104672126,1.7430263104672126,22600,22600,146,146,0,0,0,154.7945205479452,173,169.84931506849315,559.8835616438356
Chole_mRNA,44,78,0044_R0078,1.4684399738867613,1.4684399738867613,20054,20054,123,123,0,0,0,163.04065040650406,191,153.46341463414635,571.2926829268292
Chole_mRNA,44,79,0044_R0079,0.32234048207270366,0.32234048207270366,4763,4763,27,27,0,0,0,176.40740740740742,228,431.9259259259259,642.5925925925926
Chole_mRNA,44,80,0044_R0080,0.28652487295351436,0.28652487295351436,3638,3638,24,24,0,0,0,151.58333333333334,159,224.29166666666666,644.4583333333334
Chole_mRNA,44,81,0044_R0081,0.09550829098450479,0.09550829098450479,1221,1221,8,8,0,0,0,152.625,157,664.125,648.125
Chole_mRNA,44,82,0044_R0082,0.477541454922524,0.477541454922524,6434,6434,40,40,0,0,0,160.85,178,426.5,652.4
Chole_mRNA,44,83,0044_R0083,0.0835697546114417,0.0835697546114417,1064,1064,7,7,0,0,0,152,157,406,654
Chole_mRNA,44,84,0044_R0084,0.10744682735756789,0.10744682735756789,1426,1426,9,9,0,0,0,158.44444444444446,166,473,665
Chole_mRNA,44,85,0044_R0085,0.39397170031108225,0.39397170031108225,5060,5060,33,33,0,0,0,153.33333333333334,167,318.6969696969697,671.8787878787879
Chole_mRNA,44,86,0044_R0086,0.32234048207270366,0.32234048207270366,4150,4150,27,27,0,0,0,153.7037037037037,170,425.3333333333333,686.4444444444445
Chole_mRNA,44,87,0044_R0087,0.7760048642491014,0.7760048642491014,10053,10053,65,65,0,0,0,154.66153846153847,167,311.61538461538464,689.9846153846154
Chole_mRNA,45,1,0045_R0001,0.7640663278760383,0.7640663278760383,11734,11734,64,64,0,0,0,183.34375,254,58.71875,11.328125
Chole_mRNA,45,2,0045_R0002,0.1313239001036941,0.1313239001036941,1785,1785,11,11,0,0,0,162.27272727272728,180,497.90909090909093,18.636363636363637
Chole_mRNA,45,3,0045_R0003,0.10744682735756789,0.10744682735756789,1455,1455,9,9,0,0,0,161.66666666666666,174,157,19
Chole_mRNA,45,4,0045_R0004,0.0596926818653155,0.0596926818653155,776,776,5,5,0,0,0,155.2,159,355.2,36.6
Chole_mRNA,45,5,0045_R0005,0.25070926383432507,0.25070926383432507,3481.9999999999995,3482,21,21,0,0,0,165.8095238095238,202,240,106
Chole_mRNA,45,6,0045_R0006,1.3013004646638777,1.3013004646638777,28517,28517,109,109,0,0,0,261.6238532110092,582,670.6330275229358,215.9816513761468
Chole_mRNA,45,7,0045_R0007,0.19101658196900959,0.19101658196900959,2710,2710,16,16,0,0,0,169.375,188,633.5,218
Chole_mRNA,45,8,0045_R0008,1.0386526644564895,1.0386526644564895,18544,18544,87,87,0,0,0,213.1494252873563,484,647.9540229885057,226.22988505747125
Chole_mRNA,45,9,0045_R0009,0.1552009728498203,0.1552009728498203,2114,2114,13,13,0,0,0,162.6153846153846,181,139.3846153846154,223.3846153846154
Chole_mRNA,45,10,0045_R0010,0.047754145492252396,0.047754145492252396,632,632,4,4,0,0,0,158,164,662.5,229.5
Chole_mRNA,45,11,0045_R0011,3.0920809206233426,3.0920809206233426,47217,47217,259,259,0,0,0,182.3050193050193,502,639.7065637065637,253.20849420849422
Chole_mRNA,45,12,0045_R0012,0.21489365471513577,0.21489365471513577,3050,3050,18,18,0,0,0,169.44444444444446,199,379.5,250.22222222222223
Chole_mRNA,45,13,0045_R0013,0.2626478002073882,0.2626478002073882,3483,3483,22,22,0,0,0,158.3181818181818,173,268.6363636363636,273.6363636363636
Chole_mRNA,45,14,0045_R0014,0.119385363730631,0.119385363730631,1532,1532,10,10,0,0,0,153.2,163,600,303.8
Chole_mRNA,45,15,0045_R0015,0.7998819369952277,0.7998819369952277,11382,11382,67,67,0,0,0,169.88059701492537,218,592.2835820895523,309.67164179104475
Chole_mRNA,45,16,0045_R0016,0.477541454922524,0.477541454922524,7433,7433,40,40,0,0,0,185.825,262,580.625,315.4
Chole_mRNA,45,17,0045_R0017,0.14326243647675718,0.14326243647675718,1904,1904,12,12,0,0,0,158.66666666666666,172,478.6666666666667,314.9166666666667
Chole_mRNA,45,18,0045_R0018,0.119385363730631,0.119385363730631,1535,1535,10,10,0,0,0,153.5,158,295.5,316.2
Chole_mRNA,45,19,0045_R0019,0.047754145492252396,0.047754145492252396,608,608,4,4,0,0,0,152,154,301.75,318.75
Chole_mRNA,45,20,0045_R0020,0.1313239001036941,0.1313239001036941,1715,1715,11,11,0,0,0,155.9090909090909,169,191.36363636363637,320.90909090909093
Chole_mRNA,45,21,0045_R0021,0.967021446218111,0.967021446218111,20465,20465,81,81,0,0,0,252.65432098765433,633,579.5802469135803,326.3333333333333
Chole_mRNA,45,22,0045_R0022,0.07163121823837859,0.07163121823837859,904,904,6,6,0,0,0,150.66666666666666,155,302.8333333333333,330
Chole_mRNA,45,23,0045_R0023,0.09550829098450479,0.09550829098450479,1264,1264,8,8,0,0,0,158,173,665.5,335
Chole_mRNA,45,24,0045_R0024,15.400711921251398,15.221633875655451,251608,249444,1290,1275,15,0,1,195.64235294117648,609,425.9301960784314,362.2054901960784
Chole_mRNA,45,25,0045_R0025,0.035815609119189296,0.035815609119189296,450,450,3,3,0,0,0,150,153,447.3333333333333,347.3333333333333
Chole_mRNA,45,26,0045_R0026,0.07163121823837859,0.07163121823837859,909,909,6,6,0,0,0,151.5,153,674.1666666666666,352.3333333333333
Chole_mRNA,45,27,0045_R0027,9.897046653269308,9.897046653269308,164945,164945,829,829,0,0,0,198.9686369119421,994,487.97225572979494,368.68275030156815
Chole_mRNA,45,28,0045_R0028,0.1552009728498203,0.1552009728498203,2089,2089,13,13,0,0,0,160.69230769230768,177,293.9230769230769,357.38461538461536
Chole_mRNA,45,29,0045_R0029,0.047754145492252396,0.047754145492252396,599,599,4,4,0,0,0,149.75,153,386.25,361.25
Chole_mRNA,45,30,0045_R0030,0.5372341367878395,0.5372341367878395,6936,6936,45,45,0,0,0,154.13333333333333,166,390.8222222222222,366.64444444444445
Chole_mRNA,45,31,0045_R0031,0.6446809641454073,0.6446809641454073,10062,10062,54,54,0,0,0,186.33333333333334,310,531.7777777777778,368
Chole_mRNA,45,32,0045_R0032,0.023877072746126198,0.023877072746126198,300,300,2,2,0,0,0,150,150,397,372.5
Chole_mRNA,45,33,0045_R0033,0.023877072746126198,0.023877072746126198,304,304,2,2,0,0,0,152,153,399.5,374.5
Chole_mRNA,45,34,0045_R0034,0.9908985189642372,0.9908985189642372,12944,12944,83,83,0,0,0,155.95180722891567,172,695.2168674698795,380.71084337349396
Chole_mRNA,45,35,0045_R0035,0.10744682735756789,0.10744682735756789,1370,1370,9,9,0,0,0,152.22222222222223,160,459.1111111111111,376.44444444444446
Chole_mRNA,45,36,0045_R0036,0.119385363730631,0.119385363730631,1581,1581,10,10,0,0,0,158.1,172,572.6,376.6
Chole_mRNA,45,37,0045_R0037,0.9312058370989217,0.9312058370989217,13916,13916,78,78,0,0,0,178.4102564102564,287,436.6025641025641,380.0897435897436
Chole_mRNA,45,38,0045_R0038,3.0920809206233426,3.0920809206233426,52956,52956,259,259,0,0,0,204.46332046332046,377,518.926640926641,386.26640926640925
Chole_mRNA,45,39,0045_R0039,0.023877072746126198,0.023877072746126198,302,302,2,2,0,0,0,151,152,525.5,378
Chole_mRNA,45,40,0045_R0040,0.6566195005184704,0.6566195005184704,8696,8696,55,55,0,0,0,158.1090909090909,182,139.6727272727273,391.7818181818182
Chole_mRNA,45,41,0045_R0041,4.297873094302716,4.297873094302716,103075,103075,360,360,0,0,0,286.31944444444446,1535,188.17777777777778,398.09722222222223
Chole_mRNA,45,42,0045_R0042,0.4059102366841454,0.4059102366841454,5632,5632,34,34,0,0,0,165.64705882352942,198,502.5882352941176,391.3235294117647
Chole_mRNA,45,43,0045_R0043,0.3104019456996406,0.3104019456996406,4131,4131,26,26,0,0,0,158.8846153846154,180,484.5769230769231,398.34615384615387
Chole_mRNA,45,44,0045_R0044,0.119385363730631,0.119385363730631,1549,1549,10,10,0,0,0,154.9,166,538.5,402
Chole_mRNA,45,45,0045_R0045,0.28652487295351436,0.28652487295351436,3894,3894,24,24,0,0,0,162.25,194,424.7083333333333,414
Chole_mRNA,45,46,0045_R0046,0.2029551183420727,0.2029551183420727,2609,2609,17,17,0,0,0,153.47058823529412,171,461.7647058823529,415
Chole_mRNA,45,47,0045_R0047,0.119385363730631,0.119385363730631,1516,1516,10,10,0,0,0,151.6,155,497.1,416.4
Chole_mRNA,45,48,0045_R0048,1.3371160737830672,1.3371160737830672,18448,18448,112,112,0,0,0,164.71428571428572,223,477.0892857142857,421.33035714285717
Chole_mRNA,45,49,0045_R0049,0.0596926818653155,0.0596926818653155,778,778,5,5,0,0,0,155.6,162,546.4,429.2
Chole_mRNA,45,50,0045_R0050,0.48947999129558706,0.48947999129558706,6515,6515,41,41,0,0,0,158.90243902439025,175,338.5853658536585,444.8292682926829
Chole_mRNA,45,51,0045_R0051,0.07163121823837859,0.07163121823837859,926,926,6,6,0,0,0,154.33333333333334,167,650.1666666666666,455.1666666666667
Chole_mRNA,45,52,0045_R0052,0.035815609119189296,0.035815609119189296,457,457,3,3,0,0,0,152.33333333333334,157,410.6666666666667,459.3333333333333
Chole_mRNA,45,53,0045_R0053,0.023877072746126198,0.023877072746126198,300,300,2,2,0,0,0,150,151,414.5,459
Chole_mRNA,45,54,0045_R0054,3.139835066115595,3.139835066115595,48778,48778,263,263,0,0,0,185.46768060836501,414,419.5665399239544,470.22813688212926
Chole_mRNA,45,55,0045_R0055,0.023877072746126198,0.023877072746126198,306,306,2,2,0,0,0,153,155,407,462.5
Chole_mRNA,45,56,0045_R0056,1.181915100933247,1.181915100933247,16397,16397,99,99,0,0,0,165.62626262626262,192,548.2222222222222,475.3939393939394
Chole_mRNA,45,57,0045_R0057,0.035815609119189296,0.035815609119189296,454,454,3,3,0,0,0,151.33333333333334,154,408.3333333333333,476
Chole_mRNA,45,58,0045_R0058,0.023877072746126198,0.023877072746126198,302,302,2,2,0,0,0,151,152,419.5,480
Chole_mRNA,45,59,0045_R0059,0.023877072746126198,0.023877072746126198,301,301,2,2,0,0,0,150.5,151,409.5,481
Chole_mRNA,45,60,0045_R0060,0.6566195005184704,0.6566195005184704,8460,8460,55,55,0,0,0,153.8181818181818,168,449.3272727272727,485.8909090909091
Chole_mRNA,45,61,0045_R0061,1.2893619282908146,1.2893619282908146,21860,21860,108,108,0,0,0,202.40740740740742,464,525.824074074074,491.712962962963
Chole_mRNA,45,62,0045_R0062,0.1313239001036941,0.1313239001036941,1670,1670,11,11,0,0,0,151.8181818181818,159,362.3636363636364,488.90909090909093
Chole_mRNA,45,63,0045_R0063,1.0147755917103634,1.0147755917103634,18159,18159,85,85,0,0,0,213.63529411764705,474,353.81176470588235,494.6235294117647
Chole_mRNA,45,64,0045_R0064,0.41784877305720847,0.41784877305720847,5347,5347,35,35,0,0,0,152.77142857142857,165,341.34285714285716,494.51428571428573
Chole_mRNA,45,65,0045_R0065,0.9073287643527955,0.9073287643527955,12392,12392,76,76,0,0,0,163.05263157894737,197,384.2763157894737,499.2894736842105
Chole_mRNA,45,66,0045_R0066,0.238770727461262,0.238770727461262,3147,3147,20,20,0,0,0,157.35,170,488.85,499.7
Chole_mRNA,45,67,0045_R0067,0.42978730943027155,0.42978730943027155,5522,5522,36,36,0,0,0,153.38888888888889,170,342.27777777777777,503.94444444444446
Chole_mRNA,45,68,0045_R0068,0.45366438217639776,0.45366438217639776,6067,6067,38,38,0,0,0,159.6578947368421,181,331.2368421052632,508.42105263157896
Chole_mRNA,45,69,0045_R0069,0.4417258458033347,0.4417258458033347,5919,5919,37,37,0,0,0,159.97297297297297,182,389.7027027027027,509.43243243243245
Chole_mRNA,45,70,0045_R0070,0.09550829098450479,0.09550829098450479,1237,1237,8,8,0,0,0,154.625,163,307.125,510.125
Chole_mRNA,45,71,0045_R0071,0.023877072746126198,0.023877072746126198,303,303,2,2,0,0,0,151.5,152,364.5,509
Chole_mRNA,45,72,0045_R0072,0.10744682735756789,0.10744682735756789,1426,1426,9,9,0,0,0,158.44444444444446,172,472.6666666666667,510.8888888888889
Chole_mRNA,45,73,0045_R0073,0.14326243647675718,0.14326243647675718,1813,1813,12,12,0,0,0,151.08333333333334,155,508.5,511.5833333333333
Chole_mRNA,45,74,0045_R0074,0.3462175548188299,0.3462175548188299,4514,4514,29,29,0,0,0,155.6551724137931,165,378.9655172413793,515.6551724137931
Chole_mRNA,45,75,0045_R0075,0.41784877305720847,0.41784877305720847,5935,5935,35,35,0,0,0,169.57142857142858,225,337.37142857142857,521.3714285714286
Chole_mRNA,45,76,0045_R0076,0.07163121823837859,0.07163121823837859,907,907,6,6,0,0,0,151.16666666666666,155,499.5,520
Chole_mRNA,45,77,0045_R0077,0.035815609119189296,0.035815609119189296,451,451,3,3,0,0,0,150.33333333333334,151,382.3333333333333,524
Chole_mRNA,45,78,0045_R0078,0.42978730943027155,0.42978730943027155,5609,5609,36,36,0,0,0,155.80555555555554,184,481.1666666666667,525.4722222222222
Chole_mRNA,45,79,0045_R0079,0.10744682735756789,0.10744682735756789,1385,1385,9,9,0,0,0,153.88888888888889,163,291.8888888888889,529.3333333333334
Chole_mRNA,45,80,0045_R0080,1.1699765645601836,1.1699765645601836,17417,17417,98,98,0,0,0,177.72448979591837,312,383.2857142857143,534.1122448979592
Chole_mRNA,45,81,0045_R0081,0.07163121823837859,0.07163121823837859,913,913,6,6,0,0,0,152.16666666666666,158,488.1666666666667,529.1666666666666
Chole_mRNA,45,82,0045_R0082,3.0920809206233426,3.0920809206233426,49068,49068,259,259,0,0,0,189.45173745173744,546,475.04633204633205,539.3474903474903
Chole_mRNA,45,83,0045_R0083,7.521277915029753,7.50933937865669,127509,127365,630,629,1,0,1,202.4880763116057,883,410.8235294117647,543.6836248012719
Chole_mRNA,45,84,0045_R0084,0.14326243647675718,0.14326243647675718,1902,1902,12,12,0,0,0,158.5,167,629.25,532.6666666666666
Chole_mRNA,45,85,0045_R0085,0.5730497459070287,0.5730497459070287,7535,7535,48,48,0,0,0,156.97916666666666,172,491.4375,544.0833333333334
Chole_mRNA,45,86,0045_R0086,1.3132390010369408,1.3132390010369408,20481,20481,110,110,0,0,0,186.1909090909091,346,288.8181818181818,548.2727272727273
Chole_mRNA,45,87,0045_R0087,0.119385363730631,0.119385363730631,1550,1550,10,10,0,0,0,155,164,583,579.5
Chole_mRNA,45,88,0045_R0088,0.0835697546114417,0.0835697546114417,1051,1051,7,7,0,0,0,150.14285714285714,154,614,591.7142857142857
Chole_mRNA,45,89,0045_R0089,0.1313239001036941,0.1313239001036941,1660,1660,11,11,0,0,0,150.9090909090909,161,570.1818181818181,608
Chole_mRNA,45,90,0045_R0090,0.19101658196900959,0.19101658196900959,2418,2418,16,16,0,0,0,151.125,155,651.375,618.375
Chole_mRNA,45,91,0045_R0091,0.238770727461262,0.238770727461262,3025,3025,20,20,0,0,0,151.25,158,656.15,627.25
Chole_mRNA,45,92,0045_R0092,0.1552009728498203,0.1552009728498203,2023.9999999999998,2024,13,13,0,0,0,155.69230769230768,170,513.6153846153846,627.6153846153846
Chole_mRNA,45,93,0045_R0093,0.14326243647675718,0.14326243647675718,1900,1900,12,12,0,0,0,158.33333333333334,172,595.8333333333334,629
Chole_mRNA,45,94,0045_R0094,0.28652487295351436,0.28652487295351436,3806,3806,24,24,0,0,0,158.58333333333334,174,258.375,633.1666666666666
Chole_mRNA,45,95,0045_R0095,0.0596926818653155,0.0596926818653155,776,776,5,5,0,0,0,155.2,159,342.6,667.8
Chole_mRNA,45,96,0045_R0096,2.399645810985683,2.399645810985683,30909,30909,201,201,0,0,0,153.77611940298507,170,497.2238805970149,681.9154228855722
Chole_mRNA,45,97,0045_R0097,0.0596926818653155,0.0596926818653155,750,750,5,5,0,0,0,150,152,265.4,678.2
Chole_mRNA,45,98,0045_R0098,0.39397170031108225,0.39397170031108225,5860,5860,33,33,0,0,0,177.57575757575756,241,622.5757575757576,690.939393939394
Chole_mRNA,45,99,0045_R0099,0.035815609119189296,0.035815609119189296,452,452,3,3,0,0,0,150.66666666666666,152,684.3333333333334,689.6666666666666
Chole_mRNA,46,1,0046_R0001,0.0596926818653155,0.0596926818653155,792,792,5,5,0,0,0,158.4,166,369,35
Chole_mRNA,46,2,0046_R0002,0.3462175548188299,0.3462175548188299,4842,4842,29,29,0,0,0,166.9655172413793,190,13.482758620689655,90.89655172413794
Chole_mRNA,46,3,0046_R0003,0.28652487295351436,0.28652487295351436,4129,4129,24,24,0,0,0,172.04166666666666,224,427.125,93.33333333333333
Chole_mRNA,46,4,0046_R0004,0.32234048207270366,0.32234048207270366,4850,4850,27,27,0,0,0,179.62962962962962,248,441.74074074074076,107.4074074074074
Chole_mRNA,46,5,0046_R0005,10.20744859896895,10.159694453476698,143184,142603,855,851,4,0,1,167.5710928319624,401,484.1551116333725,182.89541715628673
Chole_mRNA,46,6,0046_R0006,0.0835697546114417,0.0835697546114417,1056,1056,7,7,0,0,0,150.85714285714286,156,521.2857142857143,181.42857142857142
Chole_mRNA,46,7,0046_R0007,0.2745863365804513,0.2745863365804513,4010,4010,23,23,0,0,0,174.34782608695653,217,676.9565217391304,184.6086956521739
Chole_mRNA,46,8,0046_R0008,0.22683219108819888,0.22683219108819888,2867,2867,19,19,0,0,0,150.89473684210526,156,523.8947368421053,187.94736842105263
Chole_mRNA,46,9,0046_R0009,0.1671395092228834,0.1671395092228834,2128,2128,14,14,0,0,0,152,158,55.785714285714285,201.64285714285714
Chole_mRNA,46,10,0046_R0010,0.2029551183420727,0.2029551183420727,2686,2686,17,17,0,0,0,158,171,210.64705882352942,207.58823529411765
Chole_mRNA,46,11,0046_R0011,0.3462175548188299,0.3462175548188299,4732,4732,29,29,0,0,0,163.17241379310346,182,109.89655172413794,208.6551724137931
Chole_mRNA,46,12,0046_R0012,0.3342790184457668,0.3342790184457668,4644,4644,28,28,0,0,0,165.85714285714286,197,489.4642857142857,214.35714285714286
Chole_mRNA,46,13,0046_R0013,0.047754145492252396,0.047754145492252396,605,605,4,4,0,0,0,151.25,153,64.25,221
Chole_mRNA,46,14,0046_R0014,0.5849882822800918,0.5849882822800918,7513.000000000001,7513,49,49,0,0,0,153.3265306122449,161,211.53061224489795,226.6122448979592
Chole_mRNA,46,15,0046_R0015,0.45366438217639776,0.45366438217639776,5780,5780,38,38,0,0,0,152.10526315789474,158,404.89473684210526,229.18421052631578
Chole_mRNA,46,16,0046_R0016,3.8919628576185703,3.8919628576185703,51686,51686,326,326,0,0,0,158.54601226993864,196,424.4447852760736,244.35276073619633
Chole_mRNA,46,17,0046_R0017,0.6685580368915336,0.6685580368915336,8682,8682,56,56,0,0,0,155.03571428571428,163,217,237.48214285714286
Chole_mRNA,46,18,0046_R0018,0.4417258458033347,0.4417258458033347,7111,7111,37,37,0,0,0,192.1891891891892,300,401.7027027027027,241.02702702702703
Chole_mRNA,46,19,0046_R0019,1.181915100933247,1.181915100933247,15415,15415,99,99,0,0,0,155.7070707070707,165,582.6363636363636,262.19191919191917
Chole_mRNA,46,20,0046_R0020,2.4951541019701877,2.4951541019701877,39864,39864,209,209,0,0,0,190.73684210526315,321,419.6363636363636,282.00956937799043
Chole_mRNA,46,21,0046_R0021,0.28652487295351436,0.28652487295351436,3991,3991,24,24,0,0,0,166.29166666666666,193,436.875,281.8333333333333
Chole_mRNA,46,22,0046_R0022,0.023877072746126198,0.023877072746126198,309,309,2,2,0,0,0,154.5,156,50,280.5
Chole_mRNA,46,23,0046_R0023,0.09550829098450479,0.09550829098450479,1221,1221,8,8,0,0,0,152.625,156,163.125,295.25
Chole_mRNA,46,24,0046_R0024,0.5372341367878395,0.5372341367878395,8279,8279,45,45,0,0,0,183.9777777777778,279,422.9555555555556,300.5777777777778
Chole_mRNA,46,25,0046_R0025,1.2893619282908146,1.2893619282908146,16787,16787,108,108,0,0,0,155.4351851851852,167,263.44444444444446,304.4537037037037
Chole_mRNA,46,26,0046_R0026,0.477541454922524,0.477541454922524,6161,6161,40,40,0,0,0,154.025,161,251.05,308.025
Chole_mRNA,46,27,0046_R0027,0.6446809641454073,0.6446809641454073,8617,8617,54,54,0,0,0,159.57407407407408,183,298.75925925925924,309.74074074074076
Chole_mRNA,46,28,0046_R0028,0.14326243647675718,0.14326243647675718,1932,1932,12,12,0,0,0,161,182,323.75,313.6666666666667
Chole_mRNA,46,29,0046_R0029,0.1552009728498203,0.1552009728498203,1976,1976,13,13,0,0,0,152,161,240.53846153846155,314.61538461538464
Chole_mRNA,46,30,0046_R0030,0.023877072746126198,0.023877072746126198,310,310,2,2,0,0,0,155,156,292.5,313
Chole_mRNA,46,31,0046_R0031,0.9073287643527955,0.9073287643527955,12340,12340,76,76,0,0,0,162.3684210526316,185,191.98684210526315,325.5131578947368
Chole_mRNA,46,32,0046_R0032,0.023877072746126198,0.023877072746126198,317,317,2,2,0,0,0,158.5,160,563.5,323
Chole_mRNA,46,33,0046_R0033,0.023877072746126198,0.023877072746126198,308,308,2,2,0,0,0,154,154,234,324.5
Chole_mRNA,46,34,0046_R0034,0.38203316393801917,0.38203316393801917,5062,5062,32,32,0,0,0,158.1875,178,357.71875,332.3125
Chole_mRNA,46,35,0046_R0035,0.32234048207270366,0.32234048207270366,4272,4272,27,27,0,0,0,158.22222222222223,177,254.2962962962963,338.4074074074074
Chole_mRNA,46,36,0046_R0036,1.9459814288092852,1.9459814288092852,27574,27574,163,163,0,0,0,169.16564417177915,208,59.77300613496933,345.92024539877303
Chole_mRNA,46,37,0046_R0037,0.22683219108819888,0.22683219108819888,2881,2881,19,19,0,0,0,151.6315789473684,159,215.52631578947367,342
Chole_mRNA,46,38,0046_R0038,0.4059102366841454,0.4059102366841454,5341,5341,34,34,0,0,0,157.08823529411765,169,136.41176470588235,346.11764705882354
Chole_mRNA,46,39,0046_R0039,0.023877072746126198,0.023877072746126198,309,309,2,2,0,0,0,154.5,156,248.5,343
Chole_mRNA,46,40,0046_R0040,0.10744682735756789,0.10744682735756789,1383,1383,9,9,0,0,0,153.66666666666666,164,231,347
Chole_mRNA,46,41,0046_R0041,0.07163121823837859,0.07163121823837859,918,918,6,6,0,0,0,153,157,176.33333333333334,349.1666666666667
Chole_mRNA,46,42,0046_R0042,0.17907804559594648,0.17907804559594648,2264,2264,15,15,0,0,0,150.93333333333334,157,355.6,355
Chole_mRNA,46,43,0046_R0043,0.3104019456996406,0.3104019456996406,4008,4008,26,26,0,0,0,154.15384615384616,163,235.53846153846155,360.38461538461536
Chole_mRNA,46,44,0046_R0044,0.21489365471513577,0.21489365471513577,2754,2754,18,18,0,0,0,153,160,315.6666666666667,359
Chole_mRNA,46,45,0046_R0045,1.1580380281871205,1.1580380281871205,16777,16777,97,97,0,0,0,172.95876288659792,214,66.50515463917526,368.4639175257732
Chole_mRNA,46,46,0046_R0046,0.0835697546114417,0.0835697546114417,1068,1068,7,7,0,0,0,152.57142857142858,157,252,365
Chole_mRNA,46,47,0046_R0047,3.0562653115041534,3.0562653115041534,40750,40750,256,256,0,0,0,159.1796875,185,581.43359375,377.328125
Chole_mRNA,46,48,0046_R0048,0.047754145492252396,0.047754145492252396,608,608,4,4,0,0,0,152,155,73.5,374.5
Chole_mRNA,46,49,0046_R0049,0.46560291854946084,0.46560291854946084,6331,6331,39,39,0,0,0,162.33333333333334,186,241.30769230769232,379.0769230769231
Chole_mRNA,46,50,0046_R0050,0.047754145492252396,0.047754145492252396,615,615,4,4,0,0,0,153.75,157,422.5,377.5
Chole_mRNA,46,51,0046_R0051,3.6770692029034344,3.6770692029034344,47807.99999999999,47808,308,308,0,0,0,155.2207792207792,171,442.4123376623377,394.6525974025974
Chole_mRNA,46,52,0046_R0052,0.42978730943027155,0.42978730943027155,5542,5542,36,36,0,0,0,153.94444444444446,165,284.8333333333333,384.69444444444446
Chole_mRNA,46,53,0046_R0053,0.728250718756849,0.728250718756849,9682,9682,61,61,0,0,0,158.72131147540983,181,200.44262295081967,389.04918032786884
Chole_mRNA,46,54,0046_R0054,1.790780455959465,1.790780455959465,24855,24855,150,150,0,0,0,165.7,189,565.1333333333333,395.25333333333333
Chole_mRNA,46,55,0046_R0055,2.9368799477735226,2.9368799477735226,44549,44549,246,246,0,0,0,181.09349593495935,264,542.0040650406504,400.8048780487805
Chole_mRNA,46,56,0046_R0056,0.5611112095339656,0.5611112095339656,10320,10320,47,47,0,0,0,219.5744680851064,443,616.936170212766,395.70212765957444
Chole_mRNA,46,57,0046_R0057,2.9249414114004595,2.9249414114004595,39442,39442,245,245,0,0,0,160.9877551020408,186,276.9102040816326,401.6857142857143
Chole_mRNA,46,58,0046_R0058,0.035815609119189296,0.035815609119189296,457,457,3,3,0,0,0,152.33333333333334,155,465.3333333333333,397.3333333333333
Chole_mRNA,46,59,0046_R0059,2.2086292290166734,2.2086292290166734,33083,33083,185,185,0,0,0,178.82702702702701,245,225.7783783783784,408.20540540540543
Chole_mRNA,46,60,0046_R0060,10.625297372026159,10.613358835653095,161411,161268,890,889,1,0,1,181.40382452193475,241,473.1203599550056,420.0191226096738
Chole_mRNA,46,61,0046_R0061,4.142672121452895,4.142672121452895,56150.00000000001,56150,347,347,0,0,0,161.8155619596542,191,510.1844380403458,414.71181556195967
Chole_mRNA,46,62,0046_R0062,0.7760048642491014,0.7760048642491014,10432,10432,65,65,0,0,0,160.4923076923077,177,374.7076923076923,412.8
Chole_mRNA,46,63,0046_R0063,0.047754145492252396,0.047754145492252396,614,614,4,4,0,0,0,153.5,158,362.5,413.5
Chole_mRNA,46,64,0046_R0064,0.35815609119189296,0.35815609119189296,4690,4690,30,30,0,0,0,156.33333333333334,168,385.1666666666667,416.1
Chole_mRNA,46,65,0046_R0065,0.0835697546114417,0.0835697546114417,1071,1071,7,7,0,0,0,153,157,205.28571428571428,418
Chole_mRNA,46,66,0046_R0066,0.14326243647675718,0.14326243647675718,1868,1868,12,12,0,0,0,155.66666666666666,164,231.83333333333334,418.5833333333333
Chole_mRNA,46,67,0046_R0067,0.1313239001036941,0.1313239001036941,1749,1749,11,11,0,0,0,159,169,442,422
Chole_mRNA,46,68,0046_R0068,0.1313239001036941,0.1313239001036941,1658,1658,11,11,0,0,0,150.72727272727272,153,226.27272727272728,424.72727272727275
Chole_mRNA,46,69,0046_R0069,0.047754145492252396,0.047754145492252396,623,623,4,4,0,0,0,155.75,158,450.5,429.5
Chole_mRNA,46,70,0046_R0070,0.0835697546114417,0.0835697546114417,1054,1054,7,7,0,0,0,150.57142857142858,153,277.85714285714283,434
Chole_mRNA,46,71,0046_R0071,0.5491726731609026,0.5491726731609026,7521,7521,46,46,0,0,0,163.5,183,371.60869565217394,438.2826086956522
Chole_mRNA,46,72,0046_R0072,4.190426266945148,4.190426266945148,56574,56574,351,351,0,0,0,161.17948717948718,186,224.07407407407408,452.2279202279202
Chole_mRNA,46,73,0046_R0073,0.035815609119189296,0.035815609119189296,457,457,3,3,0,0,0,152.33333333333334,155,190.66666666666666,444.6666666666667
Chole_mRNA,46,74,0046_R0074,0.5133570640417132,0.5133570640417132,6826,6826,43,43,0,0,0,158.74418604651163,181,197.06976744186048,448.1162790697674
Chole_mRNA,46,75,0046_R0075,0.023877072746126198,0.023877072746126198,301,301,2,2,0,0,0,150.5,151,243.5,445
Chole_mRNA,46,76,0046_R0076,0.48947999129558706,0.48947999129558706,7517,7517,41,41,0,0,0,183.34146341463415,263,351.1219512195122,460.8780487804878
Chole_mRNA,46,77,0046_R0077,0.07163121823837859,0.07163121823837859,955,955,6,6,0,0,0,159.16666666666666,162,503,459.5
Chole_mRNA,46,78,0046_R0078,0.07163121823837859,0.07163121823837859,947,947,6,6,0,0,0,157.83333333333334,161,462.8333333333333,460.8333333333333
Chole_mRNA,46,79,0046_R0079,0.1552009728498203,0.1552009728498203,2084,2084,13,13,0,0,0,160.30769230769232,173,469.15384615384613,461.46153846153845
Chole_mRNA,46,80,0046_R0080,0.2029551183420727,0.2029551183420727,2675,2675,17,17,0,0,0,157.35294117647058,172,289.11764705882354,472.4117647058824
Chole_mRNA,46,81,0046_R0081,0.10744682735756789,0.10744682735756789,1427,1427,9,9,0,0,0,158.55555555555554,169,581.1111111111111,491.6666666666667
Chole_mRNA,46,82,0046_R0082,0.48947999129558706,0.48947999129558706,6228,6228,41,41,0,0,0,151.90243902439025,159,253.65853658536585,497.9756097560976
Chole_mRNA,46,83,0046_R0083,0.035815609119189296,0.035815609119189296,466,466,3,3,0,0,0,155.33333333333334,156,548.3333333333334,501.6666666666667
Chole_mRNA,46,84,0046_R0084,0.023877072746126198,0.023877072746126198,308,308,2,2,0,0,0,154,155,441.5,512
Chole_mRNA,46,85,0046_R0085,0.32234048207270366,0.32234048207270366,4429,4429,27,27,0,0,0,164.03703703703704,194,250.55555555555554,517.4074074074074
Chole_mRNA,46,86,0046_R0086,0.3700946275649561,0.3700946275649561,5493,5493,31,31,0,0,0,177.19354838709677,219,693.258064516129,521.4193548387096
Chole_mRNA,46,87,0046_R0087,0.023877072746126198,0.023877072746126198,306,306,2,2,0,0,0,153,153,507,528.5
Chole_mRNA,46,88,0046_R0088,0.119385363730631,0.119385363730631,1571,1571,10,10,0,0,0,157.1,165,648.2,594.3
Chole_mRNA,46,89,0046_R0089,0.1671395092228834,0.1671395092228834,2293,2293,14,14,0,0,0,163.78571428571428,181,654.6428571428571,625.2142857142857
Chole_mRNA,46,90,0046_R0090,0.238770727461262,0.22683219108819888,3037,2893,20,19,1,0,1,152.26315789473685,157,575.8947368421053,653.2105263157895
Chole_mRNA,46,91,0046_R0091,0.10744682735756789,0.10744682735756789,1371,1371,9,9,0,0,0,152.33333333333334,157,578,669.7777777777778
Chole_mRNA,46,92,0046_R0092,0.023877072746126198,0.023877072746126198,309,309,2,2,0,0,0,154.5,157,687.5,683
Chole_mRNA,46,93,0046_R0093,0.6924351096376598,0.6924351096376598,10609,10609,58,58,0,0,0,182.91379310344828,248,601.2586206896551,691.7241379310345
Chole_mRNA,47,1,0047_R0001,0.2984634093265775,0.2984634093265775,3908,3908,25,25,0,0,0,156.32,168,622.32,0.64
Chole_mRNA,47,2,0047_R0002,1.707210701348023,1.707210701348023,22195,22195,143,143,0,0,0,155.2097902097902,170,409.2307692307692,16.244755244755243
Chole_mRNA,47,3,0047_R0003,1.19385363730631,1.19385363730631,15774,15774,100,100,0,0,0,157.74,173,447.44,21.96
Chole_mRNA,47,4,0047_R0004,0.46560291854946084,0.46560291854946084,6921,6921,39,39,0,0,0,177.46153846153845,250,457.87179487179486,30.871794871794872
Chole_mRNA,47,5,0047_R0005,0.238770727461262,0.238770727461262,3452,3452,20,20,0,0,0,172.6,215,517.9,44.95
Chole_mRNA,47,6,0047_R0006,0.477541454922524,0.477541454922524,6368,6368,40,40,0,0,0,159.2,173,546.35,49.3
Chole_mRNA,47,7,0047_R0007,0.047754145492252396,0.047754145492252396,621,621,4,4,0,0,0,155.25,159,450.5,49.5
Chole_mRNA,47,8,0047_R0008,0.119385363730631,0.119385363730631,1579,1579,10,10,0,0,0,157.9,171,500.5,51.5
Chole_mRNA,47,9,0047_R0009,0.047754145492252396,0.047754145492252396,615,615,4,4,0,0,0,153.75,160,540.5,51.5
Chole_mRNA,47,10,0047_R0010,0.5849882822800918,0.5849882822800918,7813.000000000001,7813,49,49,0,0,0,159.44897959183675,175,509.2448979591837,64.08163265306122
Chole_mRNA,47,11,0047_R0011,0.38203316393801917,0.38203316393801917,5589,5589,32,32,0,0,0,174.65625,245,448.5,72.5
Chole_mRNA,47,12,0047_R0012,0.3104019456996406,0.2984634093265775,3936,3790,26,25,1,0,1,151.6,157,438.16,77
Chole_mRNA,47,13,0047_R0013,0.6924351096376598,0.6924351096376598,9402,9402,58,58,0,0,0,162.10344827586206,183,432.7758620689655,93.24137931034483
Chole_mRNA,47,14,0047_R0014,0.2029551183420727,0.2029551183420727,2603,2603,17,17,0,0,0,153.11764705882354,160,444.11764705882354,96.52941176470588
Chole_mRNA,47,15,0047_R0015,0.17907804559594648,0.17907804559594648,2313,2313,15,15,0,0,0,154.2,164,421.8666666666667,115.06666666666666
Chole_mRNA,47,16,0047_R0016,0.4059102366841454,0.4059102366841454,5261,5261,34,34,0,0,0,154.73529411764707,161,456.8235294117647,119.5
Chole_mRNA,47,17,0047_R0017,0.14326243647675718,0.14326243647675718,1897,1897,12,12,0,0,0,158.08333333333334,173,376.5,135.5
Chole_mRNA,47,18,0047_R0018,1.8504731378247803,1.8504731378247803,25661,25661,155,155,0,0,0,165.55483870967743,186,417.18709677419355,144.21935483870968
Chole_mRNA,47,19,0047_R0019,0.1313239001036941,0.1313239001036941,1672,1672,11,11,0,0,0,152,156,379.27272727272725,142.9090909090909
Chole_mRNA,47,20,0047_R0020,0.0835697546114417,0.0835697546114417,1088,1088,7,7,0,0,0,155.42857142857142,158,220.71428571428572,153.57142857142858
Chole_mRNA,47,21,0047_R0021,0.1313239001036941,0.1313239001036941,1795,1795,11,11,0,0,0,163.1818181818182,174,235.0909090909091,176.63636363636363
Chole_mRNA,47,22,0047_R0022,1.062529737202616,1.062529737202616,13689.000000000002,13689,89,89,0,0,0,153.80898876404495,169,661.3258426966293,201.13483146067415
Chole_mRNA,47,23,0047_R0023,8.870332525185882,8.85839398881282,158713,158568,743,742,1,0,1,213.70350404312669,624,469.6280323450135,208.6266846361186
Chole_mRNA,47,24,0047_R0024,1.1102838826948682,1.1102838826948682,17253,17253,93,93,0,0,0,185.51612903225808,279,630.8924731182796,201.67741935483872
Chole_mRNA,47,25,0047_R0025,0.19101658196900959,0.19101658196900959,2648,2648,16,16,0,0,0,165.5,193,200.5,203
Chole_mRNA,47,26,0047_R0026,3.6651306665303713,3.6651306665303713,55979,55979,307,307,0,0,0,182.34201954397395,224,629.7394136807818,222.3615635179153
Chole_mRNA,47,27,0047_R0027,3.032388238758027,3.032388238758027,61844,61844,254,254,0,0,0,243.48031496062993,626,600.3070866141733,218.94094488188978
Chole_mRNA,47,28,0047_R0028,0.14326243647675718,0.14326243647675718,1820,1820,12,12,0,0,0,151.66666666666666,157,667.1666666666666,213.58333333333334
Chole_mRNA,47,29,0047_R0029,0.035815609119189296,0.035815609119189296,461,461,3,3,0,0,0,153.66666666666666,156,610,213.33333333333334
Chole_mRNA,47,30,0047_R0030,0.1671395092228834,0.1671395092228834,2358,2358,14,14,0,0,0,168.42857142857142,193,83.5,218.5
Chole_mRNA,47,31,0047_R0031,0.023877072746126198,0.023877072746126198,305,305,2,2,0,0,0,152.5,155,653,229.5
Chole_mRNA,47,32,0047_R0032,0.21489365471513577,0.21489365471513577,2769,2769,18,18,0,0,0,153.83333333333334,164,447.22222222222223,238.88888888888889
Chole_mRNA,47,33,0047_R0033,0.023877072746126198,0.023877072746126198,303,303,2,2,0,0,0,151.5,153,618.5,244.5
Chole_mRNA,47,34,0047_R0034,0.023877072746126198,0.023877072746126198,307,307,2,2,0,0,0,153.5,155,290,256.5
Chole_mRNA,47,35,0047_R0035,0.22683219108819888,0.22683219108819888,3103,3103,19,19,0,0,0,163.31578947368422,191,544.8421052631579,258.8421052631579
Chole_mRNA,47,36,0047_R0036,1.7191492377210862,1.7191492377210862,37421,37421,144,144,0,0,0,259.86805555555554,635,612.9375,295.8263888888889
Chole_mRNA,47,37,0047_R0037,0.119385363730631,0.119385363730631,1581,1581,10,10,0,0,0,158.1,172,470.5,295.2
Chole_mRNA,47,38,0047_R0038,0.047754145492252396,0.047754145492252396,616,616,4,4,0,0,0,154,162,116.5,322
Chole_mRNA,47,39,0047_R0039,0.2626478002073882,0.2626478002073882,3436,3436,22,22,0,0,0,156.1818181818182,164,687.2272727272727,323.27272727272725
Chole_mRNA,47,40,0047_R0040,0.3462175548188299,0.3462175548188299,4422,4422,29,29,0,0,0,152.48275862068965,158,194.44827586206895,348.9655172413793
Chole_mRNA,47,41,0047_R0041,0.023877072746126198,0.023877072746126198,303,303,2,2,0,0,0,151.5,154,211,348.5
Chole_mRNA,47,42,0047_R0042,0.22683219108819888,0.22683219108819888,3011.9999999999995,3012,19,19,0,0,0,158.52631578947367,175,632.1578947368421,350.3157894736842
Chole_mRNA,47,43,0047_R0043,0.22683219108819888,0.22683219108819888,2880,2880,19,19,0,0,0,151.57894736842104,159,223.21052631578948,352.36842105263156
Chole_mRNA,47,44,0047_R0044,0.0596926818653155,0.0596926818653155,763,763,5,5,0,0,0,152.6,154,341.6,375.2
Chole_mRNA,47,45,0047_R0045,0.19101658196900959,0.19101658196900959,2446,2446,16,16,0,0,0,152.875,157,238.375,379.9375
Chole_mRNA,47,46,0047_R0046,0.41784877305720847,0.41784877305720847,6447,6447,35,35,0,0,0,184.2,255,449.57142857142856,390.22857142857146
Chole_mRNA,47,47,0047_R0047,0.19101658196900959,0.19101658196900959,2587,2587,16,16,0,0,0,161.6875,174,469.375,399.25
Chole_mRNA,47,48,0047_R0048,0.10744682735756789,0.10744682735756789,1391,1391,9,9,0,0,0,154.55555555555554,161,433,426
Chole_mRNA,47,49,0047_R0049,0.2626478002073882,0.2626478002073882,3669,3669,22,22,0,0,0,166.77272727272728,205,420.09090909090907,432.90909090909093
Chole_mRNA,47,50,0047_R0050,0.023877072746126198,0.023877072746126198,306,306,2,2,0,0,0,153,153,427.5,431
Chole_mRNA,47,51,0047_R0051,0.07163121823837859,0.07163121823837859,933,933,6,6,0,0,0,155.5,160,433.5,433
Chole_mRNA,47,52,0047_R0052,0.047754145492252396,0.047754145492252396,612,612,4,4,0,0,0,153,155,140,435.25
Chole_mRNA,47,53,0047_R0053,0.035815609119189296,0.035815609119189296,451,451,3,3,0,0,0,150.33333333333334,151,183.33333333333334,442.6666666666667
Chole_mRNA,47,54,0047_R0054,9.01359496166264,8.989717888916514,123904,123615,755,753,2,0,1,164.16334661354583,217,334.55245683930946,470.867197875166
Chole_mRNA,47,55,0047_R0055,0.728250718756849,0.728250718756849,9624,9624,61,61,0,0,0,157.7704918032787,174,133.78688524590163,466.4754098360656
Chole_mRNA,47,56,0047_R0056,0.0835697546114417,0.0835697546114417,1085,1085,7,7,0,0,0,155,160,151.28571428571428,470.57142857142856
Chole_mRNA,47,57,0047_R0057,0.023877072746126198,0.023877072746126198,306,306,2,2,0,0,0,153,155,317.5,473
Chole_mRNA,47,58,0047_R0058,2.2444448381358626,2.2205677653897364,29142.999999999996,28852,188,186,2,0,1,155.11827956989248,171,115.40860215053763,483.7096774193548
Chole_mRNA,47,59,0047_R0059,0.7521277915029753,0.7521277915029753,9668,9668,63,63,0,0,0,153.46031746031747,173,301.58730158730157,490.06349206349205
Chole_mRNA,47,60,0047_R0060,0.023877072746126198,0.023877072746126198,303,303,2,2,0,0,0,151.5,152,313.5,485
Chole_mRNA,47,61,0047_R0061,0.7043736460107228,0.7043736460107228,9225,9225,59,59,0,0,0,156.35593220338984,178,320.76271186440675,498.03389830508473
Chole_mRNA,47,62,0047_R0062,7.222814505703175,7.055674996480292,94933,92883,605,591,14,0,1,157.16243654822335,220,364.8595600676819,516.3840947546531
Chole_mRNA,47,63,0047_R0063,0.39397170031108225,0.39397170031108225,5625,5625,33,33,0,0,0,170.45454545454547,223,343.6969696969697,522.4545454545455
Chole_mRNA,47,64,0047_R0064,0.023877072746126198,0.023877072746126198,305,305,2,2,0,0,0,152.5,155,357.5,525
Chole_mRNA,47,65,0047_R0065,0.023877072746126198,0.023877072746126198,313,313,2,2,0,0,0,156.5,162,366,534.5
Chole_mRNA,47,66,0047_R0066,0.5252956004147764,0.5252956004147764,6945,6945,44,44,0,0,0,157.8409090909091,171,393.0681818181818,593.7045454545455
Chole_mRNA,47,67,0047_R0067,0.0835697546114417,0.0835697546114417,1111,1111,7,7,0,0,0,158.71428571428572,170,520.7142857142857,593
Chole_mRNA,47,68,0047_R0068,0.1313239001036941,0.1313239001036941,1694,1694,11,11,0,0,0,154,164,570.3636363636364,598.9090909090909
Chole_mRNA,47,69,0047_R0069,0.047754145492252396,0.047754145492252396,604,604,4,4,0,0,0,151,154,13.5,601.5
Chole_mRNA,47,70,0047_R0070,0.047754145492252396,0.047754145492252396,613,613,4,4,0,0,0,153.25,156,388.5,637
Chole_mRNA,47,71,0047_R0071,0.9192673007258586,0.9192673007258586,12121,12121,77,77,0,0,0,157.41558441558442,175,427.72727272727275,645.7792207792207
Chole_mRNA,47,72,0047_R0072,0.047754145492252396,0.047754145492252396,607,607,4,4,0,0,0,151.75,157,197,647.75
Chole_mRNA,47,73,0047_R0073,1.0386526644564895,1.0386526644564895,13678,13678,87,87,0,0,0,157.2183908045977,176,147.71264367816093,659.3563218390805
Chole_mRNA,47,74,0047_R0074,13.430853419695987,13.430853419695987,268596,268596,1125,1125,0,0,0,238.752,1146,312.66755555555557,670.0631111111111
Chole_mRNA,47,75,0047_R0075,0.2626478002073882,0.2626478002073882,3347,3347,22,22,0,0,0,152.13636363636363,158,423.5,658
Chole_mRNA,47,76,0047_R0076,10.756621272129852,10.326833962699581,139445,134191,901,865,36,0,1,155.13410404624278,227,440.7329479768786,675.2589595375723
Chole_mRNA,47,77,0047_R0077,0.3700946275649561,0.3700946275649561,4722,4722,31,31,0,0,0,152.32258064516128,159,157.67741935483872,662.258064516129
Chole_mRNA,47,78,0047_R0078,0.2029551183420727,0.2029551183420727,2584,2584,17,17,0,0,0,152,158,202.76470588235293,660.6470588235294
Chole_mRNA,47,79,0047_R0079,0.8356975461144169,0.8356975461144169,11471.999999999998,11472,70,70,0,0,0,163.88571428571427,217,412.37142857142857,663.6857142857143
Chole_mRNA,47,80,0047_R0080,0.9431443734719849,0.9431443734719849,13170,13170,79,79,0,0,0,166.70886075949366,196,147.22784810126583,677.5189873417721
Chole_mRNA,47,81,0047_R0081,0.119385363730631,0.119385363730631,1555,1555,10,10,0,0,0,155.5,164,340.8,672.1
Chole_mRNA,47,82,0047_R0082,0.023877072746126198,0.023877072746126198,306,306,2,2,0,0,0,153,155,482.5,677
Chole_mRNA,47,83,0047_R0083,0.035815609119189296,0.035815609119189296,460,460,3,3,0,0,0,153.33333333333334,157,425.6666666666667,679
Chole_mRNA,47,84,0047_R0084,0.023877072746126198,0.023877072746126198,304,304,2,2,0,0,0,152,153,455,679.5
Chole_mRNA,47,85,0047_R0085,0.023877072746126198,0.023877072746126198,303,303,2,2,0,0,0,151.5,154,421.5,681
Chole_mRNA,47,86,0047_R0086,0.047754145492252396,0.047754145492252396,612,612,4,4,0,0,0,153,155,583,694.75
Chole_mRNA,48,1,0048_R0001,0.2029551183420727,0.2029551183420727,2675,2675,17,17,0,0,0,157.35294117647058,169,396.11764705882354,64.41176470588235
Chole_mRNA,48,2,0048_R0002,1.3490546101561303,1.3490546101561303,21446,21446,113,113,0,0,0,189.78761061946904,248,577.5309734513274,106.16814159292035
Chole_mRNA,48,3,0048_R0003,0.6804965732645967,0.6804965732645967,9211,9211,57,57,0,0,0,161.59649122807016,179,608.7368421052631,111.70175438596492
Chole_mRNA,48,4,0048_R0004,0.035815609119189296,0.035815609119189296,457,457,3,3,0,0,0,152.33333333333334,153,482.3333333333333,114.66666666666667
Chole_mRNA,48,5,0048_R0005,0.32234048207270366,0.32234048207270366,4196,4196,27,27,0,0,0,155.40740740740742,169,676.3333333333334,118.18518518518519
Chole_mRNA,48,6,0048_R0006,0.1671395092228834,0.1671395092228834,2137,2137,14,14,0,0,0,152.64285714285714,156,619.3571428571429,149
Chole_mRNA,48,7,0048_R0007,0.047754145492252396,0.047754145492252396,607,607,4,4,0,0,0,151.75,154,400.5,149
Chole_mRNA,48,8,0048_R0008,0.8118204733682908,0.8118204733682908,10692,10692,68,68,0,0,0,157.23529411764707,173,503.72058823529414,197.55882352941177
Chole_mRNA,48,9,0048_R0009,0.0835697546114417,0.0835697546114417,1074,1074,7,7,0,0,0,153.42857142857142,158,494.7142857142857,202
Chole_mRNA,48,10,0048_R0010,1.575886801244329,1.575886801244329,24964,24964,132,132,0,0,0,189.12121212121212,281,663.6212121212121,210.59848484848484
Chole_mRNA,48,11,0048_R0011,2.280260447255052,2.280260447255052,33081,33081,191,191,0,0,0,173.19895287958116,317,691.3560209424083,216.81675392670158
Chole_mRNA,48,12,0048_R0012,0.09550829098450479,0.09550829098450479,1276,1276,8,8,0,0,0,159.5,175,466.75,217.25
Chole_mRNA,48,13,0048_R0013,0.035815609119189296,0.035815609119189296,459,459,3,3,0,0,0,153,155,259.6666666666667,227.66666666666666
Chole_mRNA,48,14,0048_R0014,0.0835697546114417,0.0835697546114417,1072,1072,7,7,0,0,0,153.14285714285714,156,617,234.71428571428572
Chole_mRNA,48,15,0048_R0015,0.035815609119189296,0.035815609119189296,471,471,3,3,0,0,0,157,161,666.3333333333334,263.3333333333333
Chole_mRNA,48,16,0048_R0016,0.17907804559594648,0.17907804559594648,2463,2463,15,15,0,0,0,164.2,191,163.86666666666667,292.46666666666664
Chole_mRNA,48,17,0048_R0017,0.35815609119189296,0.35815609119189296,4623,4623,30,30,0,0,0,154.1,164,166.53333333333333,314.76666666666665
Chole_mRNA,48,18,0048_R0018,0.047754145492252396,0.047754145492252396,616,616,4,4,0,0,0,154,156,376.5,354.5
Chole_mRNA,48,19,0048_R0019,1.814657528705591,1.814657528705591,26234,26234,152,152,0,0,0,172.5921052631579,216,344.61842105263156,376.0657894736842
Chole_mRNA,48,20,0048_R0020,1.5161941193790136,1.5161941193790136,24425,24425,127,127,0,0,0,192.3228346456693,275,87.32283464566929,398.45669291338584
Chole_mRNA,48,21,0048_R0021,0.0596926818653155,0.0596926818653155,757,757,5,5,0,0,0,151.4,156,48.4,394.8
Chole_mRNA,48,22,0048_R0022,0.4059102366841454,0.4059102366841454,5533,5533,34,34,0,0,0,162.73529411764707,181,1.6470588235294117,406.7352941176471
Chole_mRNA,48,23,0048_R0023,0.023877072746126198,0.023877072746126198,304,304,2,2,0,0,0,152,153,126,411.5
Chole_mRNA,48,24,0048_R0024,0.047754145492252396,0.047754145492252396,610,610,4,4,0,0,0,152.5,155,125.5,420
Chole_mRNA,48,25,0048_R0025,2.316076056374241,2.316076056374241,35679,35679,194,194,0,0,0,183.91237113402062,292,110.0618556701031,439.1701030927835
Chole_mRNA,48,26,0048_R0026,0.1313239001036941,0.1313239001036941,1687,1687,11,11,0,0,0,153.36363636363637,157,136.45454545454547,437.3636363636364
Chole_mRNA,48,27,0048_R0027,0.48947999129558706,0.48947999129558706,6616.999999999999,6617,41,41,0,0,0,161.390243902439,181,151.0487804878049,441.2439024390244
Chole_mRNA,48,28,0048_R0028,0.5849882822800918,0.5849882822800918,7656,7656,49,49,0,0,0,156.24489795918367,169,93.3061224489796,445.9795918367347
Chole_mRNA,48,29,0048_R0029,0.0835697546114417,0.0835697546114417,1061,1061,7,7,0,0,0,151.57142857142858,155,132,444.85714285714283
Chole_mRNA,48,30,0048_R0030,0.7401892551299122,0.7401892551299122,10580,10580,62,62,0,0,0,170.6451612903226,204,143.1451612903226,449.9516129032258
Chole_mRNA,48,31,0048_R0031,0.22683219108819888,0.22683219108819888,2921,2921,19,19,0,0,0,153.73684210526315,164,391.63157894736844,451.3157894736842
Chole_mRNA,48,32,0048_R0032,0.3104019456996406,0.3104019456996406,3988,3988,26,26,0,0,0,153.3846153846154,163,124.92307692307692,457.2692307692308
Chole_mRNA,48,33,0048_R0033,0.6327424277723442,0.6327424277723442,8212,8212,53,53,0,0,0,154.9433962264151,170,124.9622641509434,467.07547169811323
Chole_mRNA,48,34,0048_R0034,0.1313239001036941,0.1313239001036941,1679,1679,11,11,0,0,0,152.63636363636363,162,93.18181818181819,465.45454545454544
Chole_mRNA,48,35,0048_R0035,0.45366438217639776,0.45366438217639776,6106,6106,38,38,0,0,0,160.68421052631578,179,111.10526315789474,468.2105263157895
Chole_mRNA,48,36,0048_R0036,2.077305328912979,2.077305328912979,34932,34932,174,174,0,0,0,200.75862068965517,424,120.51149425287356,484.3735632183908
Chole_mRNA,48,37,0048_R0037,0.6685580368915336,0.6685580368915336,9536,9536,56,56,0,0,0,170.28571428571428,225,434.625,485
Chole_mRNA,48,38,0048_R0038,0.9789599825911741,0.9789599825911741,12521,12521,82,82,0,0,0,152.6951219512195,164,50.707317073170735,493.8170731707317
Chole_mRNA,48,39,0048_R0039,0.8715131552336063,0.8715131552336063,13496,13496,73,73,0,0,0,184.87671232876713,306,453.1095890410959,498.6986301369863
Chole_mRNA,48,40,0048_R0040,0.38203316393801917,0.38203316393801917,5306,5306,32,32,0,0,0,165.8125,198,355.5,499.125
Chole_mRNA,48,41,0048_R0041,0.047754145492252396,0.047754145492252396,609,609,4,4,0,0,0,152.25,155,440.75,499.5
Chole_mRNA,48,42,0048_R0042,4.214303339691274,4.214303339691274,89018,89018,353,353,0,0,0,252.17563739376772,1246,442.1586402266289,511.95184135977337
Chole_mRNA,48,43,0048_R0043,0.2029551183420727,0.2029551183420727,2659,2659,17,17,0,0,0,156.41176470588235,166,49.88235294117647,520.4705882352941
Chole_mRNA,48,44,0048_R0044,0.2745863365804513,0.2745863365804513,3523.9999999999995,3524,23,23,0,0,0,153.2173913043478,163,424.3478260869565,521.1304347826087
Chole_mRNA,48,45,0048_R0045,0.5252956004147764,0.5252956004147764,7044,7044,44,44,0,0,0,160.0909090909091,182,358.70454545454544,527.4090909090909
Chole_mRNA,48,46,0048_R0046,0.3104019456996406,0.3104019456996406,4051.0000000000005,4051,26,26,0,0,0,155.80769230769232,165,390.88461538461536,528.2307692307693
Chole_mRNA,48,47,0048_R0047,0.6088653550262181,0.6088653550262181,7871.000000000001,7871,51,51,0,0,0,154.33333333333334,165,419.27450980392155,541.3921568627451
Chole_mRNA,48,48,0048_R0048,0.22683219108819888,0.22683219108819888,2885,2885,19,19,0,0,0,151.8421052631579,156,415.42105263157896,550.6315789473684
Chole_mRNA,48,49,0048_R0049,0.1552009728498203,0.1552009728498203,2025,2025,13,13,0,0,0,155.76923076923077,171,4.769230769230769,557
Chole_mRNA,48,50,0048_R0050,0.023877072746126198,0.023877072746126198,304,304,2,2,0,0,0,152,153,65,558.5
Chole_mRNA,48,51,0048_R0051,0.42978730943027155,0.42978730943027155,6325,6325,36,36,0,0,0,175.69444444444446,227,25.61111111111111,562.1388888888889
Chole_mRNA,48,52,0048_R0052,0.28652487295351436,0.28652487295351436,3658,3658,24,24,0,0,0,152.41666666666666,159,46.25,565.7916666666666
Chole_mRNA,48,53,0048_R0053,0.2745863365804513,0.2745863365804513,3535.9999999999995,3536,23,23,0,0,0,153.7391304347826,164,414.7391304347826,565.7391304347826
Chole_mRNA,48,54,0048_R0054,2.984634093265775,2.984634093265775,39818,39818,250,250,0,0,0,159.272,197,25.724,584.956
Chole_mRNA,48,55,0048_R0055,0.047754145492252396,0.047754145492252396,607,607,4,4,0,0,0,151.75,153,433,571.5
Chole_mRNA,48,56,0048_R0056,0.32234048207270366,0.32234048207270366,4181,4181,27,27,0,0,0,154.85185185185185,165,352.74074074074076,574.8888888888889
Chole_mRNA,48,57,0048_R0057,1.0147755917103634,1.0147755917103634,13767,13767,85,85,0,0,0,161.96470588235294,183,422.61176470588236,612.6941176470589
Chole_mRNA,48,58,0048_R0058,0.2745863365804513,0.2745863365804513,3564,3564,23,23,0,0,0,154.95652173913044,167,387.04347826086956,629.9565217391304
Chole_mRNA,48,59,0048_R0059,0.023877072746126198,0.023877072746126198,312,312,2,2,0,0,0,156,160,618.5,629
Chole_mRNA,48,60,0048_R0060,1.3968087556483826,1.3968087556483826,18839,18839,117,117,0,0,0,161.01709401709402,177,650.2307692307693,635.5811965811965
Chole_mRNA,48,61,0048_R0061,1.2535463191716254,1.2416077827985623,15978,15833,105,104,1,0,1,152.2403846153846,166,615.5,636.4615384615385
Chole_mRNA,48,62,0048_R0062,1.7788419195864018,1.7669033832133387,23490,23345,149,148,1,0,1,157.73648648648648,185,411.2635135135135,647.4594594594595
Chole_mRNA,48,63,0048_R0063,2.4354614201048723,2.4354614201048723,32897,32897,204,204,0,0,0,161.25980392156862,189,669.6813725490196,654.0294117647059
Chole_mRNA,48,64,0048_R0064,0.3700946275649561,0.3700946275649561,4791,4791,31,31,0,0,0,154.5483870967742,163,647.5483870967741,647.9677419354839
Chole_mRNA,48,65,0048_R0065,0.5849882822800918,0.5849882822800918,7532,7532,49,49,0,0,0,153.71428571428572,165,687.5918367346939,659.5714285714286
Chole_mRNA,48,66,0048_R0066,1.0147755917103634,1.0147755917103634,13903,13903,85,85,0,0,0,163.56470588235294,187,414.29411764705884,666.2117647058824
Chole_mRNA,48,67,0048_R0067,0.728250718756849,0.728250718756849,9383,9383,61,61,0,0,0,153.81967213114754,168,680.9344262295082,666.2459016393443
Chole_mRNA,48,68,0048_R0068,0.35815609119189296,0.35815609119189296,4543,4543,30,30,0,0,0,151.43333333333334,157,694.3333333333334,686.4666666666667
Chole_mRNA,48,69,0048_R0069,0.0835697546114417,0.0835697546114417,1104,1104,7,7,0,0,0,157.71428571428572,169,702.7142857142857,694.8571428571429
66DOPC33DOPG_chole_mRNA,49,1,0049_R0001,0.023877072746126198,0.023877072746126198,307,307,2,2,0,0,0,153.5,154,345.5,21
66DOPC33DOPG_chole_mRNA,49,2,0049_R0002,0.119385363730631,0.119385363730631,1595,1595,10,10,0,0,0,159.5,168,443,58.8
66DOPC33DOPG_chole_mRNA,49,3,0049_R0003,0.19101658196900959,0.19101658196900959,2788,2788,16,16,0,0,0,174.25,202,625.5,70.5
66DOPC33DOPG_chole_mRNA,49,4,0049_R0004,0.17907804559594648,0.17907804559594648,2472,2472,15,15,0,0,0,164.8,187,272.06666666666666,80.4
66DOPC33DOPG_chole_mRNA,49,5,0049_R0005,0.047754145492252396,0.047754145492252396,640,640,4,4,0,0,0,160,166,504.5,108.5
66DOPC33DOPG_chole_mRNA,49,6,0049_R0006,0.047754145492252396,0.047754145492252396,636,636,4,4,0,0,0,159,164,545.5,115.5
66DOPC33DOPG_chole_mRNA,49,7,0049_R0007,0.19101658196900959,0.19101658196900959,2516,2516,16,16,0,0,0,157.25,168,318.5,128.1875
66DOPC33DOPG_chole_mRNA,49,8,0049_R0008,0.0835697546114417,0.0835697546114417,1069,1069,7,7,0,0,0,152.71428571428572,161,257.2857142857143,134.57142857142858
66DOPC33DOPG_chole_mRNA,49,9,0049_R0009,0.2029551183420727,0.2029551183420727,2576,2576,17,17,0,0,0,151.52941176470588,157,279.05882352941177,137.52941176470588
66DOPC33DOPG_chole_mRNA,49,10,0049_R0010,0.5372341367878395,0.5372341367878395,7203,7203,45,45,0,0,0,160.06666666666666,180,63.06666666666667,139.46666666666667
66DOPC33DOPG_chole_mRNA,49,11,0049_R0011,1.4803785102598244,1.4803785102598244,26313,26313,124,124,0,0,0,212.2016129032258,356,171.74193548387098,142.33870967741936
66DOPC33DOPG_chole_mRNA,49,12,0049_R0012,5.479788195235963,5.479788195235963,104188,104188,459,459,0,0,0,226.98910675381265,466,127.93899782135077,149.89106753812635
66DOPC33DOPG_chole_mRNA,49,13,0049_R0013,0.2626478002073882,0.2626478002073882,3361,3361,22,22,0,0,0,152.77272727272728,157,235.0909090909091,141.9090909090909
66DOPC33DOPG_chole_mRNA,49,14,0049_R0014,2.5906623929546924,2.5906623929546924,60947.99999999999,60948,217,217,0,0,0,280.8663594470046,653,257.95391705069125,149.44239631336404
66DOPC33DOPG_chole_mRNA,49,15,0049_R0015,0.119385363730631,0.119385363730631,1630,1630,10,10,0,0,0,163,178,638,150.8
66DOPC33DOPG_chole_mRNA,49,16,0049_R0016,0.17907804559594648,0.17907804559594648,2284,2284,15,15,0,0,0,152.26666666666668,161,199.6,161.53333333333333
66DOPC33DOPG_chole_mRNA,49,17,0049_R0017,5.014185276686502,5.014185276686502,81220,81220,420,420,0,0,0,193.38095238095238,344,174.72857142857143,172.46666666666667
66DOPC33DOPG_chole_mRNA,49,18,0049_R0018,0.4417258458033347,0.4417258458033347,6081,6081,37,37,0,0,0,164.35135135135135,189,451.2432432432432,172.48648648648648
66DOPC33DOPG_chole_mRNA,49,19,0049_R0019,0.7760048642491014,0.7760048642491014,10899,10899,65,65,0,0,0,167.6769230769231,197,169.47692307692307,198.66153846153847
66DOPC33DOPG_chole_mRNA,49,20,0049_R0020,0.5014185276686501,0.5014185276686501,7207,7207,42,42,0,0,0,171.5952380952381,218,428.54761904761904,213.8095238095238
66DOPC33DOPG_chole_mRNA,49,21,0049_R0021,11.59231881824427,11.580380281871205,215011,214868,971,970,1,0,1,221.51340206185566,628,175.78865979381445,229.26288659793815
66DOPC33DOPG_chole_mRNA,49,22,0049_R0022,0.21489365471513577,0.21489365471513577,2727,2727,18,18,0,0,0,151.5,157,651.2222222222222,216.16666666666666
66DOPC33DOPG_chole_mRNA,49,23,0049_R0023,0.5611112095339656,0.5611112095339656,7488,7488,47,47,0,0,0,159.31914893617022,179,149.4255319148936,229.85106382978722
66DOPC33DOPG_chole_mRNA,49,24,0049_R0024,0.3104019456996406,0.3104019456996406,4671,4671,26,26,0,0,0,179.65384615384616,230,667.6538461538462,231.34615384615384
66DOPC33DOPG_chole_mRNA,49,25,0049_R0025,0.8595746188605431,0.8595746188605431,11890,11890,72,72,0,0,0,165.13888888888889,203,297.94444444444446,268.84722222222223
66DOPC33DOPG_chole_mRNA,49,26,0049_R0026,0.9192673007258586,0.9192673007258586,13935,13935,77,77,0,0,0,180.97402597402598,250,386.85714285714283,271.1038961038961
66DOPC33DOPG_chole_mRNA,49,27,0049_R0027,4.608275040002356,4.608275040002356,119304,119304,386,386,0,0,0,309.0777202072539,997,484.4896373056995,307.29274611398966
66DOPC33DOPG_chole_mRNA,49,28,0049_R0028,0.8953902279797324,0.8953902279797324,12725,12725,75,75,0,0,0,169.66666666666666,208,386.5466666666667,301.2
66DOPC33DOPG_chole_mRNA,49,29,0049_R0029,0.0835697546114417,0.0835697546114417,1076,1076,7,7,0,0,0,153.71428571428572,162,377,301.2857142857143
66DOPC33DOPG_chole_mRNA,49,30,0049_R0030,0.035815609119189296,0.035815609119189296,457,457,3,3,0,0,0,152.33333333333334,154,449.3333333333333,310.3333333333333
66DOPC33DOPG_chole_mRNA,49,31,0049_R0031,0.967021446218111,0.967021446218111,13325.999999999998,13326,81,81,0,0,0,164.5185185185185,187,387.69135802469134,315.3703703703704
66DOPC33DOPG_chole_mRNA,49,32,0049_R0032,0.3342790184457668,0.3342790184457668,4425,4425,28,28,0,0,0,158.03571428571428,171,420.42857142857144,314.2142857142857
66DOPC33DOPG_chole_mRNA,49,33,0049_R0033,3.402482866322983,3.402482866322983,47075,47075,285,285,0,0,0,165.17543859649123,202,452.4456140350877,321.9263157894737
66DOPC33DOPG_chole_mRNA,49,34,0049_R0034,1.3609931465291933,1.3609931465291933,19890,19890,114,114,0,0,0,174.47368421052633,229,442.87719298245617,339.5175438596491
66DOPC33DOPG_chole_mRNA,49,35,0049_R0035,0.5730497459070287,0.5730497459070287,7512,7512,48,48,0,0,0,156.5,174,465.8333333333333,340.3333333333333
66DOPC33DOPG_chole_mRNA,49,36,0049_R0036,0.10744682735756789,0.10744682735756789,1367,1367,9,9,0,0,0,151.88888888888889,157,155.22222222222223,359.6666666666667
66DOPC33DOPG_chole_mRNA,49,37,0049_R0037,3.2950360389654154,3.2950360389654154,52666,52666,276,276,0,0,0,190.81884057971016,301,55.278985507246375,371.32608695652175
66DOPC33DOPG_chole_mRNA,49,38,0049_R0038,4.620213576375419,4.608275040002356,73626,73480,387,386,1,0,1,190.36269430051814,514,207.73316062176167,376.1943005181347
66DOPC33DOPG_chole_mRNA,49,39,0049_R0039,0.07163121823837859,0.07163121823837859,907,907,6,6,0,0,0,151.16666666666666,156,193.5,368
66DOPC33DOPG_chole_mRNA,49,40,0049_R0040,0.4417258458033347,0.4417258458033347,5771,5771,37,37,0,0,0,155.97297297297297,170,149.48648648648648,374.64864864864865
66DOPC33DOPG_chole_mRNA,49,41,0049_R0041,2.0176126470476636,2.0176126470476636,32901,32901,169,169,0,0,0,194.68047337278105,323,124.63905325443787,385.28402366863907
66DOPC33DOPG_chole_mRNA,49,42,0049_R0042,0.047754145492252396,0.047754145492252396,605,605,4,4,0,0,0,151.25,153,194.25,382.75
66DOPC33DOPG_chole_mRNA,49,43,0049_R0043,0.0835697546114417,0.0835697546114417,1058,1058,7,7,0,0,0,151.14285714285714,153,196.71428571428572,384.2857142857143
66DOPC33DOPG_chole_mRNA,49,44,0049_R0044,0.8118204733682908,0.8118204733682908,10378,10378,68,68,0,0,0,152.61764705882354,160,422.1029411764706,401.97058823529414
66DOPC33DOPG_chole_mRNA,49,45,0049_R0045,0.0596926818653155,0.0596926818653155,766,766,5,5,0,0,0,153.2,155,145.8,398.4
66DOPC33DOPG_chole_mRNA,49,46,0049_R0046,2.9607570205196487,2.9607570205196487,80016,80016,248,248,0,0,0,322.64516129032256,1153,149.31048387096774,411.66129032258067
66DOPC33DOPG_chole_mRNA,49,47,0049_R0047,5.58723502259353,5.58723502259353,104113,104113,468,468,0,0,0,222.4636752136752,555,304.2286324786325,425.09615384615387
66DOPC33DOPG_chole_mRNA,49,48,0049_R0048,0.7521277915029753,0.7521277915029753,11471,11471,63,63,0,0,0,182.0793650793651,264,360.6507936507937,415.92063492063494
66DOPC33DOPG_chole_mRNA,49,49,0049_R0049,1.1580380281871205,1.1580380281871205,15122,15122,97,97,0,0,0,155.89690721649484,170,426.5257731958763,418.7113402061856
66DOPC33DOPG_chole_mRNA,49,50,0049_R0050,2.6145394657008185,2.6145394657008185,64009.99999999999,64010,219,219,0,0,0,292.283105022831,937,147.1917808219178,438.7853881278539
66DOPC33DOPG_chole_mRNA,49,51,0049_R0051,0.5133570640417132,0.5133570640417132,6901,6901,43,43,0,0,0,160.48837209302326,177,130.27906976744185,450.69767441860466
66DOPC33DOPG_chole_mRNA,49,52,0049_R0052,0.25070926383432507,0.25070926383432507,3392,3392,21,21,0,0,0,161.52380952380952,182,478.1904761904762,451
66DOPC33DOPG_chole_mRNA,49,53,0049_R0053,0.5014185276686501,0.5014185276686501,6511,6511,42,42,0,0,0,155.02380952380952,172,443.3095238095238,459.23809523809524
66DOPC33DOPG_chole_mRNA,49,54,0049_R0054,1.8624116741978434,1.8624116741978434,29941,29941,156,156,0,0,0,191.92948717948718,337,295.47435897435895,469.97435897435895
66DOPC33DOPG_chole_mRNA,49,55,0049_R0055,4.906738449328934,4.894799912955871,78703,78558,411,410,1,0,1,191.60487804878048,369,129.37317073170732,486.5975609756098
66DOPC33DOPG_chole_mRNA,49,56,0049_R0056,0.023877072746126198,0.023877072746126198,309,309,2,2,0,0,0,154.5,158,117,480.5
66DOPC33DOPG_chole_mRNA,49,57,0049_R0057,0.3104019456996406,0.3104019456996406,3935,3935,26,26,0,0,0,151.34615384615384,156,410.96153846153845,496.34615384615387
66DOPC33DOPG_chole_mRNA,49,58,0049_R0058,5.706620386324161,5.706620386324161,88148,88148,478,478,0,0,0,184.4100418410042,369,150.80753138075315,517.81589958159
66DOPC33DOPG_chole_mRNA,49,59,0049_R0059,0.35815609119189296,0.35815609119189296,4588,4588,30,30,0,0,0,152.93333333333334,164,271.93333333333334,504.8666666666667
66DOPC33DOPG_chole_mRNA,49,60,0049_R0060,1.181915100933247,1.181915100933247,16421,16421,99,99,0,0,0,165.86868686868686,213,257.9191919191919,508.77777777777777
66DOPC33DOPG_chole_mRNA,49,61,0049_R0061,1.5400711921251398,1.5400711921251398,21262,21262,129,129,0,0,0,164.8217054263566,191,239.33333333333334,521.3720930232558
66DOPC33DOPG_chole_mRNA,49,62,0049_R0062,0.047754145492252396,0.047754145492252396,615,615,4,4,0,0,0,153.75,156,251.25,516
66DOPC33DOPG_chole_mRNA,49,63,0049_R0063,0.1552009728498203,0.1552009728498203,1991,1991,13,13,0,0,0,153.15384615384616,157,632.5384615384615,526.2307692307693
66DOPC33DOPG_chole_mRNA,49,64,0049_R0064,0.10744682735756789,0.10744682735756789,1448,1448,9,9,0,0,0,160.88888888888889,178,641,528
66DOPC33DOPG_chole_mRNA,49,65,0049_R0065,0.09550829098450479,0.09550829098450479,1205,1205,8,8,0,0,0,150.625,152,405.875,559.375
66DOPC33DOPG_chole_mRNA,49,66,0049_R0066,0.1313239001036941,0.1313239001036941,1774,1774,11,11,0,0,0,161.27272727272728,171,602.0909090909091,578.3636363636364
66DOPC33DOPG_chole_mRNA,49,67,0049_R0067,0.48947999129558706,0.48947999129558706,6778,6778,41,41,0,0,0,165.3170731707317,209,547.609756097561,635.0243902439024
66DOPC33DOPG_chole_mRNA,49,68,0049_R0068,0.8834516916066694,0.8834516916066694,11472,11472,74,74,0,0,0,155.02702702702703,168,84.10810810810811,652.5945945945946
66DOPC33DOPG_chole_mRNA,49,69,0049_R0069,1.2177307100524362,1.2177307100524362,16124.000000000002,16124,102,102,0,0,0,158.07843137254903,174,513.1960784313726,653.0294117647059
66DOPC33DOPG_chole_mRNA,49,70,0049_R0070,0.035815609119189296,0.035815609119189296,457,457,3,3,0,0,0,152.33333333333334,154,694.6666666666666,653.3333333333334
66DOPC33DOPG_chole_mRNA,49,71,0049_R0071,0.9192673007258586,0.9192673007258586,12081.000000000002,12081,77,77,0,0,0,156.8961038961039,167,497.87012987012986,662.2987012987013
66DOPC33DOPG_chole_mRNA,49,72,0049_R0072,0.955082909845048,0.955082909845048,17565,17565,80,80,0,0,0,219.5625,389,695.875,669.5
66DOPC33DOPG_chole_mRNA,49,73,0049_R0073,0.2029551183420727,0.2029551183420727,2741,2741,17,17,0,0,0,161.23529411764707,179,442.5882352941176,681.8823529411765
66DOPC33DOPG_chole_mRNA,49,74,0049_R0074,0.22683219108819888,0.22683219108819888,3172,3172,19,19,0,0,0,166.94736842105263,193,649.1578947368421,693.8421052631579
66DOPC33DOPG_chole_mRNA,50,1,0050_R0001,5.050000885805691,5.050000885805691,95569,95569,423,423,0,0,0,225.93144208037825,518,71.73049645390071,4.716312056737588
66DOPC33DOPG_chole_mRNA,50,2,0050_R0002,0.035815609119189296,0.035815609119189296,458,458,3,3,0,0,0,152.66666666666666,155,41.333333333333336,4.666666666666667
66DOPC33DOPG_chole_mRNA,50,3,0050_R0003,0.047754145492252396,0.047754145492252396,646,646,4,4,0,0,0,161.5,171,0,7.5
66DOPC33DOPG_chole_mRNA,50,4,0050_R0004,1.062529737202616,1.062529737202616,21295,21295,89,89,0,0,0,239.26966292134833,427,105.66292134831461,44.741573033707866
66DOPC33DOPG_chole_mRNA,50,5,0050_R0005,7.16312182383786,7.16312182383786,117644,117644,600,600,0,0,0,196.07333333333332,332,338.01,95.875
66DOPC33DOPG_chole_mRNA,50,6,0050_R0006,0.0835697546114417,0.0835697546114417,1125,1125,7,7,0,0,0,160.71428571428572,168,512,97.28571428571429
66DOPC33DOPG_chole_mRNA,50,7,0050_R0007,2.184752156270547,2.184752156270547,41320,41320,183,183,0,0,0,225.79234972677597,490,58.28415300546448,122.74863387978142
66DOPC33DOPG_chole_mRNA,50,8,0050_R0008,0.023877072746126198,0.023877072746126198,309,309,2,2,0,0,0,154.5,156,139.5,121
66DOPC33DOPG_chole_mRNA,50,9,0050_R0009,1.074468273575679,1.074468273575679,17370,17370,90,90,0,0,0,193,309,67.61111111111111,179.37777777777777
66DOPC33DOPG_chole_mRNA,50,10,0050_R0010,15.221633875655451,15.221633875655451,371799,371799,1275,1275,0,0,0,291.6070588235294,1366,110.64078431372549,205.92156862745097
66DOPC33DOPG_chole_mRNA,50,11,0050_R0011,0.023877072746126198,0.023877072746126198,305,305,2,2,0,0,0,152.5,153,95.5,176
66DOPC33DOPG_chole_mRNA,50,12,0050_R0012,0.023877072746126198,0.023877072746126198,310,310,2,2,0,0,0,155,155,77.5,177
66DOPC33DOPG_chole_mRNA,50,13,0050_R0013,0.5491726731609026,0.5491726731609026,7530.999999999999,7531,46,46,0,0,0,163.7173913043478,184,458.19565217391306,181.54347826086956
66DOPC33DOPG_chole_mRNA,50,14,0050_R0014,0.1671395092228834,0.1671395092228834,2349,2349,14,14,0,0,0,167.78571428571428,199,370.2857142857143,182.5
66DOPC33DOPG_chole_mRNA,50,15,0050_R0015,1.5997638739904554,1.5997638739904554,23880,23880,134,134,0,0,0,178.2089552238806,221,446.9776119402985,190.99253731343285
66DOPC33DOPG_chole_mRNA,50,16,0050_R0016,0.2745863365804513,0.2745863365804513,4319,4319,23,23,0,0,0,187.7826086956522,256,392.17391304347825,198
66DOPC33DOPG_chole_mRNA,50,17,0050_R0017,0.10744682735756789,0.10744682735756789,1439,1439,9,9,0,0,0,159.88888888888889,171,415,203
66DOPC33DOPG_chole_mRNA,50,18,0050_R0018,0.1313239001036941,0.1313239001036941,1752,1752,11,11,0,0,0,159.27272727272728,173,422,207
66DOPC33DOPG_chole_mRNA,50,19,0050_R0019,0.5372341367878395,0.5372341367878395,9798,9798,45,45,0,0,0,217.73333333333332,381,401.84444444444443,210.17777777777778
66DOPC33DOPG_chole_mRNA,50,20,0050_R0020,0.14326243647675718,0.14326243647675718,1906,1906,12,12,0,0,0,158.83333333333334,172,353.5,222.5
66DOPC33DOPG_chole_mRNA,50,21,0050_R0021,3.0801423842502795,3.0801423842502795,60011,60011,258,258,0,0,0,232.60077519379846,622,50.52325581395349,233.0891472868217
66DOPC33DOPG_chole_mRNA,50,22,0050_R0022,0.035815609119189296,0.035815609119189296,459,459,3,3,0,0,0,153,156,411.6666666666667,226.66666666666666
66DOPC33DOPG_chole_mRNA,50,23,0050_R0023,2.1131209380321687,2.1131209380321687,31327.000000000004,31327,177,177,0,0,0,176.98870056497177,226,79.32768361581921,239.75706214689265
66DOPC33DOPG_chole_mRNA,50,24,0050_R0024,0.5014185276686501,0.5014185276686501,6803,6803,42,42,0,0,0,161.97619047619048,187,415.54761904761904,235.8095238095238
66DOPC33DOPG_chole_mRNA,50,25,0050_R0025,0.10744682735756789,0.10744682735756789,1438,1438,9,9,0,0,0,159.77777777777777,170,426.6666666666667,242.11111111111111
66DOPC33DOPG_chole_mRNA,50,26,0050_R0026,0.0835697546114417,0.0835697546114417,1082,1082,7,7,0,0,0,154.57142857142858,158,139.42857142857142,247.71428571428572
66DOPC33DOPG_chole_mRNA,50,27,0050_R0027,0.0596926818653155,0.0596926818653155,789,789,5,5,0,0,0,157.8,160,331.2,246.6
66DOPC33DOPG_chole_mRNA,50,28,0050_R0028,0.6685580368915336,0.6685580368915336,10269,10269,56,56,0,0,0,183.375,301,334.0892857142857,257.35714285714283
66DOPC33DOPG_chole_mRNA,50,29,0050_R0029,0.09550829098450479,0.09550829098450479,1232,1232,8,8,0,0,0,154,157,407.875,255.125
66DOPC33DOPG_chole_mRNA,50,30,0050_R0030,0.07163121823837859,0.07163121823837859,950,950,6,6,0,0,0,158.33333333333334,166,406.5,260
66DOPC33DOPG_chole_mRNA,50,31,0050_R0031,0.119385363730631,0.119385363730631,1529,1529,10,10,0,0,0,152.9,157,379.5,264.5
66DOPC33DOPG_chole_mRNA,50,32,0050_R0032,5.670804777204972,5.670804777204972,102881,102881,475,475,0,0,0,216.59157894736842,462,355.1936842105263,275.93684210526317
66DOPC33DOPG_chole_mRNA,50,33,0050_R0033,0.1671395092228834,0.1671395092228834,2228,2228,14,14,0,0,0,159.14285714285714,175,330,267.57142857142856
66DOPC33DOPG_chole_mRNA,50,34,0050_R0034,0.5611112095339656,0.5611112095339656,7402,7402,47,47,0,0,0,157.48936170212767,177,398.48936170212767,279.8723404255319
66DOPC33DOPG_chole_mRNA,50,35,0050_R0035,0.9073287643527955,0.9073287643527955,12357,12357,76,76,0,0,0,162.5921052631579,182,416.2894736842105,281.7894736842105
66DOPC33DOPG_chole_mRNA,50,36,0050_R0036,0.09550829098450479,0.09550829098450479,1253,1253,8,8,0,0,0,156.625,161,381.125,278.875
66DOPC33DOPG_chole_mRNA,50,37,0050_R0037,0.035815609119189296,0.035815609119189296,462,462,3,3,0,0,0,154,157,294.6666666666667,279.3333333333333
66DOPC33DOPG_chole_mRNA,50,38,0050_R0038,0.5372341367878395,0.5372341367878395,7258,7258,45,45,0,0,0,161.2888888888889,177,389.2,285.2
66DOPC33DOPG_chole_mRNA,50,39,0050_R0039,0.6804965732645967,0.6804965732645967,9019,9019,57,57,0,0,0,158.2280701754386,171,463.719298245614,286.89473684210526
66DOPC33DOPG_chole_mRNA,50,40,0050_R0040,4.715721867359924,4.715721867359924,71390,71390,395,395,0,0,0,180.73417721518987,273,282.8405063291139,301.04556962025316
66DOPC33DOPG_chole_mRNA,50,41,0050_R0041,1.6475180194827077,1.6355794831096446,22509,22364,138,137,1,0,1,163.24087591240877,188,439.56934306569343,293.2189781021898
66DOPC33DOPG_chole_mRNA,50,42,0050_R0042,0.10744682735756789,0.10744682735756789,1389,1389,9,9,0,0,0,154.33333333333334,157,301.55555555555554,289.55555555555554
66DOPC33DOPG_chole_mRNA,50,43,0050_R0043,0.28652487295351436,0.28652487295351436,3888,3888,24,24,0,0,0,162,193,336.125,290.6666666666667
66DOPC33DOPG_chole_mRNA,50,44,0050_R0044,0.1552009728498203,0.1552009728498203,2026,2026,13,13,0,0,0,155.84615384615384,164,341.61538461538464,312.38461538461536
66DOPC33DOPG_chole_mRNA,50,45,0050_R0045,0.0596926818653155,0.0596926818653155,768,768,5,5,0,0,0,153.6,156,444.2,314.4
66DOPC33DOPG_chole_mRNA,50,46,0050_R0046,0.6804965732645967,0.6804965732645967,10575,10575,57,57,0,0,0,185.52631578947367,316,390.8070175438597,318.7368421052632
66DOPC33DOPG_chole_mRNA,50,47,0050_R0047,0.07163121823837859,0.07163121823837859,915,915,6,6,0,0,0,152.5,155,270.1666666666667,320.6666666666667
66DOPC33DOPG_chole_mRNA,50,48,0050_R0048,2.5906623929546924,2.5906623929546924,43097,43097,217,217,0,0,0,198.6036866359447,274,458.184331797235,326.70506912442397
66DOPC33DOPG_chole_mRNA,50,49,0050_R0049,0.0835697546114417,0.0835697546114417,1064,1064,7,7,0,0,0,152,155,420,322.57142857142856
66DOPC33DOPG_chole_mRNA,50,50,0050_R0050,0.6327424277723442,0.6327424277723442,8126,8126,53,53,0,0,0,153.32075471698113,160,422.8490566037736,326.9622641509434
66DOPC33DOPG_chole_mRNA,50,51,0050_R0051,0.023877072746126198,0.023877072746126198,303,303,2,2,0,0,0,151.5,152,269.5,324
66DOPC33DOPG_chole_mRNA,50,52,0050_R0052,0.1313239001036941,0.1313239001036941,1677.0000000000002,1677,11,11,0,0,0,152.45454545454547,158,267.72727272727275,326.8181818181818
66DOPC33DOPG_chole_mRNA,50,53,0050_R0053,2.160875083524421,2.160875083524421,34543,34543,181,181,0,0,0,190.84530386740332,288,258.49723756906076,339.7513812154696
66DOPC33DOPG_chole_mRNA,50,54,0050_R0054,0.07163121823837859,0.07163121823837859,933,933,6,6,0,0,0,155.5,163,441,335.5
66DOPC33DOPG_chole_mRNA,50,55,0050_R0055,0.238770727461262,0.238770727461262,3190,3190,20,20,0,0,0,159.5,170,408.9,345.95
66DOPC33DOPG_chole_mRNA,50,56,0050_R0056,0.119385363730631,0.119385363730631,1562,1562,10,10,0,0,0,156.2,161,335.6,366
66DOPC33DOPG_chole_mRNA,50,57,0050_R0057,0.19101658196900959,0.19101658196900959,2552,2552,16,16,0,0,0,159.5,176,415.5,380
66DOPC33DOPG_chole_mRNA,50,58,0050_R0058,0.6924351096376598,0.6924351096376598,8957,8957,58,58,0,0,0,154.43103448275863,163,424.05172413793105,398.3448275862069
66DOPC33DOPG_chole_mRNA,50,59,0050_R0059,0.023877072746126198,0.023877072746126198,305,305,2,2,0,0,0,152.5,154,703,401.5
66DOPC33DOPG_chole_mRNA,50,60,0050_R0060,0.19101658196900959,0.19101658196900959,2484,2484,16,16,0,0,0,155.25,163,190.5,408
66DOPC33DOPG_chole_mRNA,50,61,0050_R0061,0.25070926383432507,0.25070926383432507,3686,3686,21,21,0,0,0,175.52380952380952,223,495.9047619047619,413.57142857142856
66DOPC33DOPG_chole_mRNA,50,62,0050_R0062,0.023877072746126198,0.023877072746126198,307,307,2,2,0,0,0,153.5,155,400,413.5
66DOPC33DOPG_chole_mRNA,50,63,0050_R0063,0.047754145492252396,0.047754145492252396,614,614,4,4,0,0,0,153.5,163,356,421.25
66DOPC33DOPG_chole_mRNA,50,64,0050_R0064,2.375768738239557,2.375768738239557,31374,31374,199,199,0,0,0,157.65829145728642,185,412.9396984924623,430.51256281407035
66DOPC33DOPG_chole_mRNA,50,65,0050_R0065,0.14326243647675718,0.14326243647675718,1888,1888,12,12,0,0,0,157.33333333333334,168,396.25,427.4166666666667
66DOPC33DOPG_chole_mRNA,50,66,0050_R0066,0.32234048207270366,0.32234048207270366,4327,4327,27,27,0,0,0,160.25925925925927,176,334.4074074074074,445.48148148148147
66DOPC33DOPG_chole_mRNA,50,67,0050_R0067,0.047754145492252396,0.047754145492252396,612,612,4,4,0,0,0,153,156,699.5,447.5
66DOPC33DOPG_chole_mRNA,50,68,0050_R0068,0.0596926818653155,0.0596926818653155,799,799,5,5,0,0,0,159.8,170,306.4,448.8
66DOPC33DOPG_chole_mRNA,50,69,0050_R0069,0.2984634093265775,0.2984634093265775,4413,4413,25,25,0,0,0,176.52,217,546.6,450.44
66DOPC33DOPG_chole_mRNA,50,70,0050_R0070,0.1552009728498203,0.1552009728498203,1984.9999999999998,1985,13,13,0,0,0,152.69230769230768,155,62.53846153846154,455.38461538461536
66DOPC33DOPG_chole_mRNA,50,71,0050_R0071,0.07163121823837859,0.07163121823837859,935,935,6,6,0,0,0,155.83333333333334,160,352,457.5
66DOPC33DOPG_chole_mRNA,50,72,0050_R0072,0.07163121823837859,0.07163121823837859,949,949,6,6,0,0,0,158.16666666666666,168,295.3333333333333,461.1666666666667
66DOPC33DOPG_chole_mRNA,50,73,0050_R0073,0.0835697546114417,0.0835697546114417,1107,1107,7,7,0,0,0,158.14285714285714,165,331.7142857142857,465.14285714285717
66DOPC33DOPG_chole_mRNA,50,74,0050_R0074,0.28652487295351436,0.28652487295351436,3975,3975,24,24,0,0,0,165.625,196,311.125,472.25
66DOPC33DOPG_chole_mRNA,50,75,0050_R0075,0.4417258458033347,0.4417258458033347,6175,6175,37,37,0,0,0,166.8918918918919,208,278.43243243243245,482.56756756756755
66DOPC33DOPG_chole_mRNA,50,76,0050_R0076,0.2626478002073882,0.2626478002073882,3827.0000000000005,3827,22,22,0,0,0,173.95454545454547,215,354.09090909090907,481.90909090909093
66DOPC33DOPG_chole_mRNA,50,77,0050_R0077,0.238770727461262,0.238770727461262,3070,3070,20,20,0,0,0,153.5,162,130.25,482.7
66DOPC33DOPG_chole_mRNA,50,78,0050_R0078,0.023877072746126198,0.023877072746126198,309,309,2,2,0,0,0,154.5,157,270,482.5
66DOPC33DOPG_chole_mRNA,50,79,0050_R0079,0.047754145492252396,0.047754145492252396,621,621,4,4,0,0,0,155.25,157,322.5,484.5
66DOPC33DOPG_chole_mRNA,50,80,0050_R0080,1.0267141280834264,1.0267141280834264,15183.999999999998,15184,86,86,0,0,0,176.5581395348837,228,87.11627906976744,492.6162790697674
66DOPC33DOPG_chole_mRNA,50,81,0050_R0081,0.35815609119189296,0.35815609119189296,4873,4873,30,30,0,0,0,162.43333333333334,176,45.53333333333333,495.23333333333335
66DOPC33DOPG_chole_mRNA,50,82,0050_R0082,0.6208038913992812,0.6208038913992812,8188,8188,52,52,0,0,0,157.46153846153845,179,271.4230769230769,497.5576923076923
66DOPC33DOPG_chole_mRNA,50,83,0050_R0083,0.10744682735756789,0.10744682735756789,1405,1405,9,9,0,0,0,156.11111111111111,160,293,494
66DOPC33DOPG_chole_mRNA,50,84,0050_R0084,0.1671395092228834,0.1671395092228834,2135,2135,14,14,0,0,0,152.5,157,265.42857142857144,502.07142857142856
66DOPC33DOPG_chole_mRNA,50,85,0050_R0085,0.1552009728498203,0.1552009728498203,2052,2052,13,13,0,0,0,157.84615384615384,171,320.61538461538464,502.61538461538464
66DOPC33DOPG_chole_mRNA,50,86,0050_R0086,0.047754145492252396,0.047754145492252396,612,612,4,4,0,0,0,153,154,275.75,506.75
66DOPC33DOPG_chole_mRNA,50,87,0050_R0087,0.035815609119189296,0.035815609119189296,461,461,3,3,0,0,0,153.66666666666666,157,87.66666666666667,520.6666666666666
66DOPC33DOPG_chole_mRNA,50,88,0050_R0088,0.023877072746126198,0.023877072746126198,306,306,2,2,0,0,0,153,154,618,541.5
66DOPC33DOPG_chole_mRNA,50,89,0050_R0089,0.047754145492252396,0.047754145492252396,609,609,4,4,0,0,0,152.25,153,616.75,543.75
66DOPC33DOPG_chole_mRNA,50,90,0050_R0090,0.9073287643527955,0.9073287643527955,11667.999999999998,11668,76,76,0,0,0,153.52631578947367,164,611.8157894736842,552.6315789473684
66DOPC33DOPG_chole_mRNA,50,91,0050_R0091,0.9908985189642372,0.9908985189642372,12903.999999999998,12904,83,83,0,0,0,155.46987951807228,166,659.3614457831326,558.7469879518072
66DOPC33DOPG_chole_mRNA,50,92,0050_R0092,1.8504731378247803,1.8504731378247803,24307.999999999996,24308,155,155,0,0,0,156.8258064516129,177,607.5354838709677,573.3612903225807
66DOPC33DOPG_chole_mRNA,50,93,0050_R0093,0.023877072746126198,0.023877072746126198,311,311,2,2,0,0,0,155.5,158,423,566.5
66DOPC33DOPG_chole_mRNA,50,94,0050_R0094,1.325177537410004,1.3132390010369408,17104,16957,111,110,1,0,1,154.15454545454546,166,640.4454545454546,574.0818181818182
66DOPC33DOPG_chole_mRNA,50,95,0050_R0095,0.25070926383432507,0.25070926383432507,3423,3423,21,21,0,0,0,163,181,422.3333333333333,571.8571428571429
66DOPC33DOPG_chole_mRNA,50,96,0050_R0096,0.5611112095339656,0.5611112095339656,9606,9606,47,47,0,0,0,204.38297872340425,334,401.1914893617021,574.3404255319149
66DOPC33DOPG_chole_mRNA,50,97,0050_R0097,0.17907804559594648,0.17907804559594648,2437,2437,15,15,0,0,0,162.46666666666667,182,337.06666666666666,591.7333333333333
66DOPC33DOPG_chole_mRNA,50,98,0050_R0098,0.047754145492252396,0.047754145492252396,622,622,4,4,0,0,0,155.5,160,333.5,595.5
66DOPC33DOPG_chole_mRNA,50,99,0050_R0099,4.3933813852872206,4.3933813852872206,80001,80001,368,368,0,0,0,217.39402173913044,328,139.58967391304347,610.945652173913
66DOPC33DOPG_chole_mRNA,50,100,0050_R0100,0.2745863365804513,0.2745863365804513,3868,3868,23,23,0,0,0,168.17391304347825,202,463,603
66DOPC33DOPG_chole_mRNA,50,101,0050_R0101,0.035815609119189296,0.035815609119189296,460,460,3,3,0,0,0,153.33333333333334,156,514,603
66DOPC33DOPG_chole_mRNA,50,102,0050_R0102,0.023877072746126198,0.023877072746126198,307,307,2,2,0,0,0,153.5,156,522.5,605
66DOPC33DOPG_chole_mRNA,50,103,0050_R0103,0.035815609119189296,0.035815609119189296,458,458,3,3,0,0,0,152.66666666666666,154,509.6666666666667,608.3333333333334
66DOPC33DOPG_chole_mRNA,50,104,0050_R0104,0.023877072746126198,0.023877072746126198,312,312,2,2,0,0,0,156,162,513,612.5
66DOPC33DOPG_chole_mRNA,50,105,0050_R0105,0.047754145492252396,0.047754145492252396,627,627,4,4,0,0,0,156.75,167,447.5,613.5
66DOPC33DOPG_chole_mRNA,50,106,0050_R0106,2.4951541019701877,2.4951541019701877,34665,34665,209,209,0,0,0,165.86124401913875,188,578.5885167464115,622.8421052631579
66DOPC33DOPG_chole_mRNA,50,107,0050_R0107,0.047754145492252396,0.047754145492252396,624,624,4,4,0,0,0,156,158,502.25,621
66DOPC33DOPG_chole_mRNA,50,108,0050_R0108,0.19101658196900959,0.19101658196900959,2544,2544,16,16,0,0,0,159,173,273,622.5
66DOPC33DOPG_chole_mRNA,50,109,0050_R0109,0.28652487295351436,0.28652487295351436,4105,4105,24,24,0,0,0,171.04166666666666,199,404.125,623.1666666666666
66DOPC33DOPG_chole_mRNA,50,110,0050_R0110,0.09550829098450479,0.09550829098450479,1252,1252,8,8,0,0,0,156.5,164,215.125,632.125
66DOPC33DOPG_chole_mRNA,50,111,0050_R0111,2.38770727461262,2.38770727461262,33071,33071,200,200,0,0,0,165.355,193,330.82,639.855
66DOPC33DOPG_chole_mRNA,50,112,0050_R0112,0.2745863365804513,0.2745863365804513,3816,3816,23,23,0,0,0,165.91304347826087,187,265.7391304347826,643.9565217391304
66DOPC33DOPG_chole_mRNA,50,113,0050_R0113,3.58156091191893,3.58156091191893,50669,50669,300,300,0,0,0,168.89666666666668,345,312.42333333333335,653.02
66DOPC33DOPG_chole_mRNA,50,114,0050_R0114,0.1552009728498203,0.1552009728498203,2056,2056,13,13,0,0,0,158.15384615384616,170,472.61538461538464,647.2307692307693
66DOPC33DOPG_chole_mRNA,50,115,0050_R0115,1.205792173679373,1.205792173679373,17311,17311,101,101,0,0,0,171.3960396039604,206,695.3366336633663,651.8712871287129
66DOPC33DOPG_chole_mRNA,50,116,0050_R0116,0.2029551183420727,0.2029551183420727,2883,2883,17,17,0,0,0,169.58823529411765,195,479.4117647058824,651.1176470588235
66DOPC33DOPG_chole_mRNA,50,117,0050_R0117,0.2626478002073882,0.2626478002073882,3482,3482,22,22,0,0,0,158.27272727272728,172,607.3636363636364,657
66DOPC33DOPG_chole_mRNA,50,118,0050_R0118,0.3104019456996406,0.3104019456996406,3985,3985,26,26,0,0,0,153.26923076923077,158,367.88461538461536,686.7307692307693
66DOPC33DOPG_chole_mRNA,50,119,0050_R0119,0.0835697546114417,0.0835697546114417,1066,1066,7,7,0,0,0,152.28571428571428,154,289.2857142857143,694.1428571428571
66DOPC33DOPG_chole_mRNA,51,1,0051_R0001,1.3609931465291933,1.3609931465291933,18855,18855,114,114,0,0,0,165.39473684210526,205,163.17543859649123,4.078947368421052
66DOPC33DOPG_chole_mRNA,51,2,0051_R0002,0.0596926818653155,0.0596926818653155,763,763,5,5,0,0,0,152.6,157,147.6,8.2
66DOPC33DOPG_chole_mRNA,51,3,0051_R0003,1.086406809948742,1.086406809948742,14048,14048,91,91,0,0,0,154.37362637362637,167,395.0989010989011,25.967032967032967
66DOPC33DOPG_chole_mRNA,51,4,0051_R0004,0.7163121823837859,0.7163121823837859,9847,9847,60,60,0,0,0,164.11666666666667,185,198.66666666666666,28.8
66DOPC33DOPG_chole_mRNA,51,5,0051_R0005,0.7879434006221645,0.7879434006221645,10466,10466,66,66,0,0,0,158.57575757575756,174,230.06060606060606,29.818181818181817
66DOPC33DOPG_chole_mRNA,51,6,0051_R0006,0.1671395092228834,0.1671395092228834,2134,2134,14,14,0,0,0,152.42857142857142,156,268.7142857142857,32.285714285714285
66DOPC33DOPG_chole_mRNA,51,7,0051_R0007,0.0835697546114417,0.0835697546114417,1067,1067,7,7,0,0,0,152.42857142857142,158,205.71428571428572,36.142857142857146
66DOPC33DOPG_chole_mRNA,51,8,0051_R0008,0.1313239001036941,0.1313239001036941,1687,1687,11,11,0,0,0,153.36363636363637,159,397.6363636363636,36.45454545454545
66DOPC33DOPG_chole_mRNA,51,9,0051_R0009,0.19101658196900959,0.19101658196900959,2446,2446,16,16,0,0,0,152.875,161,188.3125,38.5625
66DOPC33DOPG_chole_mRNA,51,10,0051_R0010,0.84763608248748,0.84763608248748,11029,11029,71,71,0,0,0,155.33802816901408,171,204.30985915492957,57.66197183098591
66DOPC33DOPG_chole_mRNA,51,11,0051_R0011,0.7163121823837859,0.7163121823837859,9363,9363,60,60,0,0,0,156.05,168,378.6333333333333,56.55
66DOPC33DOPG_chole_mRNA,51,12,0051_R0012,0.14326243647675718,0.14326243647675718,1887,1887,12,12,0,0,0,157.25,171,187.91666666666666,55.666666666666664
66DOPC33DOPG_chole_mRNA,51,13,0051_R0013,1.7669033832133387,1.7669033832133387,27306,27306,148,148,0,0,0,184.5,234,134.86486486486487,73.1554054054054
66DOPC33DOPG_chole_mRNA,51,14,0051_R0014,0.1313239001036941,0.1313239001036941,1676,1676,11,11,0,0,0,152.36363636363637,157,180.27272727272728,89.36363636363636
66DOPC33DOPG_chole_mRNA,51,15,0051_R0015,0.4417258458033347,0.4417258458033347,5673,5673,37,37,0,0,0,153.32432432432432,163,110.94594594594595,101.24324324324324
66DOPC33DOPG_chole_mRNA,51,16,0051_R0016,0.5491726731609026,0.5491726731609026,7029.000000000001,7029,46,46,0,0,0,152.80434782608697,163,216.6304347826087,112.91304347826087
66DOPC33DOPG_chole_mRNA,51,17,0051_R0017,1.5161941193790136,1.5161941193790136,22325,22325,127,127,0,0,0,175.78740157480314,219,464.48818897637796,122.25984251968504
66DOPC33DOPG_chole_mRNA,51,18,0051_R0018,0.035815609119189296,0.035815609119189296,458,458,3,3,0,0,0,152.66666666666666,154,148.33333333333334,120.66666666666667
66DOPC33DOPG_chole_mRNA,51,19,0051_R0019,0.023877072746126198,0.023877072746126198,301,301,2,2,0,0,0,150.5,151,147,123.5
66DOPC33DOPG_chole_mRNA,51,20,0051_R0020,1.8982272833170328,1.8982272833170328,29169.000000000004,29169,159,159,0,0,0,183.45283018867926,287,450.60377358490564,131.23899371069183
66DOPC33DOPG_chole_mRNA,51,21,0051_R0021,0.035815609119189296,0.035815609119189296,456,456,3,3,0,0,0,152,155,277.6666666666667,128.33333333333334
66DOPC33DOPG_chole_mRNA,51,22,0051_R0022,0.035815609119189296,0.035815609119189296,458,458,3,3,0,0,0,152.66666666666666,158,308.6666666666667,135.66666666666666
66DOPC33DOPG_chole_mRNA,51,23,0051_R0023,0.5133570640417132,0.5133570640417132,7231,7231,43,43,0,0,0,168.1627906976744,206,448.8837209302326,158.5581395348837
66DOPC33DOPG_chole_mRNA,51,24,0051_R0024,1.6117024103635185,1.6117024103635185,26883,26883,135,135,0,0,0,199.13333333333333,306,478.3259259259259,165.22222222222223
66DOPC33DOPG_chole_mRNA,51,25,0051_R0025,6.506502323319389,6.506502323319389,148088,148088,545,545,0,0,0,271.7211009174312,800,392.14495412844036,211.37614678899084
66DOPC33DOPG_chole_mRNA,51,26,0051_R0026,0.5014185276686501,0.5014185276686501,6410,6410,42,42,0,0,0,152.61904761904762,158,408.42857142857144,205.92857142857142
66DOPC33DOPG_chole_mRNA,51,27,0051_R0027,3.7725774938879395,3.7725774938879395,69653,69653,316,316,0,0,0,220.42088607594937,425,414.36708860759495,229.24367088607596
66DOPC33DOPG_chole_mRNA,51,28,0051_R0028,1.3729316829022564,1.3729316829022564,19597,19597,115,115,0,0,0,170.40869565217392,213,457.61739130434785,228.8608695652174
66DOPC33DOPG_chole_mRNA,51,29,0051_R0029,1.4684399738867613,1.4684399738867613,21950,21950,123,123,0,0,0,178.45528455284554,224,473.5934959349593,246.65040650406505
66DOPC33DOPG_chole_mRNA,51,30,0051_R0030,0.0835697546114417,0.0835697546114417,1067,1067,7,7,0,0,0,152.42857142857142,157,405,287.2857142857143
66DOPC33DOPG_chole_mRNA,51,31,0051_R0031,0.0596926818653155,0.0596926818653155,769,769,5,5,0,0,0,153.8,157,587.8,347.6
66DOPC33DOPG_chole_mRNA,51,32,0051_R0032,0.46560291854946084,0.46560291854946084,6051,6051,39,39,0,0,0,155.15384615384616,164,273.15384615384613,387.87179487179486
66DOPC33DOPG_chole_mRNA,51,33,0051_R0033,2.316076056374241,2.304137520001178,29733,29587,194,193,1,0,1,153.30051813471502,166,106.81347150259067,411.74093264248705
66DOPC33DOPG_chole_mRNA,51,34,0051_R0034,0.21489365471513577,0.21489365471513577,2745,2745,18,18,0,0,0,152.5,159,92.16666666666667,402.05555555555554
66DOPC33DOPG_chole_mRNA,51,35,0051_R0035,0.3104019456996406,0.3104019456996406,3974,3974,26,26,0,0,0,152.84615384615384,168,118.88461538461539,406.46153846153845
66DOPC33DOPG_chole_mRNA,51,36,0051_R0036,4.751537476479114,4.751537476479114,68785,68785,398,398,0,0,0,172.82663316582915,248,131.01256281407035,430.8643216080402
66DOPC33DOPG_chole_mRNA,51,37,0051_R0037,0.035815609119189296,0.035815609119189296,454,454,3,3,0,0,0,151.33333333333334,152,118.66666666666667,418.6666666666667
66DOPC33DOPG_chole_mRNA,51,38,0051_R0038,0.38203316393801917,0.38203316393801917,5510,5510,32,32,0,0,0,172.1875,226,154.71875,422.625
66DOPC33DOPG_chole_mRNA,51,39,0051_R0039,2.1966906926436103,2.1966906926436103,40520,40520,184,184,0,0,0,220.2173913043478,577,178.2608695652174,433.5326086956522
66DOPC33DOPG_chole_mRNA,51,40,0051_R0040,0.047754145492252396,0.047754145492252396,617,617,4,4,0,0,0,154.25,158,240.75,439.75
66DOPC33DOPG_chole_mRNA,51,41,0051_R0041,0.19101658196900959,0.19101658196900959,2438,2438,16,16,0,0,0,152.375,159,292.8125,445.8125
66DOPC33DOPG_chole_mRNA,51,42,0051_R0042,0.023877072746126198,0.023877072746126198,305,305,2,2,0,0,0,152.5,154,284,445.5
66DOPC33DOPG_chole_mRNA,51,43,0051_R0043,0.0596926818653155,0.0596926818653155,767,767,5,5,0,0,0,153.4,155,70.6,486.8
66DOPC33DOPG_chole_mRNA,51,44,0051_R0044,22.671280572446825,22.086292290166732,336683,329561,1899,1850,49,0,1,178.14108108108107,318,305.81243243243244,547.7227027027027
66DOPC33DOPG_chole_mRNA,51,45,0051_R0045,0.2626478002073882,0.2626478002073882,3462,3462,22,22,0,0,0,157.36363636363637,177,230.9090909090909,516.9090909090909
66DOPC33DOPG_chole_mRNA,51,46,0051_R0046,0.2029551183420727,0.2029551183420727,2565,2565,17,17,0,0,0,150.88235294117646,154,8.705882352941176,520.4117647058823
66DOPC33DOPG_chole_mRNA,51,47,0051_R0047,2.793617511296765,2.793617511296765,42180,42180,234,234,0,0,0,180.25641025641025,226,53.401709401709404,564.5384615384615
66DOPC33DOPG_chole_mRNA,51,48,0051_R0048,0.1313239001036941,0.1313239001036941,1721.9999999999998,1722,11,11,0,0,0,156.54545454545453,164,639.3636363636364,559.9090909090909
66DOPC33DOPG_chole_mRNA,51,49,0051_R0049,0.6685580368915336,0.6685580368915336,8669,8669,56,56,0,0,0,154.80357142857142,165,82.94642857142857,563.5357142857143
66DOPC33DOPG_chole_mRNA,51,50,0051_R0050,1.0267141280834264,1.0267141280834264,14277,14277,86,86,0,0,0,166.01162790697674,191,177.37209302325581,566.0813953488372
66DOPC33DOPG_chole_mRNA,51,51,0051_R0051,0.0596926818653155,0.0596926818653155,760,760,5,5,0,0,0,152,154,123.8,571
66DOPC33DOPG_chole_mRNA,51,52,0051_R0052,0.48947999129558706,0.48947999129558706,7434,7434,41,41,0,0,0,181.3170731707317,249,546.219512195122,577.2682926829268
66DOPC33DOPG_chole_mRNA,51,53,0051_R0053,0.035815609119189296,0.035815609119189296,461,461,3,3,0,0,0,153.66666666666666,155,482.6666666666667,599.3333333333334
66DOPC33DOPG_chole_mRNA,51,54,0051_R0054,0.3104019456996406,0.3104019456996406,4467,4467,26,26,0,0,0,171.80769230769232,211,191,608.5
66DOPC33DOPG_chole_mRNA,51,55,0051_R0055,0.46560291854946084,0.46560291854946084,6168,6168,39,39,0,0,0,158.15384615384616,180,325.02564102564105,620.5897435897435
66DOPC33DOPG_chole_mRNA,51,56,0051_R0056,0.09550829098450479,0.09550829098450479,1262,1262,8,8,0,0,0,157.75,170,110.5,621
66DOPC33DOPG_chole_mRNA,51,57,0051_R0057,1.0147755917103634,1.0147755917103634,15083,15083,85,85,0,0,0,177.4470588235294,226,178.42352941176472,624.4470588235295
66DOPC33DOPG_chole_mRNA,51,58,0051_R0058,0.17907804559594648,0.17907804559594648,2410,2410,15,15,0,0,0,160.66666666666666,177,340.4,630.4
66DOPC33DOPG_chole_mRNA,51,59,0051_R0059,0.238770727461262,0.238770727461262,3130,3130,20,20,0,0,0,156.5,168,517.75,646.7
66DOPC33DOPG_chole_mRNA,51,60,0051_R0060,0.7163121823837859,0.7163121823837859,9561,9561,60,60,0,0,0,159.35,174,118.18333333333334,656.3333333333334
66DOPC33DOPG_chole_mRNA,51,61,0051_R0061,0.17907804559594648,0.17907804559594648,2378,2378,15,15,0,0,0,158.53333333333333,173,638.4,667.4
66DOPC33DOPG_chole_mRNA,51,62,0051_R0062,0.023877072746126198,0.023877072746126198,305,305,2,2,0,0,0,152.5,153,321,669.5
66DOPC33DOPG_chole_mRNA,51,63,0051_R0063,6.148346232127496,6.148346232127496,84700,84700,515,515,0,0,0,164.46601941747574,221,157.82718446601942,680.1631067961165
66DOPC33DOPG_chole_mRNA,51,64,0051_R0064,0.2626478002073882,0.2626478002073882,3344,3344,22,22,0,0,0,152,162,217.72727272727272,680.1363636363636
66DOPC33DOPG_chole_mRNA,51,65,0051_R0065,0.6327424277723442,0.6327424277723442,8290,8290,53,53,0,0,0,156.41509433962264,169,189.11320754716982,682.9245283018868
66DOPC33DOPG_chole_mRNA,51,66,0051_R0066,0.7043736460107228,0.7043736460107228,9515,9515,59,59,0,0,0,161.27118644067798,186,237.88135593220338,690.5762711864406
66DOPC33DOPG_chole_mRNA,51,67,0051_R0067,0.5730497459070287,0.5730497459070287,7729,7729,48,48,0,0,0,161.02083333333334,180,305.1041666666667,696.3125
66DOPC33DOPG_chole_mRNA,51,68,0051_R0068,0.035815609119189296,0.035815609119189296,454,454,3,3,0,0,0,151.33333333333334,152,188.33333333333334,694.6666666666666
66DOPC33DOPG_chole_mRNA,52,1,0052_R0001,1.1222224190679313,1.1222224190679313,19598,19598,94,94,0,0,0,208.48936170212767,442,97.26595744680851,1.9361702127659575
66DOPC33DOPG_chole_mRNA,52,2,0052_R0002,1.3371160737830672,1.3371160737830672,21894,21894,112,112,0,0,0,195.48214285714286,266,125.34821428571429,23.205357142857142
66DOPC33DOPG_chole_mRNA,52,3,0052_R0003,0.1552009728498203,0.1552009728498203,2282,2282,13,13,0,0,0,175.53846153846155,199,230.92307692307693,59.69230769230769
66DOPC33DOPG_chole_mRNA,52,4,0052_R0004,0.3700946275649561,0.3700946275649561,5241,5241,31,31,0,0,0,169.06451612903226,189,363.8709677419355,127.35483870967742
66DOPC33DOPG_chole_mRNA,52,5,0052_R0005,1.1460994918140575,1.1460994918140575,18593,18593,96,96,0,0,0,193.67708333333334,294,375.0833333333333,129.94791666666666
66DOPC33DOPG_chole_mRNA,52,6,0052_R0006,0.035815609119189296,0.035815609119189296,491,491,3,3,0,0,0,163.66666666666666,165,428.3333333333333,131.66666666666666
66DOPC33DOPG_chole_mRNA,52,7,0052_R0007,0.14326243647675718,0.14326243647675718,1909,1909,12,12,0,0,0,159.08333333333334,165,384.75,133.5
66DOPC33DOPG_chole_mRNA,52,8,0052_R0008,0.047754145492252396,0.047754145492252396,650,650,4,4,0,0,0,162.5,172,430,140.75
66DOPC33DOPG_chole_mRNA,52,9,0052_R0009,0.25070926383432507,0.25070926383432507,3425,3425,21,21,0,0,0,163.0952380952381,173,351.6190476190476,143.57142857142858
66DOPC33DOPG_chole_mRNA,52,10,0052_R0010,1.9698585015554113,1.9698585015554113,31367,31367,165,165,0,0,0,190.1030303030303,265,360.2181818181818,154.44242424242424
66DOPC33DOPG_chole_mRNA,52,11,0052_R0011,1.7310877740941493,1.7310877740941493,30986,30986,145,145,0,0,0,213.69655172413792,350,378.11034482758623,159.02758620689656
66DOPC33DOPG_chole_mRNA,52,12,0052_R0012,0.5491726731609026,0.5491726731609026,8402,8402,46,46,0,0,0,182.65217391304347,228,431.19565217391306,156.2173913043478
66DOPC33DOPG_chole_mRNA,52,13,0052_R0013,0.6804965732645967,0.6804965732645967,9986,9986,57,57,0,0,0,175.19298245614036,203,302.8070175438597,164.2280701754386
66DOPC33DOPG_chole_mRNA,52,14,0052_R0014,0.42978730943027155,0.42978730943027155,6001,6001,36,36,0,0,0,166.69444444444446,180,362.0833333333333,171.66666666666666
66DOPC33DOPG_chole_mRNA,52,15,0052_R0015,0.07163121823837859,0.07163121823837859,1006,1006,6,6,0,0,0,167.66666666666666,176,148.5,172
66DOPC33DOPG_chole_mRNA,52,16,0052_R0016,0.0835697546114417,0.0835697546114417,1187,1187,7,7,0,0,0,169.57142857142858,182,449.2857142857143,174
66DOPC33DOPG_chole_mRNA,52,17,0052_R0017,3.163712138861721,3.163712138861721,56252.99999999999,56253,265,265,0,0,0,212.2754716981132,374,370.83396226415095,181.79622641509434
66DOPC33DOPG_chole_mRNA,52,18,0052_R0018,0.7640663278760383,0.7640663278760383,11913,11913,64,64,0,0,0,186.140625,241,292.875,181.171875
66DOPC33DOPG_chole_mRNA,52,19,0052_R0019,20.474589879803215,20.450712807057087,376313,376008,1715,1713,2,0,1,219.50262697022768,595,400.1751313485114,219.30881494454175
66DOPC33DOPG_chole_mRNA,52,20,0052_R0020,0.119385363730631,0.119385363730631,1690,1690,10,10,0,0,0,169,180,587.4,215.5
66DOPC33DOPG_chole_mRNA,52,21,0052_R0021,0.0835697546114417,0.0835697546114417,1193,1193,7,7,0,0,0,170.42857142857142,178,503.7142857142857,218
66DOPC33DOPG_chole_mRNA,52,22,0052_R0022,0.09550829098450479,0.09550829098450479,1322,1322,8,8,0,0,0,165.25,180,618.125,225.125
66DOPC33DOPG_chole_mRNA,52,23,0052_R0023,0.023877072746126198,0.023877072746126198,334,334,2,2,0,0,0,167,170,204.5,227
66DOPC33DOPG_chole_mRNA,52,24,0052_R0024,0.023877072746126198,0.023877072746126198,325,325,2,2,0,0,0,162.5,164,274.5,233
66DOPC33DOPG_chole_mRNA,52,25,0052_R0025,0.09550829098450479,0.09550829098450479,1345,1345,8,8,0,0,0,168.125,181,635.875,235.125
66DOPC33DOPG_chole_mRNA,52,26,0052_R0026,0.1313239001036941,0.1313239001036941,1882,1882,11,11,0,0,0,171.0909090909091,192,197.1818181818182,237.1818181818182
66DOPC33DOPG_chole_mRNA,52,27,0052_R0027,0.5252956004147764,0.5252956004147764,7433,7433,44,44,0,0,0,168.9318181818182,194,610.2954545454545,243.22727272727272
66DOPC33DOPG_chole_mRNA,52,28,0052_R0028,3.4263599390691093,3.4263599390691093,61350,61350,287,287,0,0,0,213.76306620209058,456,249.14634146341464,259.411149825784
66DOPC33DOPG_chole_mRNA,52,29,0052_R0029,0.0596926818653155,0.0596926818653155,807,807,5,5,0,0,0,161.4,166,234.2,248.6
66DOPC33DOPG_chole_mRNA,52,30,0052_R0030,0.023877072746126198,0.023877072746126198,318,318,2,2,0,0,0,159,160,257,249.5
66DOPC33DOPG_chole_mRNA,52,31,0052_R0031,1.7549648468402756,1.7549648468402756,31821,31821,147,147,0,0,0,216.46938775510205,324,298.3741496598639,286.15646258503403
66DOPC33DOPG_chole_mRNA,52,32,0052_R0032,0.14326243647675718,0.14326243647675718,2009,2009,12,12,0,0,0,167.41666666666666,180,324.5,285.5
66DOPC33DOPG_chole_mRNA,52,33,0052_R0033,0.2626478002073882,0.2626478002073882,3667,3667,22,22,0,0,0,166.6818181818182,183,311.90909090909093,310.09090909090907
66DOPC33DOPG_chole_mRNA,52,34,0052_R0034,1.7549648468402756,1.7549648468402756,26044,26044,147,147,0,0,0,177.17006802721087,214,288.8503401360544,323.9251700680272
66DOPC33DOPG_chole_mRNA,52,35,0052_R0035,108.12732393083249,107.91243027611735,2369357,2366602,9057,9039,18,0,1,261.82121916141165,1861,99.10742338754287,393.1861931629605
66DOPC33DOPG_chole_mRNA,52,36,0052_R0036,1.5520097284982028,1.5520097284982028,26052,26052,130,130,0,0,0,200.4,319,332.17692307692306,329.8
66DOPC33DOPG_chole_mRNA,52,37,0052_R0037,0.0596926818653155,0.0596926818653155,802,802,5,5,0,0,0,160.4,163,408.6,324.2
66DOPC33DOPG_chole_mRNA,52,38,0052_R0038,0.023877072746126198,0.023877072746126198,316,316,2,2,0,0,0,158,159,387,326.5
66DOPC33DOPG_chole_mRNA,52,39,0052_R0039,0.39397170031108225,0.39397170031108225,5789,5789,33,33,0,0,0,175.42424242424244,220,545.7878787878788,328.93939393939394
66DOPC33DOPG_chole_mRNA,52,40,0052_R0040,7.640663278760384,7.640663278760384,154302,154302,640,640,0,0,0,241.096875,747,133.8703125,344.178125
66DOPC33DOPG_chole_mRNA,52,41,0052_R0041,0.3462175548188299,0.3462175548188299,4716,4716,29,29,0,0,0,162.6206896551724,173,502.13793103448273,330.3103448275862
66DOPC33DOPG_chole_mRNA,52,42,0052_R0042,0.1552009728498203,0.1552009728498203,2118,2118,13,13,0,0,0,162.92307692307693,171,442.15384615384613,330.46153846153845
66DOPC33DOPG_chole_mRNA,52,43,0052_R0043,0.22683219108819888,0.22683219108819888,3258.9999999999995,3259,19,19,0,0,0,171.52631578947367,203,308.8421052631579,331.8421052631579
66DOPC33DOPG_chole_mRNA,52,44,0052_R0044,0.2029551183420727,0.2029551183420727,2721,2721,17,17,0,0,0,160.05882352941177,174,391,332.4117647058824
66DOPC33DOPG_chole_mRNA,52,45,0052_R0045,0.7998819369952277,0.7998819369952277,12148,12148,67,67,0,0,0,181.3134328358209,228,453.14925373134326,334.17910447761193
66DOPC33DOPG_chole_mRNA,52,46,0052_R0046,0.3462175548188299,0.3462175548188299,5638,5638,29,29,0,0,0,194.41379310344828,300,557.1379310344828,336.82758620689657
66DOPC33DOPG_chole_mRNA,52,47,0052_R0047,0.9192673007258586,0.9192673007258586,15081,15081,77,77,0,0,0,195.85714285714286,275,35.63636363636363,341.45454545454544
66DOPC33DOPG_chole_mRNA,52,48,0052_R0048,0.047754145492252396,0.047754145492252396,638,638,4,4,0,0,0,159.5,166,431.5,343
66DOPC33DOPG_chole_mRNA,52,49,0052_R0049,0.238770727461262,0.238770727461262,3331,3331,20,20,0,0,0,166.55,179,449.9,344.05
66DOPC33DOPG_chole_mRNA,52,50,0052_R0050,0.8118204733682908,0.8118204733682908,12442,12442,68,68,0,0,0,182.97058823529412,234,50.5,348.2352941176471
66DOPC33DOPG_chole_mRNA,52,51,0052_R0051,0.1552009728498203,0.1552009728498203,2123,2123,13,13,0,0,0,163.30769230769232,175,389.61538461538464,346.61538461538464
66DOPC33DOPG_chole_mRNA,52,52,0052_R0052,9.097164716274081,9.049410570781829,150956,150347,762,758,4,0,1,198.34696569920845,470,483.0263852242744,360.9525065963061
66DOPC33DOPG_chole_mRNA,52,53,0052_R0053,0.0596926818653155,0.0596926818653155,791,791,5,5,0,0,0,158.2,162,63.2,348.2
66DOPC33DOPG_chole_mRNA,52,54,0052_R0054,1.707210701348023,1.707210701348023,27028,27028,143,143,0,0,0,189.006993006993,235,252.23776223776224,358.5804195804196
66DOPC33DOPG_chole_mRNA,52,55,0052_R0055,3.020449702384964,2.996572629638838,49374,49071,253,251,2,0,1,195.5019920318725,316,286.53784860557766,359.45418326693226
66DOPC33DOPG_chole_mRNA,52,56,0052_R0056,0.28652487295351436,0.28652487295351436,4424,4424,24,24,0,0,0,184.33333333333334,244,324.7083333333333,360
66DOPC33DOPG_chole_mRNA,52,57,0052_R0057,0.119385363730631,0.119385363730631,1590,1590,10,10,0,0,0,159,168,504.7,359.3
66DOPC33DOPG_chole_mRNA,52,58,0052_R0058,0.238770727461262,0.238770727461262,3456,3456,20,20,0,0,0,172.8,201,554.9,368.95
66DOPC33DOPG_chole_mRNA,52,59,0052_R0059,0.119385363730631,0.119385363730631,1602,1602,10,10,0,0,0,160.2,168,604,371.5
66DOPC33DOPG_chole_mRNA,52,60,0052_R0060,1.1222224190679313,1.1222224190679313,16555,16555,94,94,0,0,0,176.11702127659575,218,244.45744680851064,377.8510638297872
66DOPC33DOPG_chole_mRNA,52,61,0052_R0061,0.09550829098450479,0.09550829098450479,1269,1269,8,8,0,0,0,158.625,162,391.625,383.625
66DOPC33DOPG_chole_mRNA,52,62,0052_R0062,2.0892438652860426,2.0892438652860426,31043,31043,175,175,0,0,0,177.38857142857142,213,194.72,391.41714285714284
66DOPC33DOPG_chole_mRNA,52,63,0052_R0063,0.9312058370989217,0.9312058370989217,16159,16159,78,78,0,0,0,207.16666666666666,330,232.1153846153846,388.02564102564105
66DOPC33DOPG_chole_mRNA,52,64,0052_R0064,10.816313953995168,10.816313953995168,178294,178294,906,906,0,0,0,196.7924944812362,349,247.7075055187638,405.8620309050773
66DOPC33DOPG_chole_mRNA,52,65,0052_R0065,0.023877072746126198,0.023877072746126198,318,318,2,2,0,0,0,159,159,581.5,387.5
66DOPC33DOPG_chole_mRNA,52,66,0052_R0066,0.32234048207270366,0.32234048207270366,4430,4430,27,27,0,0,0,164.07407407407408,180,504.77777777777777,392.037037037037
66DOPC33DOPG_chole_mRNA,52,67,0052_R0067,0.28652487295351436,0.28652487295351436,4544,4544,24,24,0,0,0,189.33333333333334,248,607.8333333333334,393.125
66DOPC33DOPG_chole_mRNA,52,68,0052_R0068,1.814657528705591,1.814657528705591,44614,44614,152,152,0,0,0,293.5131578947368,754,434.07894736842104,397.3486842105263
66DOPC33DOPG_chole_mRNA,52,69,0052_R0069,1.5520097284982028,1.5520097284982028,26096,26096,130,130,0,0,0,200.73846153846154,299,201.93846153846152,409.7153846153846
66DOPC33DOPG_chole_mRNA,52,70,0052_R0070,0.2626478002073882,0.2626478002073882,3865,3865,22,22,0,0,0,175.6818181818182,201,496.72727272727275,411.5
66DOPC33DOPG_chole_mRNA,52,71,0052_R0071,0.047754145492252396,0.047754145492252396,632,632,4,4,0,0,0,158,162,79.25,413.25
66DOPC33DOPG_chole_mRNA,52,72,0052_R0072,0.035815609119189296,0.035815609119189296,479,479,3,3,0,0,0,159.66666666666666,165,90.66666666666667,418.3333333333333
66DOPC33DOPG_chole_mRNA,52,73,0052_R0073,0.38203316393801917,0.38203316393801917,5233,5233,32,32,0,0,0,163.53125,177,488.90625,421.03125
66DOPC33DOPG_chole_mRNA,52,74,0052_R0074,0.023877072746126198,0.023877072746126198,321,321,2,2,0,0,0,160.5,162,232,421.5
66DOPC33DOPG_chole_mRNA,52,75,0052_R0075,1.9937355743015375,1.9937355743015375,29920,29920,167,167,0,0,0,179.16167664670658,218,204.33532934131736,438.65269461077844
66DOPC33DOPG_chole_mRNA,52,76,0052_R0076,5.658866240831909,5.658866240831909,100618,100618,474,474,0,0,0,212.27426160337552,383,263.0822784810127,455.4177215189873
66DOPC33DOPG_chole_mRNA,52,77,0052_R0077,0.5014185276686501,0.5014185276686501,7278.999999999999,7279,42,42,0,0,0,173.3095238095238,209,695.0238095238095,446.3333333333333
66DOPC33DOPG_chole_mRNA,52,78,0052_R0078,0.7163121823837859,0.7163121823837859,10360,10360,60,60,0,0,0,172.66666666666666,197,196.58333333333334,463.3333333333333
66DOPC33DOPG_chole_mRNA,52,79,0052_R0079,0.1313239001036941,0.1313239001036941,1776.0000000000002,1776,11,11,0,0,0,161.45454545454547,170,254.1818181818182,464.45454545454544
66DOPC33DOPG_chole_mRNA,52,80,0052_R0080,1.2654848555446885,1.2654848555446885,19195,19195,106,106,0,0,0,181.08490566037736,217,424.811320754717,472.188679245283
66DOPC33DOPG_chole_mRNA,52,81,0052_R0081,1.8743502105709064,1.8743502105709064,29255,29255,157,157,0,0,0,186.3375796178344,233,230.8535031847134,473.02547770700636
66DOPC33DOPG_chole_mRNA,52,82,0052_R0082,0.1552009728498203,0.1552009728498203,2161,2161,13,13,0,0,0,166.23076923076923,178,698.6153846153846,471.9230769230769
66DOPC33DOPG_chole_mRNA,52,83,0052_R0083,13.120451473996345,13.06075879213103,212374,211610,1099,1094,5,0,1,193.42778793418648,672,323.92230347349175,491.5383912248629
66DOPC33DOPG_chole_mRNA,52,84,0052_R0084,1.6594565558557708,1.6594565558557708,28605,28605,139,139,0,0,0,205.79136690647482,282,396.41726618705036,484.56115107913666
66DOPC33DOPG_chole_mRNA,52,85,0052_R0085,0.9908985189642372,0.9908985189642372,14671,14671,83,83,0,0,0,176.75903614457832,207,78.10843373493977,484.8433734939759
66DOPC33DOPG_chole_mRNA,52,86,0052_R0086,0.023877072746126198,0.023877072746126198,327,327,2,2,0,0,0,163.5,167,703,486.5
66DOPC33DOPG_chole_mRNA,52,87,0052_R0087,1.0267141280834264,1.0267141280834264,15519,15519,86,86,0,0,0,180.45348837209303,211,119.13953488372093,493.6162790697674
66DOPC33DOPG_chole_mRNA,52,88,0052_R0088,0.955082909845048,0.955082909845048,14995,14995,80,80,0,0,0,187.4375,273,417.2,500.1625
66DOPC33DOPG_chole_mRNA,52,89,0052_R0089,1.325177537410004,1.325177537410004,19684,19684,111,111,0,0,0,177.33333333333334,223,260.7927927927928,507.5135135135135
66DOPC33DOPG_chole_mRNA,52,90,0052_R0090,0.17907804559594648,0.17907804559594648,2624,2624,15,15,0,0,0,174.93333333333334,200,432.73333333333335,520.3333333333334
66DOPC33DOPG_chole_mRNA,52,91,0052_R0091,0.047754145492252396,0.047754145492252396,659,659,4,4,0,0,0,164.75,167,600.5,523.5
66DOPC33DOPG_chole_mRNA,52,92,0052_R0092,0.047754145492252396,0.047754145492252396,655,655,4,4,0,0,0,163.75,173,302.25,530
66DOPC33DOPG_chole_mRNA,52,93,0052_R0093,0.0835697546114417,0.0835697546114417,1143,1143,7,7,0,0,0,163.28571428571428,168,622,529.7142857142857
66DOPC33DOPG_chole_mRNA,52,94,0052_R0094,1.2416077827985623,1.2416077827985623,21032,21032,104,104,0,0,0,202.23076923076923,285,312.22115384615387,536.6057692307693
66DOPC33DOPG_chole_mRNA,52,95,0052_R0095,0.7640663278760383,0.7640663278760383,10940,10940,64,64,0,0,0,170.9375,196,202.96875,571.828125
66DOPC33DOPG_chole_mRNA,52,96,0052_R0096,0.1552009728498203,0.1552009728498203,2147,2147,13,13,0,0,0,165.15384615384616,179,517.6153846153846,569.3846153846154
66DOPC33DOPG_chole_mRNA,52,97,0052_R0097,0.047754145492252396,0.047754145492252396,640,640,4,4,0,0,0,160,163,409.5,572.5
66DOPC33DOPG_chole_mRNA,52,98,0052_R0098,0.023877072746126198,0.023877072746126198,320,320,2,2,0,0,0,160,164,452.5,585
66DOPC33DOPG_chole_mRNA,52,99,0052_R0099,0.5133570640417132,0.5133570640417132,7112,7112,43,43,0,0,0,165.3953488372093,186,353.13953488372096,591.9767441860465
66DOPC33DOPG_chole_mRNA,52,100,0052_R0100,0.023877072746126198,0.023877072746126198,315,315,2,2,0,0,0,157.5,159,364,588.5
66DOPC33DOPG_chole_mRNA,52,101,0052_R0101,0.4417258458033347,0.4417258458033347,6107,6107,37,37,0,0,0,165.05405405405406,176,413.2162162162162,594.2162162162163
66DOPC33DOPG_chole_mRNA,52,102,0052_R0102,0.238770727461262,0.238770727461262,3663,3663,20,20,0,0,0,183.15,236,623.9,596.95
66DOPC33DOPG_chole_mRNA,52,103,0052_R0103,0.07163121823837859,0.07163121823837859,957,957,6,6,0,0,0,159.5,163,395.6666666666667,597.6666666666666
66DOPC33DOPG_chole_mRNA,52,104,0052_R0104,1.0386526644564895,1.0386526644564895,14967,14967,87,87,0,0,0,172.0344827586207,209,570.3103448275862,629.2068965517242
66DOPC33DOPG_chole_mRNA,52,105,0052_R0105,0.2745863365804513,0.2745863365804513,4075.9999999999995,4076,23,23,0,0,0,177.2173913043478,207,486.4347826086956,631.0869565217391
66DOPC33DOPG_chole_mRNA,52,106,0052_R0106,0.023877072746126198,0.023877072746126198,319,319,2,2,0,0,0,159.5,161,374.5,640
66DOPC33DOPG_chole_mRNA,52,107,0052_R0107,1.2774233919177516,1.2774233919177516,18750,18750,107,107,0,0,0,175.2336448598131,214,464.23364485981307,651.7476635514018
66DOPC33DOPG_chole_mRNA,52,108,0052_R0108,0.09550829098450479,0.09550829098450479,1269,1269,8,8,0,0,0,158.625,160,400.5,649.5
66DOPC33DOPG_chole_mRNA,52,109,0052_R0109,0.1552009728498203,0.1552009728498203,2096,2096,13,13,0,0,0,161.23076923076923,168,390.7692307692308,651.3846153846154
66DOPC33DOPG_chole_mRNA,52,110,0052_R0110,0.8237590097413539,0.8237590097413539,11312,11312,69,69,0,0,0,163.94202898550725,178,452.4927536231884,658.0579710144928
66DOPC33DOPG_chole_mRNA,52,111,0052_R0111,0.3104019456996406,0.3104019456996406,4297,4297,26,26,0,0,0,165.26923076923077,177,544.6923076923077,656.9615384615385
66DOPC33DOPG_chole_mRNA,52,112,0052_R0112,1.1460994918140575,1.1460994918140575,16373,16373,96,96,0,0,0,170.55208333333334,198,456.5104166666667,674.4166666666666
66DOPC33DOPG_chole_mRNA,52,113,0052_R0113,0.2745863365804513,0.2745863365804513,3763,3763,23,23,0,0,0,163.6086956521739,179,546.5217391304348,674.4347826086956
66DOPC33DOPG_chole_mRNA,52,114,0052_R0114,0.07163121823837859,0.07163121823837859,960,960,6,6,0,0,0,160,161,537.1666666666666,676.3333333333334
66DOPC33DOPG_chole_mRNA,52,115,0052_R0115,0.1313239001036941,0.1313239001036941,1826,1826,11,11,0,0,0,166,176,521.9090909090909,680.3636363636364
66DOPC33DOPG_chole_mRNA,52,116,0052_R0116,0.0596926818653155,0.0596926818653155,792,792,5,5,0,0,0,158.4,160,499.6,680.8
66DOPC33DOPG_chole_mRNA,52,117,0052_R0117,0.7043736460107228,0.7043736460107228,9791,9791,59,59,0,0,0,165.94915254237287,180,543.1186440677966,685.6101694915254
66DOPC33DOPG_chole_mRNA,53,1,0053_R0001,1.0267141280834264,1.0267141280834264,13505,13505,86,86,0,0,0,157.03488372093022,178,373.90697674418607,46.58139534883721
66DOPC33DOPG_chole_mRNA,53,2,0053_R0002,0.09550829098450479,0.09550829098450479,1221,1221,8,8,0,0,0,152.625,157,400.125,40.875
66DOPC33DOPG_chole_mRNA,53,3,0053_R0003,2.136998010778295,2.136998010778295,38221,38221,179,179,0,0,0,213.52513966480447,314,398.06145251396646,52.05027932960894
66DOPC33DOPG_chole_mRNA,53,4,0053_R0004,0.238770727461262,0.238770727461262,3049,3049,20,20,0,0,0,152.45,159,376,67.3
66DOPC33DOPG_chole_mRNA,53,5,0053_R0005,0.1552009728498203,0.1552009728498203,2014.0000000000002,2014,13,13,0,0,0,154.92307692307693,163,381.46153846153845,78.15384615384616
66DOPC33DOPG_chole_mRNA,53,6,0053_R0006,0.7521277915029753,0.7521277915029753,9996,9996,63,63,0,0,0,158.66666666666666,176,324.8412698412698,102.2063492063492
66DOPC33DOPG_chole_mRNA,53,7,0053_R0007,0.10744682735756789,0.10744682735756789,1369,1369,9,9,0,0,0,152.11111111111111,158,528.4444444444445,211.88888888888889
66DOPC33DOPG_chole_mRNA,53,8,0053_R0008,0.596926818653155,0.596926818653155,8237,8237,50,50,0,0,0,164.74,183,40.08,228.9
66DOPC33DOPG_chole_mRNA,53,9,0053_R0009,1.1102838826948682,1.1102838826948682,14915,14915,93,93,0,0,0,160.3763440860215,177,175.89247311827958,232.27956989247312
66DOPC33DOPG_chole_mRNA,53,10,0053_R0010,1.6355794831096446,1.6355794831096446,24118,24118,137,137,0,0,0,176.04379562043795,226,333.02919708029196,238.4014598540146
66DOPC33DOPG_chole_mRNA,53,11,0053_R0011,0.035815609119189296,0.035815609119189296,470,470,3,3,0,0,0,156.66666666666666,160,531.6666666666666,234.66666666666666
66DOPC33DOPG_chole_mRNA,53,12,0053_R0012,0.047754145492252396,0.047754145492252396,620,620,4,4,0,0,0,155,160,497.75,245
66DOPC33DOPG_chole_mRNA,53,13,0053_R0013,0.4059102366841454,0.39397170031108225,5164,5018,34,33,1,0,1,152.06060606060606,159,335.1515151515151,251.3939393939394
66DOPC33DOPG_chole_mRNA,53,14,0053_R0014,0.0835697546114417,0.0835697546114417,1084,1084,7,7,0,0,0,154.85714285714286,168,509,248.71428571428572
66DOPC33DOPG_chole_mRNA,53,15,0053_R0015,2.8771872659082067,2.8771872659082067,38807,38807,241,241,0,0,0,161.02489626556016,296,271.23651452282155,262.15767634854774
66DOPC33DOPG_chole_mRNA,53,16,0053_R0016,0.4417258458033347,0.4417258458033347,5825,5825,37,37,0,0,0,157.43243243243242,172,397.43243243243245,255.43243243243242
66DOPC33DOPG_chole_mRNA,53,17,0053_R0017,0.32234048207270366,0.32234048207270366,4161,4161,27,27,0,0,0,154.11111111111111,164,321.55555555555554,257.18518518518516
66DOPC33DOPG_chole_mRNA,53,18,0053_R0018,0.14326243647675718,0.14326243647675718,1950,1950,12,12,0,0,0,162.5,180,245.08333333333334,259.6666666666667
66DOPC33DOPG_chole_mRNA,53,19,0053_R0019,0.8356975461144169,0.8356975461144169,12561,12561,70,70,0,0,0,179.44285714285715,256,427.74285714285713,264.77142857142854
66DOPC33DOPG_chole_mRNA,53,20,0053_R0020,0.5611112095339656,0.5611112095339656,7270,7270,47,47,0,0,0,154.68085106382978,166,246.87234042553192,269.0425531914894
66DOPC33DOPG_chole_mRNA,53,21,0053_R0021,0.10744682735756789,0.10744682735756789,1411,1411,9,9,0,0,0,156.77777777777777,164,132,268
66DOPC33DOPG_chole_mRNA,53,22,0053_R0022,0.4417258458033347,0.4417258458033347,5866,5866,37,37,0,0,0,158.54054054054055,175,297.97297297297297,269.8918918918919
66DOPC33DOPG_chole_mRNA,53,23,0053_R0023,0.35815609119189296,0.35815609119189296,5351,5351,30,30,0,0,0,178.36666666666667,260,214.36666666666667,275.6333333333333
66DOPC33DOPG_chole_mRNA,53,24,0053_R0024,0.39397170031108225,0.39397170031108225,5686,5686,33,33,0,0,0,172.3030303030303,208,167.27272727272728,278.4848484848485
66DOPC33DOPG_chole_mRNA,53,25,0053_R0025,0.1313239001036941,0.1313239001036941,1705,1705,11,11,0,0,0,155,163,151.27272727272728,285.90909090909093
66DOPC33DOPG_chole_mRNA,53,26,0053_R0026,0.7401892551299122,0.7401892551299122,10137,10137,62,62,0,0,0,163.5,193,185.4516129032258,290.9516129032258
66DOPC33DOPG_chole_mRNA,53,27,0053_R0027,0.3104019456996406,0.3104019456996406,4519,4519,26,26,0,0,0,173.80769230769232,211,175.30769230769232,293.2307692307692
66DOPC33DOPG_chole_mRNA,53,28,0053_R0028,9.658275925808047,9.646337389434985,151065,150917,809,808,1,0,1,186.77846534653466,294,606.7858910891089,317.5693069306931
66DOPC33DOPG_chole_mRNA,53,29,0053_R0029,1.1341609554409944,1.1341609554409944,15734.999999999998,15735,95,95,0,0,0,165.6315789473684,191,638.7052631578947,303.6
66DOPC33DOPG_chole_mRNA,53,30,0053_R0030,0.3104019456996406,0.3104019456996406,4078,4078,26,26,0,0,0,156.84615384615384,176,670.1153846153846,301.1923076923077
66DOPC33DOPG_chole_mRNA,53,31,0053_R0031,0.047754145492252396,0.047754145492252396,620,620,4,4,0,0,0,155,162,213.5,306.5
66DOPC33DOPG_chole_mRNA,53,32,0053_R0032,0.38203316393801917,0.38203316393801917,4866,4866,32,32,0,0,0,152.0625,159,262.53125,313.375
66DOPC33DOPG_chole_mRNA,53,33,0053_R0033,0.3104019456996406,0.3104019456996406,4026,4026,26,26,0,0,0,154.84615384615384,165,300.6923076923077,312.5769230769231
66DOPC33DOPG_chole_mRNA,53,34,0053_R0034,0.17907804559594648,0.17907804559594648,2437,2437,15,15,0,0,0,162.46666666666667,188,152.8,313.2
66DOPC33DOPG_chole_mRNA,53,35,0053_R0035,0.0835697546114417,0.0835697546114417,1058,1058,7,7,0,0,0,151.14285714285714,154,411,316
66DOPC33DOPG_chole_mRNA,53,36,0053_R0036,0.0835697546114417,0.0835697546114417,1078,1078,7,7,0,0,0,154,159,187,321.2857142857143
66DOPC33DOPG_chole_mRNA,53,37,0053_R0037,0.25070926383432507,0.25070926383432507,3424,3424,21,21,0,0,0,163.04761904761904,186,215,322
66DOPC33DOPG_chole_mRNA,53,38,0053_R0038,0.2745863365804513,0.2745863365804513,3705,3705,23,23,0,0,0,161.08695652173913,182,195.91304347826087,323.39130434782606
66DOPC33DOPG_chole_mRNA,53,39,0053_R0039,0.1552009728498203,0.1552009728498203,2010.9999999999998,2011,13,13,0,0,0,154.69230769230768,160,208.23076923076923,321.84615384615387
66DOPC33DOPG_chole_mRNA,53,40,0053_R0040,0.0596926818653155,0.0596926818653155,764,764,5,5,0,0,0,152.8,157,624.8,323.6
66DOPC33DOPG_chole_mRNA,53,41,0053_R0041,0.1671395092228834,0.1671395092228834,2228,2228,14,14,0,0,0,159.14285714285714,178,502.64285714285717,337.2142857142857
66DOPC33DOPG_chole_mRNA,53,42,0053_R0042,0.119385363730631,0.119385363730631,1581,1581,10,10,0,0,0,158.1,168,206.8,337
66DOPC33DOPG_chole_mRNA,53,43,0053_R0043,0.119385363730631,0.119385363730631,1537,1537,10,10,0,0,0,153.7,156,653.3,345.4
66DOPC33DOPG_chole_mRNA,53,44,0053_R0044,2.8771872659082067,2.8771872659082067,41885,41885,241,241,0,0,0,173.7966804979253,243,607.207468879668,355.52697095435684
66DOPC33DOPG_chole_mRNA,53,45,0053_R0045,6.339362814096505,6.339362814096505,93545,93545,531,531,0,0,0,176.16760828625235,329,243.90395480225988,358.5875706214689
66DOPC33DOPG_chole_mRNA,53,46,0053_R0046,0.8237590097413539,0.8237590097413539,11800,11800,69,69,0,0,0,171.0144927536232,220,337.1304347826087,358.9855072463768
66DOPC33DOPG_chole_mRNA,53,47,0053_R0047,0.023877072746126198,0.023877072746126198,305,305,2,2,0,0,0,152.5,153,280,361.5
66DOPC33DOPG_chole_mRNA,53,48,0053_R0048,0.7043736460107228,0.7043736460107228,9096,9096,59,59,0,0,0,154.16949152542372,169,387.7118644067797,369.10169491525426
66DOPC33DOPG_chole_mRNA,53,49,0053_R0049,0.023877072746126198,0.023877072746126198,309,309,2,2,0,0,0,154.5,156,247,363.5
66DOPC33DOPG_chole_mRNA,53,50,0053_R0050,1.3968087556483826,1.3968087556483826,19240,19240,117,117,0,0,0,164.44444444444446,192,653.2393162393163,382.4786324786325
66DOPC33DOPG_chole_mRNA,53,51,0053_R0051,0.17907804559594648,0.17907804559594648,2321,2321,15,15,0,0,0,154.73333333333332,163,269.53333333333336,384.1333333333333
66DOPC33DOPG_chole_mRNA,53,52,0053_R0052,1.074468273575679,1.074468273575679,13928,13928,90,90,0,0,0,154.75555555555556,169,396.2111111111111,386.65555555555557
66DOPC33DOPG_chole_mRNA,53,53,0053_R0053,0.1552009728498203,0.1552009728498203,1984.9999999999998,1985,13,13,0,0,0,152.69230769230768,158,408.84615384615387,393.61538461538464
66DOPC33DOPG_chole_mRNA,53,54,0053_R0054,0.6208038913992812,0.6208038913992812,8147.999999999999,8148,52,52,0,0,0,156.69230769230768,171,372.63461538461536,399.7692307692308
66DOPC33DOPG_chole_mRNA,53,55,0053_R0055,2.328014592747304,2.328014592747304,31499,31499,195,195,0,0,0,161.53333333333333,192,354.5487179487179,407.28205128205127
66DOPC33DOPG_chole_mRNA,53,56,0053_R0056,0.023877072746126198,0.023877072746126198,302,302,2,2,0,0,0,151,152,410,399.5
66DOPC33DOPG_chole_mRNA,53,57,0053_R0057,0.2984634093265775,0.2984634093265775,3809.0000000000005,3809,25,25,0,0,0,152.36,156,295.84,402.72
66DOPC33DOPG_chole_mRNA,53,58,0053_R0058,0.2984634093265775,0.2984634093265775,3896,3896,25,25,0,0,0,155.84,173,303.84,408.04
66DOPC33DOPG_chole_mRNA,53,59,0053_R0059,0.1313239001036941,0.1313239001036941,1709,1709,11,11,0,0,0,155.36363636363637,162,259.09090909090907,407.6363636363636
66DOPC33DOPG_chole_mRNA,53,60,0053_R0060,0.023877072746126198,0.023877072746126198,304,304,2,2,0,0,0,152,155,74.5,411
66DOPC33DOPG_chole_mRNA,53,61,0053_R0061,0.19101658196900959,0.19101658196900959,2624,2624,16,16,0,0,0,164,186,393.125,415.3125
66DOPC33DOPG_chole_mRNA,53,62,0053_R0062,0.09550829098450479,0.09550829098450479,1273,1273,8,8,0,0,0,159.125,171,118.5,418
66DOPC33DOPG_chole_mRNA,53,63,0053_R0063,0.023877072746126198,0.023877072746126198,306,306,2,2,0,0,0,153,153,362.5,421.5
66DOPC33DOPG_chole_mRNA,53,64,0053_R0064,2.4951541019701877,2.4951541019701877,34707,34707,209,209,0,0,0,166.0622009569378,195,533.3253588516747,444.42105263157896
66DOPC33DOPG_chole_mRNA,53,65,0053_R0065,2.411584347358746,2.411584347358746,35186,35186,202,202,0,0,0,174.1881188118812,215,371.45544554455444,459.9009900990099
66DOPC33DOPG_chole_mRNA,53,66,0053_R0066,0.023877072746126198,0.023877072746126198,303,303,2,2,0,0,0,151.5,152,551,452.5
66DOPC33DOPG_chole_mRNA,53,67,0053_R0067,1.3371160737830672,1.3132390010369408,17462,17170,112,110,2,0,1,156.0909090909091,178,584.4454545454546,464.6454545454545
66DOPC33DOPG_chole_mRNA,53,68,0053_R0068,1.3609931465291933,1.3609931465291933,17801,17801,114,114,0,0,0,156.14912280701753,168,531.2017543859649,471.3070175438597
66DOPC33DOPG_chole_mRNA,53,69,0053_R0069,0.17907804559594648,0.17907804559594648,2304,2304,15,15,0,0,0,153.6,160,552.6666666666666,467.6666666666667
66DOPC33DOPG_chole_mRNA,53,70,0053_R0070,0.25070926383432507,0.25070926383432507,3353,3353,21,21,0,0,0,159.66666666666666,171,556.952380952381,472.8095238095238
66DOPC33DOPG_chole_mRNA,53,71,0053_R0071,0.7640663278760383,0.7640663278760383,10472,10472,64,64,0,0,0,163.625,185,565.859375,478.796875
66DOPC33DOPG_chole_mRNA,53,72,0053_R0072,0.035815609119189296,0.035815609119189296,471,471,3,3,0,0,0,157,159,635.3333333333334,481.3333333333333
66DOPC33DOPG_chole_mRNA,53,73,0053_R0073,1.1102838826948682,1.1102838826948682,14767.999999999998,14768,93,93,0,0,0,158.79569892473117,194,566.741935483871,501.6666666666667
66DOPC33DOPG_chole_mRNA,53,74,0053_R0074,1.6475180194827077,1.6475180194827077,24011,24011,138,138,0,0,0,173.9927536231884,213,414.5652173913044,498.4130434782609
66DOPC33DOPG_chole_mRNA,53,75,0053_R0075,1.0028370553373003,1.0028370553373003,13804,13804,84,84,0,0,0,164.33333333333334,185,583.452380952381,497.45238095238096
66DOPC33DOPG_chole_mRNA,53,76,0053_R0076,0.023877072746126198,0.023877072746126198,308,308,2,2,0,0,0,154,155,562.5,499
66DOPC33DOPG_chole_mRNA,53,77,0053_R0077,0.3342790184457668,0.3342790184457668,4764,4764,28,28,0,0,0,170.14285714285714,212,396.5,502.67857142857144
66DOPC33DOPG_chole_mRNA,53,78,0053_R0078,0.5491726731609026,0.5491726731609026,7193,7193,46,46,0,0,0,156.3695652173913,171,314.5,504.67391304347825
66DOPC33DOPG_chole_mRNA,53,79,0053_R0079,0.119385363730631,0.119385363730631,1512,1512,10,10,0,0,0,151.2,155,312.1,515.4
66DOPC33DOPG_chole_mRNA,53,80,0053_R0080,0.035815609119189296,0.035815609119189296,462,462,3,3,0,0,0,154,163,270.3333333333333,519.3333333333334
66DOPC33DOPG_chole_mRNA,53,81,0053_R0081,1.2654848555446885,1.2654848555446885,16569,16569,106,106,0,0,0,156.31132075471697,172,320.5377358490566,527.6132075471698
66DOPC33DOPG_chole_mRNA,53,82,0053_R0082,0.07163121823837859,0.07163121823837859,910,910,6,6,0,0,0,151.66666666666666,154,332.1666666666667,524.3333333333334
66DOPC33DOPG_chole_mRNA,53,83,0053_R0083,0.22683219108819888,0.22683219108819888,2900,2900,19,19,0,0,0,152.6315789473684,161,198.8421052631579,533.6315789473684
66DOPC33DOPG_chole_mRNA,53,84,0053_R0084,0.5491726731609026,0.5491726731609026,7582,7582,46,46,0,0,0,164.82608695652175,204,199.3695652173913,547.6739130434783
66DOPC33DOPG_chole_mRNA,53,85,0053_R0085,0.2626478002073882,0.2626478002073882,3355,3355,22,22,0,0,0,152.5,157,207.54545454545453,547.6363636363636
66DOPC33DOPG_chole_mRNA,53,86,0053_R0086,0.07163121823837859,0.07163121823837859,920,920,6,6,0,0,0,153.33333333333334,158,293.5,559
66DOPC33DOPG_chole_mRNA,53,87,0053_R0087,0.035815609119189296,0.035815609119189296,458,458,3,3,0,0,0,152.66666666666666,154,230.66666666666666,565.6666666666666
66DOPC33DOPG_chole_mRNA,53,88,0053_R0088,0.1671395092228834,0.1671395092228834,2133,2133,14,14,0,0,0,152.35714285714286,158,644.0714285714286,580.2857142857143
66DOPC33DOPG_chole_mRNA,53,89,0053_R0089,2.6622936111930713,2.6622936111930713,50769,50769,223,223,0,0,0,227.66367713004485,439,32.10762331838565,604.7085201793722
66DOPC33DOPG_chole_mRNA,53,90,0053_R0090,0.5491726731609026,0.5491726731609026,7323.999999999999,7324,46,46,0,0,0,159.2173913043478,179,451.04347826086956,639.5217391304348
66DOPC33DOPG_chole_mRNA,53,91,0053_R0091,1.181915100933247,1.181915100933247,19537,19537,99,99,0,0,0,197.34343434343435,285,3.7777777777777777,645.6060606060606
66DOPC33DOPG_chole_mRNA,53,92,0053_R0092,0.047754145492252396,0.047754145492252396,606,606,4,4,0,0,0,151.5,153,481.5,655
66DOPC33DOPG_chole_mRNA,53,93,0053_R0093,0.19101658196900959,0.19101658196900959,2484,2484,16,16,0,0,0,155.25,163,0.625,662.625
66DOPC33DOPG_chole_mRNA,53,94,0053_R0094,0.047754145492252396,0.047754145492252396,608,608,4,4,0,0,0,152,158,482.5,683.25
66DOPC33DOPG_chole_mRNA,53,95,0053_R0095,0.35815609119189296,0.35815609119189296,5639,5639,30,30,0,0,0,187.96666666666667,267,683.3666666666667,690.3666666666667
66DOPC33DOPG_chole_mRNA,54,1,0054_R0001,0.4059102366841454,0.4059102366841454,5418,5418,34,34,0,0,0,159.35294117647058,179,422.1470588235294,3.088235294117647
66DOPC33DOPG_chole_mRNA,54,2,0054_R0002,0.4059102366841454,0.4059102366841454,5348,5348,34,34,0,0,0,157.2941176470588,172,177.8235294117647,73.70588235294117
66DOPC33DOPG_chole_mRNA,54,3,0054_R0003,2.148936547151358,2.148936547151358,29915.000000000004,29915,180,180,0,0,0,166.19444444444446,198,188.73888888888888,83
66DOPC33DOPG_chole_mRNA,54,4,0054_R0004,6.160284768500559,6.160284768500559,95246,95246,516,516,0,0,0,184.58527131782947,249,138.56782945736435,92.87984496124031
66DOPC33DOPG_chole_mRNA,54,5,0054_R0005,0.047754145492252396,0.047754145492252396,601,601,4,4,0,0,0,150.25,151,254.5,106.5
66DOPC33DOPG_chole_mRNA,54,6,0054_R0006,0.45366438217639776,0.45366438217639776,5949,5949,38,38,0,0,0,156.55263157894737,168,116.55263157894737,115.07894736842105
66DOPC33DOPG_chole_mRNA,54,7,0054_R0007,0.4059102366841454,0.4059102366841454,5311,5311,34,34,0,0,0,156.2058823529412,169,603.5588235294117,127.26470588235294
66DOPC33DOPG_chole_mRNA,54,8,0054_R0008,0.0596926818653155,0.0596926818653155,755,755,5,5,0,0,0,151,152,588.2,133.4
66DOPC33DOPG_chole_mRNA,54,9,0054_R0009,0.5372341367878395,0.5372341367878395,7091,7091,45,45,0,0,0,157.57777777777778,170,248.2,143.88888888888889
66DOPC33DOPG_chole_mRNA,54,10,0054_R0010,0.9431443734719849,0.9431443734719849,13039,13039,79,79,0,0,0,165.0506329113924,191,332.3164556962025,154.39240506329114
66DOPC33DOPG_chole_mRNA,54,11,0054_R0011,0.7163121823837859,0.7163121823837859,9899,9899,60,60,0,0,0,164.98333333333332,186,165.06666666666666,157.25
66DOPC33DOPG_chole_mRNA,54,12,0054_R0012,0.5252956004147764,0.5252956004147764,6901,6901,44,44,0,0,0,156.8409090909091,172,184.20454545454547,161.54545454545453
66DOPC33DOPG_chole_mRNA,54,13,0054_R0013,0.3342790184457668,0.3342790184457668,4329,4329,28,28,0,0,0,154.60714285714286,164,686.5714285714286,168.85714285714286
66DOPC33DOPG_chole_mRNA,54,14,0054_R0014,0.7640663278760383,0.7640663278760383,10182,10182,64,64,0,0,0,159.09375,174,384.203125,189.984375
66DOPC33DOPG_chole_mRNA,54,15,0054_R0015,0.023877072746126198,0.023877072746126198,305,305,2,2,0,0,0,152.5,153,159,190.5
66DOPC33DOPG_chole_mRNA,54,16,0054_R0016,0.035815609119189296,0.035815609119189296,449,449,3,3,0,0,0,149.66666666666666,151,124.66666666666667,196.66666666666666
66DOPC33DOPG_chole_mRNA,54,17,0054_R0017,0.023877072746126198,0.023877072746126198,311,311,2,2,0,0,0,155.5,157,620.5,199
66DOPC33DOPG_chole_mRNA,54,18,0054_R0018,0.035815609119189296,0.035815609119189296,459,459,3,3,0,0,0,153,156,590.3333333333334,202.33333333333334
66DOPC33DOPG_chole_mRNA,54,19,0054_R0019,0.0835697546114417,0.0835697546114417,1066,1066,7,7,0,0,0,152.28571428571428,156,395.14285714285717,205.28571428571428
66DOPC33DOPG_chole_mRNA,54,20,0054_R0020,0.023877072746126198,0.023877072746126198,313,313,2,2,0,0,0,156.5,161,214.5,205
66DOPC33DOPG_chole_mRNA,54,21,0054_R0021,0.4417258458033347,0.4417258458033347,5805.999999999999,5806,37,37,0,0,0,156.9189189189189,175,149.6216216216216,209.3783783783784
66DOPC33DOPG_chole_mRNA,54,22,0054_R0022,0.9312058370989217,0.9312058370989217,12533.999999999998,12534,78,78,0,0,0,160.69230769230768,175,185.0897435897436,212.73076923076923
66DOPC33DOPG_chole_mRNA,54,23,0054_R0023,0.1552009728498203,0.1552009728498203,1986,1986,13,13,0,0,0,152.76923076923077,157,114.23076923076923,224.3846153846154
66DOPC33DOPG_chole_mRNA,54,24,0054_R0024,0.6685580368915336,0.6685580368915336,8857,8857,56,56,0,0,0,158.16071428571428,174,462.32142857142856,237.75
66DOPC33DOPG_chole_mRNA,54,25,0054_R0025,1.1699765645601836,1.1580380281871205,15047.999999999998,14903,98,97,1,0,1,153.63917525773195,166,439.88659793814435,241.64948453608247
66DOPC33DOPG_chole_mRNA,54,26,0054_R0026,0.2984634093265775,0.2984634093265775,3901,3901,25,25,0,0,0,156.04,168,125.56,237.92
66DOPC33DOPG_chole_mRNA,54,27,0054_R0027,0.17907804559594648,0.17907804559594648,2285,2285,15,15,0,0,0,152.33333333333334,157,549.6,240.26666666666668
66DOPC33DOPG_chole_mRNA,54,28,0054_R0028,0.28652487295351436,0.28652487295351436,3642,3642,24,24,0,0,0,151.75,159,161.04166666666666,243.45833333333334
66DOPC33DOPG_chole_mRNA,54,29,0054_R0029,0.238770727461262,0.238770727461262,3070,3070,20,20,0,0,0,153.5,162,221.2,243.5
66DOPC33DOPG_chole_mRNA,54,30,0054_R0030,0.3104019456996406,0.3104019456996406,3953,3953,26,26,0,0,0,152.03846153846155,160,422.9230769230769,242.8846153846154
66DOPC33DOPG_chole_mRNA,54,31,0054_R0031,1.062529737202616,1.0505912008295528,13732.000000000002,13585,89,88,1,0,1,154.375,177,421.04545454545456,254.4090909090909
66DOPC33DOPG_chole_mRNA,54,32,0054_R0032,1.707210701348023,1.707210701348023,22904,22904,143,143,0,0,0,160.16783216783216,190,384.16783216783216,274.4755244755245
66DOPC33DOPG_chole_mRNA,54,33,0054_R0033,0.7163121823837859,0.7163121823837859,9377,9377,60,60,0,0,0,156.28333333333333,169,179.43333333333334,274.4166666666667
66DOPC33DOPG_chole_mRNA,54,34,0054_R0034,1.0983453463218051,1.0983453463218051,14271,14271,92,92,0,0,0,155.1195652173913,174,402.2173913043478,280.4347826086956
66DOPC33DOPG_chole_mRNA,54,35,0054_R0035,0.6327424277723442,0.6327424277723442,8381,8381,53,53,0,0,0,158.1320754716981,174,184.33962264150944,284.45283018867923
66DOPC33DOPG_chole_mRNA,54,36,0054_R0036,0.25070926383432507,0.25070926383432507,3275,3275,21,21,0,0,0,155.95238095238096,162,172.47619047619048,285.04761904761904
66DOPC33DOPG_chole_mRNA,54,37,0054_R0037,1.3132390010369408,1.3132390010369408,17476,17476,110,110,0,0,0,158.87272727272727,176,300.2181818181818,304.73636363636365
66DOPC33DOPG_chole_mRNA,54,38,0054_R0038,0.07163121823837859,0.07163121823837859,908,908,6,6,0,0,0,151.33333333333334,152,298.3333333333333,315.3333333333333
66DOPC33DOPG_chole_mRNA,54,39,0054_R0039,0.023877072746126198,0.023877072746126198,306,306,2,2,0,0,0,153,156,293,317.5
66DOPC33DOPG_chole_mRNA,54,40,0054_R0040,1.7191492377210862,1.7191492377210862,28415,28415,144,144,0,0,0,197.32638888888889,288,307.56944444444446,324.21527777777777
66DOPC33DOPG_chole_mRNA,54,41,0054_R0041,0.0835697546114417,0.0835697546114417,1111,1111,7,7,0,0,0,158.71428571428572,169,700.2857142857143,330
66DOPC33DOPG_chole_mRNA,54,42,0054_R0042,0.6446809641454073,0.6446809641454073,8550,8550,54,54,0,0,0,158.33333333333334,176,139.62962962962962,349.44444444444446
66DOPC33DOPG_chole_mRNA,54,43,0054_R0043,0.1313239001036941,0.1313239001036941,1669,1669,11,11,0,0,0,151.72727272727272,156,660.9090909090909,348.6363636363636
66DOPC33DOPG_chole_mRNA,54,44,0054_R0044,0.047754145492252396,0.047754145492252396,612,612,4,4,0,0,0,153,156,563.5,348.5
66DOPC33DOPG_chole_mRNA,54,45,0054_R0045,0.8953902279797324,0.8953902279797324,12251,12251,75,75,0,0,0,163.34666666666666,199,130.22666666666666,353.62666666666667
66DOPC33DOPG_chole_mRNA,54,46,0054_R0046,0.10744682735756789,0.10744682735756789,1432,1432,9,9,0,0,0,159.11111111111111,168,683.1111111111111,351.3333333333333
66DOPC33DOPG_chole_mRNA,54,47,0054_R0047,0.0596926818653155,0.0596926818653155,763,763,5,5,0,0,0,152.6,157,568.8,355.6
66DOPC33DOPG_chole_mRNA,54,48,0054_R0048,0.0596926818653155,0.0596926818653155,758,758,5,5,0,0,0,151.6,153,560,365.6
66DOPC33DOPG_chole_mRNA,54,49,0054_R0049,3.020449702384964,3.020449702384964,39488,39488,253,253,0,0,0,156.07905138339922,174,539.403162055336,378.24505928853756
66DOPC33DOPG_chole_mRNA,54,50,0054_R0050,0.6924351096376598,0.6924351096376598,9412,9412,58,58,0,0,0,162.27586206896552,179,334.82758620689657,384.48275862068965
66DOPC33DOPG_chole_mRNA,54,51,0054_R0051,0.8118204733682908,0.8118204733682908,11121,11121,68,68,0,0,0,163.5441176470588,191,537.0882352941177,393.02941176470586
66DOPC33DOPG_chole_mRNA,54,52,0054_R0052,0.2984634093265775,0.2984634093265775,3977.0000000000005,3977,25,25,0,0,0,159.08,177,512.72,402.48
66DOPC33DOPG_chole_mRNA,54,53,0054_R0053,1.19385363730631,1.19385363730631,15618,15618,100,100,0,0,0,156.18,170,465.27,405.83
66DOPC33DOPG_chole_mRNA,54,54,0054_R0054,0.035815609119189296,0.035815609119189296,453,453,3,3,0,0,0,151,152,472,401
66DOPC33DOPG_chole_mRNA,54,55,0054_R0055,0.5491726731609026,0.5491726731609026,7076,7076,46,46,0,0,0,153.82608695652175,166,527.2173913043479,405.19565217391306
66DOPC33DOPG_chole_mRNA,54,56,0054_R0056,2.053428256166853,2.053428256166853,28050,28050,172,172,0,0,0,163.08139534883722,184,479.0639534883721,412.61046511627904
66DOPC33DOPG_chole_mRNA,54,57,0054_R0057,0.1313239001036941,0.1313239001036941,1712,1712,11,11,0,0,0,155.63636363636363,170,331.6363636363636,408.54545454545456
66DOPC33DOPG_chole_mRNA,54,58,0054_R0058,0.48947999129558706,0.48947999129558706,8283,8283,41,41,0,0,0,202.02439024390245,338,541.2682926829268,413.4390243902439
66DOPC33DOPG_chole_mRNA,54,59,0054_R0059,0.09550829098450479,0.09550829098450479,1217,1217,8,8,0,0,0,152.125,155,434.125,413.25
66DOPC33DOPG_chole_mRNA,54,60,0054_R0060,0.41784877305720847,0.41784877305720847,5294,5294,35,35,0,0,0,151.25714285714287,157,305.51428571428573,428.2857142857143
66DOPC33DOPG_chole_mRNA,54,61,0054_R0061,0.047754145492252396,0.047754145492252396,606,606,4,4,0,0,0,151.5,153,309.5,430
66DOPC33DOPG_chole_mRNA,54,62,0054_R0062,1.8385346014517172,1.8385346014517172,24538.000000000004,24538,154,154,0,0,0,159.33766233766235,181,688.7792207792207,456.2597402597403
66DOPC33DOPG_chole_mRNA,54,63,0054_R0063,1.934042892436222,1.934042892436222,31156,31156,162,162,0,0,0,192.320987654321,280,103.49382716049382,500.28395061728395
66DOPC33DOPG_chole_mRNA,54,64,0054_R0064,2.6622936111930713,2.6622936111930713,37558,37558,223,223,0,0,0,168.42152466367713,226,363.6188340807175,530.4439461883408
66DOPC33DOPG_chole_mRNA,54,65,0054_R0065,0.0835697546114417,0.0835697546114417,1069,1069,7,7,0,0,0,152.71428571428572,157,381,535.7142857142857
66DOPC33DOPG_chole_mRNA,54,66,0054_R0066,0.0596926818653155,0.0596926818653155,763,763,5,5,0,0,0,152.6,156,407,535.4
66DOPC33DOPG_chole_mRNA,54,67,0054_R0067,1.1222224190679313,1.1222224190679313,17621,17621,94,94,0,0,0,187.45744680851064,260,531.6170212765958,552.8829787234042
66DOPC33DOPG_chole_mRNA,54,68,0054_R0068,9.598583243942732,9.598583243942732,140091,140091,804,804,0,0,0,174.24253731343285,259,499.6181592039801,570.8022388059702
66DOPC33DOPG_chole_mRNA,54,69,0054_R0069,0.035815609119189296,0.035815609119189296,458,458,3,3,0,0,0,152.66666666666666,157,412.6666666666667,558.6666666666666
66DOPC33DOPG_chole_mRNA,54,70,0054_R0070,5.420095513370647,5.420095513370647,77948,77948,454,454,0,0,0,171.69162995594715,226,563.7466960352423,571.931718061674
66DOPC33DOPG_chole_mRNA,54,71,0054_R0071,0.6208038913992812,0.6208038913992812,8089.999999999999,8090,52,52,0,0,0,155.57692307692307,170,581.8269230769231,565.5192307692307
66DOPC33DOPG_chole_mRNA,54,72,0054_R0072,0.6566195005184704,0.6566195005184704,12177,12177,55,55,0,0,0,221.4,454,665.5636363636364,571.9636363636364
66DOPC33DOPG_chole_mRNA,54,73,0054_R0073,7.807802787983267,7.795864251610204,129850,129707,654,653,1,0,1,198.6324655436447,511,608.8912710566616,581.9938744257274
66DOPC33DOPG_chole_mRNA,54,74,0054_R0074,0.19101658196900959,0.19101658196900959,2518,2518,16,16,0,0,0,157.375,172,542.25,581.375
66DOPC33DOPG_chole_mRNA,54,75,0054_R0075,10.08806323523832,10.08806323523832,167792,167792,845,845,0,0,0,198.57041420118344,358,633.8473372781065,597.9739644970414
66DOPC33DOPG_chole_mRNA,54,76,0054_R0076,14.517260229644728,14.469506084152476,219497,218921,1216,1212,4,0,1,180.62788778877888,293,554.9339933993399,609.8853135313532
66DOPC33DOPG_chole_mRNA,54,77,0054_R0077,3.605437984665056,3.605437984665056,55026,55026,302,302,0,0,0,182.20529801324503,288,664.4271523178808,606.0364238410596
66DOPC33DOPG_chole_mRNA,54,78,0054_R0078,0.035815609119189296,0.035815609119189296,462,462,3,3,0,0,0,154,159,600.6666666666666,599.3333333333334
66DOPC33DOPG_chole_mRNA,54,79,0054_R0079,0.035815609119189296,0.035815609119189296,458,458,3,3,0,0,0,152.66666666666666,155,503.6666666666667,600.6666666666666
66DOPC33DOPG_chole_mRNA,54,80,0054_R0080,0.46560291854946084,0.46560291854946084,6333,6333,39,39,0,0,0,162.3846153846154,188,590.4358974358975,611.3589743589744
66DOPC33DOPG_chole_mRNA,54,81,0054_R0081,0.6804965732645967,0.6804965732645967,9559,9559,57,57,0,0,0,167.7017543859649,196,679.3508771929825,614.1929824561404
66DOPC33DOPG_chole_mRNA,54,82,0054_R0082,0.5252956004147764,0.5252956004147764,6924,6924,44,44,0,0,0,157.36363636363637,172,356.29545454545456,630.1136363636364
66DOPC33DOPG_chole_mRNA,55,1,0055_R0001,0.25070926383432507,0.25070926383432507,3490.0000000000005,3490,21,21,0,0,0,166.1904761904762,180,405.42857142857144,3.619047619047619
66DOPC33DOPG_chole_mRNA,55,2,0055_R0002,0.035815609119189296,0.035815609119189296,484,484,3,3,0,0,0,161.33333333333334,163,456.6666666666667,30.333333333333332
66DOPC33DOPG_chole_mRNA,55,3,0055_R0003,1.5400711921251398,1.5400711921251398,29145,29145,129,129,0,0,0,225.93023255813952,357,420.71317829457365,42.29457364341085
66DOPC33DOPG_chole_mRNA,55,4,0055_R0004,0.3104019456996406,0.3104019456996406,4253,4253,26,26,0,0,0,163.57692307692307,177,458.0769230769231,39.61538461538461
66DOPC33DOPG_chole_mRNA,55,5,0055_R0005,2.4235228837318092,2.4235228837318092,48935,48935,203,203,0,0,0,241.0591133004926,481,445.4975369458128,45.57142857142857
66DOPC33DOPG_chole_mRNA,55,6,0055_R0006,2.04148971979379,2.04148971979379,32799,32799,171,171,0,0,0,191.80701754385964,243,469.9356725146199,46.0233918128655
66DOPC33DOPG_chole_mRNA,55,7,0055_R0007,0.1552009728498203,0.1552009728498203,2230,2230,13,13,0,0,0,171.53846153846155,196,360.61538461538464,178.6153846153846
66DOPC33DOPG_chole_mRNA,55,8,0055_R0008,1.910165819690096,1.910165819690096,27228,27228,160,160,0,0,0,170.175,200,383.86875,230.025
66DOPC33DOPG_chole_mRNA,55,9,0055_R0009,0.6088653550262181,0.6088653550262181,8421,8421,51,51,0,0,0,165.11764705882354,182,364.3333333333333,250.1764705882353
66DOPC33DOPG_chole_mRNA,55,10,0055_R0010,1.683333628601897,1.683333628601897,31176,31176,141,141,0,0,0,221.10638297872342,320,347.17021276595744,252.74468085106383
66DOPC33DOPG_chole_mRNA,55,11,0055_R0011,0.1671395092228834,0.1671395092228834,2268,2268,14,14,0,0,0,162,168,561.5,251.71428571428572
66DOPC33DOPG_chole_mRNA,55,12,0055_R0012,3.020449702384964,3.020449702384964,51504,51504,253,253,0,0,0,203.57312252964428,355,325.2292490118577,276.30830039525694
66DOPC33DOPG_chole_mRNA,55,13,0055_R0013,2.280260447255052,2.280260447255052,38379,38379,191,191,0,0,0,200.9371727748691,305,334.5549738219895,294.8324607329843
66DOPC33DOPG_chole_mRNA,55,14,0055_R0014,0.22683219108819888,0.22683219108819888,3267,3267,19,19,0,0,0,171.94736842105263,201,634.2105263157895,289.63157894736844
66DOPC33DOPG_chole_mRNA,55,15,0055_R0015,1.5520097284982028,1.5520097284982028,22637,22637,130,130,0,0,0,174.13076923076923,206,464.68461538461537,304.9307692307692
66DOPC33DOPG_chole_mRNA,55,16,0055_R0016,2.280260447255052,2.280260447255052,38226,38226,191,191,0,0,0,200.13612565445027,281,327.4554973821989,312.282722513089
66DOPC33DOPG_chole_mRNA,55,17,0055_R0017,0.38203316393801917,0.38203316393801917,5224,5224,32,32,0,0,0,163.25,178,474.875,309.71875
66DOPC33DOPG_chole_mRNA,55,18,0055_R0018,0.9192673007258586,0.9192673007258586,14619,14619,77,77,0,0,0,189.85714285714286,256,441.2597402597403,315.2857142857143
66DOPC33DOPG_chole_mRNA,55,19,0055_R0019,3.127896529742532,3.127896529742532,52160,52160,262,262,0,0,0,199.08396946564886,285,289.1145038167939,323.59923664122135
66DOPC33DOPG_chole_mRNA,55,20,0055_R0020,0.1671395092228834,0.1671395092228834,2232,2232,14,14,0,0,0,159.42857142857142,166,488.57142857142856,321.7857142857143
66DOPC33DOPG_chole_mRNA,55,21,0055_R0021,0.6327424277723442,0.6327424277723442,9874,9874,53,53,0,0,0,186.30188679245282,229,567.9622641509434,326.79245283018867
66DOPC33DOPG_chole_mRNA,55,22,0055_R0022,0.3462175548188299,0.3462175548188299,4995,4995,29,29,0,0,0,172.24137931034483,208,186.6206896551724,332.9310344827586
66DOPC33DOPG_chole_mRNA,55,23,0055_R0023,0.38203316393801917,0.38203316393801917,5324,5324,32,32,0,0,0,166.375,185,475.6875,353.25
66DOPC33DOPG_chole_mRNA,55,24,0055_R0024,1.3013004646638777,1.2774233919177516,17489,17185,109,107,2,0,1,160.60747663551402,176,377.2429906542056,361.89719626168227
66DOPC33DOPG_chole_mRNA,55,25,0055_R0025,0.8237590097413539,0.8237590097413539,11450,11450,69,69,0,0,0,165.94202898550725,182,441.6521739130435,355.463768115942
66DOPC33DOPG_chole_mRNA,55,26,0055_R0026,0.238770727461262,0.238770727461262,3255,3255,20,20,0,0,0,162.75,167,507.7,354.25
66DOPC33DOPG_chole_mRNA,55,27,0055_R0027,0.035815609119189296,0.035815609119189296,478,478,3,3,0,0,0,159.33333333333334,163,382.3333333333333,363.3333333333333
66DOPC33DOPG_chole_mRNA,55,28,0055_R0028,0.035815609119189296,0.035815609119189296,482,482,3,3,0,0,0,160.66666666666666,166,514,363
66DOPC33DOPG_chole_mRNA,55,29,0055_R0029,2.4832155655971246,2.4832155655971246,36817,36817,208,208,0,0,0,177.00480769230768,230,533.4855769230769,373.22596153846155
66DOPC33DOPG_chole_mRNA,55,30,0055_R0030,0.2029551183420727,0.2029551183420727,2726,2726,17,17,0,0,0,160.35294117647058,169,506.52941176470586,369.11764705882354
66DOPC33DOPG_chole_mRNA,55,31,0055_R0031,0.119385363730631,0.119385363730631,1622,1622,10,10,0,0,0,162.2,173,278.8,374.9
66DOPC33DOPG_chole_mRNA,55,32,0055_R0032,0.35815609119189296,0.35815609119189296,4968,4968,30,30,0,0,0,165.6,184,480.6666666666667,382.8
66DOPC33DOPG_chole_mRNA,55,33,0055_R0033,1.4326243647675718,1.4326243647675718,22523,22523,120,120,0,0,0,187.69166666666666,243,478.4583333333333,402.06666666666666
66DOPC33DOPG_chole_mRNA,55,34,0055_R0034,2.3399531291203672,2.3399531291203672,32661,32661,196,196,0,0,0,166.6377551020408,182,294.0357142857143,410.91326530612247
66DOPC33DOPG_chole_mRNA,55,35,0055_R0035,1.086406809948742,1.086406809948742,16835,16835,91,91,0,0,0,185,237,506.53846153846155,411.86813186813185
66DOPC33DOPG_chole_mRNA,55,36,0055_R0036,1.5161941193790136,1.5161941193790136,25856,25856,127,127,0,0,0,203.59055118110237,307,482.9133858267717,432.12598425196853
66DOPC33DOPG_chole_mRNA,55,37,0055_R0037,4.858984303836682,4.835107231090555,78968,78665,407,405,2,0,1,194.23456790123456,334,325.6395061728395,453.3432098765432
66DOPC33DOPG_chole_mRNA,55,38,0055_R0038,0.023877072746126198,0.023877072746126198,317,317,2,2,0,0,0,158.5,160,319.5,445
66DOPC33DOPG_chole_mRNA,55,39,0055_R0039,0.0596926818653155,0.0596926818653155,798,798,5,5,0,0,0,159.6,163,310.8,447.2
66DOPC33DOPG_chole_mRNA,55,40,0055_R0040,1.8862887469439698,1.8862887469439698,35770,35770,158,158,0,0,0,226.39240506329114,404,503.37974683544303,474.753164556962
66DOPC33DOPG_chole_mRNA,55,41,0055_R0041,0.023877072746126198,0.023877072746126198,324,324,2,2,0,0,0,162,166,180.5,471
66DOPC33DOPG_chole_mRNA,55,42,0055_R0042,0.1671395092228834,0.1671395092228834,2320,2320,14,14,0,0,0,165.71428571428572,188,207.5,494.7142857142857
66DOPC33DOPG_chole_mRNA,55,43,0055_R0043,8.834516916066693,8.834516916066693,123511,123511,740,740,0,0,0,166.90675675675675,218,440.74864864864867,513.0554054054054
66DOPC33DOPG_chole_mRNA,55,44,0055_R0044,0.238770727461262,0.238770727461262,3274,3274,20,20,0,0,0,163.7,176,214.35,507.3
66DOPC33DOPG_chole_mRNA,55,45,0055_R0045,1.8504731378247803,1.8504731378247803,28580,28580,155,155,0,0,0,184.38709677419354,294,474.98709677419356,512.7677419354839
66DOPC33DOPG_chole_mRNA,55,46,0055_R0046,0.19101658196900959,0.19101658196900959,2669,2669,16,16,0,0,0,166.8125,187,340.5,507.5
66DOPC33DOPG_chole_mRNA,55,47,0055_R0047,0.4059102366841454,0.4059102366841454,6109,6109,34,34,0,0,0,179.6764705882353,239,381.4117647058824,508.6764705882353
66DOPC33DOPG_chole_mRNA,55,48,0055_R0048,0.035815609119189296,0.035815609119189296,477,477,3,3,0,0,0,159,164,426.6666666666667,517.3333333333334
66DOPC33DOPG_chole_mRNA,55,49,0055_R0049,0.035815609119189296,0.035815609119189296,479,479,3,3,0,0,0,159.66666666666666,160,420,523.3333333333334
66DOPC33DOPG_chole_mRNA,55,50,0055_R0050,13.657685610784185,12.989127573892652,193770,185202,1144,1088,56,0,1,170.22242647058823,285,405.31525735294116,544.2389705882352
66DOPC33DOPG_chole_mRNA,55,51,0055_R0051,0.023877072746126198,0.023877072746126198,320,320,2,2,0,0,0,160,161,417,527.5
66DOPC33DOPG_chole_mRNA,55,52,0055_R0052,0.09550829098450479,0.09550829098450479,1279,1279,8,8,0,0,0,159.875,165,428.25,527.875
66DOPC33DOPG_chole_mRNA,55,53,0055_R0053,0.9073287643527955,0.9073287643527955,12503,12503,76,76,0,0,0,164.51315789473685,194,470.67105263157896,531.75
66DOPC33DOPG_chole_mRNA,55,54,0055_R0054,0.023877072746126198,0.023877072746126198,316,316,2,2,0,0,0,158,159,419.5,529.5
66DOPC33DOPG_chole_mRNA,55,55,0055_R0055,0.035815609119189296,0.035815609119189296,479,479,3,3,0,0,0,159.66666666666666,163,432.6666666666667,529.3333333333334
66DOPC33DOPG_chole_mRNA,55,56,0055_R0056,0.047754145492252396,0.047754145492252396,635,635,4,4,0,0,0,158.75,160,452.5,532
66DOPC33DOPG_chole_mRNA,55,57,0055_R0057,0.035815609119189296,0.035815609119189296,477,477,3,3,0,0,0,159,162,435.3333333333333,537.6666666666666
66DOPC33DOPG_chole_mRNA,55,58,0055_R0058,0.1671395092228834,0.1671395092228834,2269,2269,14,14,0,0,0,162.07142857142858,176,363.7142857142857,541.5
66DOPC33DOPG_chole_mRNA,55,59,0055_R0059,0.023877072746126198,0.023877072746126198,322,322,2,2,0,0,0,161,162,447,542.5
66DOPC33DOPG_chole_mRNA,55,60,0055_R0060,0.035815609119189296,0.035815609119189296,479,479,3,3,0,0,0,159.66666666666666,164,419.6666666666667,548.3333333333334
66DOPC33DOPG_chole_mRNA,55,61,0055_R0061,0.07163121823837859,0.07163121823837859,956,956,6,6,0,0,0,159.33333333333334,163,424.1666666666667,549
66DOPC33DOPG_chole_mRNA,55,62,0055_R0062,0.023877072746126198,0.023877072746126198,317,317,2,2,0,0,0,158.5,159,421.5,552.5
66DOPC33DOPG_chole_mRNA,55,63,0055_R0063,0.035815609119189296,0.035815609119189296,477,477,3,3,0,0,0,159,160,436.3333333333333,554.3333333333334
66DOPC33DOPG_chole_mRNA,55,64,0055_R0064,0.023877072746126198,0.023877072746126198,318,318,2,2,0,0,0,159,160,429.5,556
66DOPC33DOPG_chole_mRNA,55,65,0055_R0065,0.047754145492252396,0.047754145492252396,637,637,4,4,0,0,0,159.25,160,436.75,558.5
66DOPC33DOPG_chole_mRNA,55,66,0055_R0066,0.2745863365804513,0.2745863365804513,3776,3776,23,23,0,0,0,164.17391304347825,182,462.8695652173913,558.6521739130435
66DOPC33DOPG_chole_mRNA,55,67,0055_R0067,1.6355794831096446,1.6355794831096446,22408,22408,137,137,0,0,0,163.56204379562044,179,433.1094890510949,567.051094890511
66DOPC33DOPG_chole_mRNA,55,68,0055_R0068,0.1671395092228834,0.1671395092228834,2255,2255,14,14,0,0,0,161.07142857142858,168,401.7142857142857,568.5
66DOPC33DOPG_chole_mRNA,55,69,0055_R0069,0.023877072746126198,0.023877072746126198,319,319,2,2,0,0,0,159.5,162,481,567.5
66DOPC33DOPG_chole_mRNA,55,70,0055_R0070,0.023877072746126198,0.023877072746126198,317,317,2,2,0,0,0,158.5,159,484,569.5
66DOPC33DOPG_chole_mRNA,55,71,0055_R0071,0.07163121823837859,0.07163121823837859,953,953,6,6,0,0,0,158.83333333333334,163,484.8333333333333,572.6666666666666
66DOPC33DOPG_chole_mRNA,55,72,0055_R0072,1.0505912008295528,1.0505912008295528,15245,15245,88,88,0,0,0,173.23863636363637,198,213.79545454545453,577.9090909090909
66DOPC33DOPG_chole_mRNA,55,73,0055_R0073,0.035815609119189296,0.035815609119189296,481,481,3,3,0,0,0,160.33333333333334,161,484,575.6666666666666
66DOPC33DOPG_chole_mRNA,55,74,0055_R0074,0.25070926383432507,0.25070926383432507,3367,3367,21,21,0,0,0,160.33333333333334,167,420.7142857142857,609
66DOPC33DOPG_chole_mRNA,55,75,0055_R0075,0.3104019456996406,0.3104019456996406,4111,4111,26,26,0,0,0,158.1153846153846,163,561.5,630.1538461538462
66DOPC33DOPG_chole_mRNA,55,76,0055_R0076,0.2029551183420727,0.2029551183420727,2706,2706,17,17,0,0,0,159.1764705882353,166,75.88235294117646,636.1764705882352
66DOPC33DOPG_chole_mRNA,55,77,0055_R0077,3.175650675234784,3.175650675234784,62753,62753,266,266,0,0,0,235.91353383458647,406,678.812030075188,682.4022556390977
66DOPC33DOPG_chole_mRNA,55,78,0055_R0078,0.6804965732645967,0.6804965732645967,9567,9567,57,57,0,0,0,167.8421052631579,197,668.859649122807,695.5087719298245
66DOPC33DOPG_chole_mRNA,55,79,0055_R0079,1.0267141280834264,1.0267141280834264,14495,14495,86,86,0,0,0,168.54651162790697,185,687.453488372093,700.4767441860465
66DOPC33DOPG_chole_mRNA,56,1,0056_R0001,0.39397170031108225,0.39397170031108225,5124,5124,33,33,0,0,0,155.27272727272728,165,69.57575757575758,4.9393939393939394
66DOPC33DOPG_chole_mRNA,56,2,0056_R0002,0.477541454922524,0.477541454922524,6132,6132,40,40,0,0,0,153.3,161,112.3,23.475
66DOPC33DOPG_chole_mRNA,56,3,0056_R0003,1.7310877740941493,1.7310877740941493,25358,25358,145,145,0,0,0,174.88275862068966,232,127.53793103448275,28.048275862068966
66DOPC33DOPG_chole_mRNA,56,4,0056_R0004,0.14326243647675718,0.14326243647675718,1867,1867,12,12,0,0,0,155.58333333333334,164,113.91666666666667,33.333333333333336
66DOPC33DOPG_chole_mRNA,56,5,0056_R0005,3.5218682300536144,3.5218682300536144,56510,56510,295,295,0,0,0,191.5593220338983,429,617.4881355932204,78.08474576271186
66DOPC33DOPG_chole_mRNA,56,6,0056_R0006,0.38203316393801917,0.38203316393801917,5499,5499,32,32,0,0,0,171.84375,204,579.5,68.5
66DOPC33DOPG_chole_mRNA,56,7,0056_R0007,4.190426266945148,4.190426266945148,99905,99905,351,351,0,0,0,284.6296296296296,648,446.04273504273505,79.5954415954416
66DOPC33DOPG_chole_mRNA,56,8,0056_R0008,0.238770727461262,0.238770727461262,3141,3141,20,20,0,0,0,157.05,166,586.8,75.1
66DOPC33DOPG_chole_mRNA,56,9,0056_R0009,0.2745863365804513,0.2745863365804513,3611,3611,23,23,0,0,0,157,169,577.7826086956521,77.6086956521739
66DOPC33DOPG_chole_mRNA,56,10,0056_R0010,0.1671395092228834,0.1671395092228834,2154,2154,14,14,0,0,0,153.85714285714286,160,607.7857142857143,80.28571428571429
66DOPC33DOPG_chole_mRNA,56,11,0056_R0011,0.7163121823837859,0.7163121823837859,10785,10785,60,60,0,0,0,179.75,231,637.1333333333333,82.56666666666666
66DOPC33DOPG_chole_mRNA,56,12,0056_R0012,2.316076056374241,2.316076056374241,39911,39911,194,194,0,0,0,205.72680412371133,314,484.180412371134,92.44845360824742
66DOPC33DOPG_chole_mRNA,56,13,0056_R0013,0.6804965732645967,0.6804965732645967,10042,10042,57,57,0,0,0,176.17543859649123,257,598.0877192982456,89.66666666666667
66DOPC33DOPG_chole_mRNA,56,14,0056_R0014,0.45366438217639776,0.45366438217639776,6227,6227,38,38,0,0,0,163.8684210526316,188,564.9473684210526,91.15789473684211
66DOPC33DOPG_chole_mRNA,56,15,0056_R0015,0.035815609119189296,0.035815609119189296,460,460,3,3,0,0,0,153.33333333333334,157,652.3333333333334,92.33333333333333
66DOPC33DOPG_chole_mRNA,56,16,0056_R0016,0.047754145492252396,0.047754145492252396,610,610,4,4,0,0,0,152.5,154,503.5,98.5
66DOPC33DOPG_chole_mRNA,56,17,0056_R0017,5.050000885805691,5.050000885805691,76035,76035,423,423,0,0,0,179.75177304964538,270,519.5862884160756,122.04255319148936
66DOPC33DOPG_chole_mRNA,56,18,0056_R0018,0.6327424277723442,0.6327424277723442,9696,9696,53,53,0,0,0,182.9433962264151,246,566.6792452830189,107.41509433962264
66DOPC33DOPG_chole_mRNA,56,19,0056_R0019,0.5252956004147764,0.5252956004147764,7129,7129,44,44,0,0,0,162.02272727272728,180,386.0681818181818,107.79545454545455
66DOPC33DOPG_chole_mRNA,56,20,0056_R0020,0.9073287643527955,0.9073287643527955,12298,12298,76,76,0,0,0,161.81578947368422,193,505,130.67105263157896
66DOPC33DOPG_chole_mRNA,56,21,0056_R0021,0.35815609119189296,0.35815609119189296,4863,4863,30,30,0,0,0,162.1,184,549.3333333333334,133.9
66DOPC33DOPG_chole_mRNA,56,22,0056_R0022,6.613949150676957,6.602010614303894,97570,97424,554,553,1,0,1,176.17359855334539,260,495.2133815551537,169.59493670886076
66DOPC33DOPG_chole_mRNA,56,23,0056_R0023,2.7219862930583867,2.7219862930583867,39046,39046,228,228,0,0,0,171.25438596491227,205,435.030701754386,162.56140350877192
66DOPC33DOPG_chole_mRNA,56,24,0056_R0024,0.1552009728498203,0.1552009728498203,2005,2005,13,13,0,0,0,154.23076923076923,165,626.6153846153846,161.6153846153846
66DOPC33DOPG_chole_mRNA,56,25,0056_R0025,0.5730497459070287,0.5730497459070287,8299,8299,48,48,0,0,0,172.89583333333334,226,626.9791666666666,182.85416666666666
66DOPC33DOPG_chole_mRNA,56,26,0056_R0026,1.0147755917103634,1.0147755917103634,19259,19259,85,85,0,0,0,226.57647058823528,409,591.6941176470589,191.3764705882353
66DOPC33DOPG_chole_mRNA,56,27,0056_R0027,1.910165819690096,1.910165819690096,30854,30854,160,160,0,0,0,192.8375,270,447.4625,198.81875
66DOPC33DOPG_chole_mRNA,56,28,0056_R0028,0.07163121823837859,0.07163121823837859,918,918,6,6,0,0,0,153,155,686.6666666666666,199.83333333333334
66DOPC33DOPG_chole_mRNA,56,29,0056_R0029,1.062529737202616,1.062529737202616,18585,18585,89,89,0,0,0,208.82022471910113,352,689.2921348314607,223.62921348314606
66DOPC33DOPG_chole_mRNA,56,30,0056_R0030,0.0596926818653155,0.0596926818653155,767,767,5,5,0,0,0,153.4,159,512.2,222.6
66DOPC33DOPG_chole_mRNA,56,31,0056_R0031,0.023877072746126198,0.023877072746126198,314,314,2,2,0,0,0,157,161,556.5,261
66DOPC33DOPG_chole_mRNA,56,32,0056_R0032,0.0596926818653155,0.0596926818653155,757,757,5,5,0,0,0,151.4,158,540.6,265.8
66DOPC33DOPG_chole_mRNA,56,33,0056_R0033,1.181915100933247,1.181915100933247,20869,20869,99,99,0,0,0,210.7979797979798,383,385.32323232323233,274.5959595959596
66DOPC33DOPG_chole_mRNA,56,34,0056_R0034,0.07163121823837859,0.07163121823837859,916,916,6,6,0,0,0,152.66666666666666,156,677.8333333333334,279.8333333333333
66DOPC33DOPG_chole_mRNA,56,35,0056_R0035,0.035815609119189296,0.035815609119189296,453,453,3,3,0,0,0,151,153,562.6666666666666,280.6666666666667
66DOPC33DOPG_chole_mRNA,56,36,0056_R0036,0.0596926818653155,0.0596926818653155,755,755,5,5,0,0,0,151,153,561,283.6
66DOPC33DOPG_chole_mRNA,56,37,0056_R0037,0.19101658196900959,0.19101658196900959,2444,2444,16,16,0,0,0,152.75,160,582.5,337.9375
66DOPC33DOPG_chole_mRNA,56,38,0056_R0038,0.7401892551299122,0.7401892551299122,9759,9759,62,62,0,0,0,157.40322580645162,171,510.741935483871,353.03225806451616
66DOPC33DOPG_chole_mRNA,56,39,0056_R0039,1.7549648468402756,1.7549648468402756,33677,33677,147,147,0,0,0,229.0952380952381,454,445.4557823129252,465.02721088435374
66DOPC33DOPG_chole_mRNA,56,40,0056_R0040,4.059102366841453,4.059102366841453,61791,61791,340,340,0,0,0,181.73823529411766,249,664.0117647058823,488.6470588235294
66DOPC33DOPG_chole_mRNA,56,41,0056_R0041,4.453074067152536,4.453074067152536,62618,62618,373,373,0,0,0,167.87667560321717,213,97.64879356568365,490.44772117962464
66DOPC33DOPG_chole_mRNA,56,42,0056_R0042,0.25070926383432507,0.25070926383432507,3244,3244,21,21,0,0,0,154.47619047619048,168,702.2857142857143,486
66DOPC33DOPG_chole_mRNA,56,43,0056_R0043,0.45366438217639776,0.45366438217639776,5778,5778,38,38,0,0,0,152.05263157894737,161,116.89473684210526,489.2368421052632
66DOPC33DOPG_chole_mRNA,56,44,0056_R0044,0.1313239001036941,0.1313239001036941,1677.9999999999998,1678,11,11,0,0,0,152.54545454545453,157,587.5454545454545,487.45454545454544
66DOPC33DOPG_chole_mRNA,56,45,0056_R0045,0.035815609119189296,0.035815609119189296,454,454,3,3,0,0,0,151.33333333333334,154,591.3333333333334,489.3333333333333
66DOPC33DOPG_chole_mRNA,56,46,0056_R0046,5.599173558966593,5.551419413474341,135503,134922,469,465,4,0,1,290.1548387096774,1468,285.60430107526884,520.6559139784946
66DOPC33DOPG_chole_mRNA,56,47,0056_R0047,2.781678974923702,2.781678974923702,40978,40978,233,233,0,0,0,175.87124463519314,247,237.99570815450645,525.6566523605151
66DOPC33DOPG_chole_mRNA,56,48,0056_R0048,1.205792173679373,1.181915100933247,15392,15103,101,99,2,0,1,152.55555555555554,164,697.89898989899,530.7070707070707
66DOPC33DOPG_chole_mRNA,56,49,0056_R0049,0.023877072746126198,0.023877072746126198,305,305,2,2,0,0,0,152.5,156,259,527.5
66DOPC33DOPG_chole_mRNA,56,50,0056_R0050,0.0835697546114417,0.0835697546114417,1061,1061,7,7,0,0,0,151.57142857142858,156,261.85714285714283,528.2857142857143
66DOPC33DOPG_chole_mRNA,56,51,0056_R0051,7.4496466967913735,7.4496466967913735,143222,143222,624,624,0,0,0,229.52243589743588,520,322.81410256410254,545.8637820512821
66DOPC33DOPG_chole_mRNA,56,52,0056_R0052,9.491136416585164,9.491136416585164,196829,196829,795,795,0,0,0,247.58364779874213,1068,272.5622641509434,549.5987421383647
66DOPC33DOPG_chole_mRNA,56,53,0056_R0053,0.035815609119189296,0.035815609119189296,456,456,3,3,0,0,0,152,154,695.6666666666666,539
66DOPC33DOPG_chole_mRNA,56,54,0056_R0054,0.10744682735756789,0.10744682735756789,1353,1353,9,9,0,0,0,150.33333333333334,152,689.5555555555555,541.4444444444445
66DOPC33DOPG_chole_mRNA,56,55,0056_R0055,0.023877072746126198,0.023877072746126198,308,308,2,2,0,0,0,154,158,688,544.5
66DOPC33DOPG_chole_mRNA,56,56,0056_R0056,0.5372341367878395,0.5372341367878395,7001,7001,45,45,0,0,0,155.57777777777778,171,10.644444444444444,562.2444444444444
66DOPC33DOPG_chole_mRNA,56,57,0056_R0057,3.0920809206233426,3.0920809206233426,49267,49267,259,259,0,0,0,190.22007722007723,320,294.7142857142857,573.1428571428571
66DOPC33DOPG_chole_mRNA,56,58,0056_R0058,0.035815609119189296,0.035815609119189296,461,461,3,3,0,0,0,153.66666666666666,156,4.333333333333333,563.3333333333334
66DOPC33DOPG_chole_mRNA,56,59,0056_R0059,0.2626478002073882,0.2626478002073882,3377,3377,22,22,0,0,0,153.5,167,240.0909090909091,574.0909090909091
66DOPC33DOPG_chole_mRNA,56,60,0056_R0060,3.3427901844576677,3.3308516480846047,46094,45948,280,279,1,0,1,164.68817204301075,205,491.7741935483871,587.089605734767
66DOPC33DOPG_chole_mRNA,56,61,0056_R0061,0.9073287643527955,0.9073287643527955,13372,13372,76,76,0,0,0,175.94736842105263,269,358.7763157894737,584.1842105263158
66DOPC33DOPG_chole_mRNA,56,62,0056_R0062,0.967021446218111,0.967021446218111,13071,13071,81,81,0,0,0,161.37037037037038,182,240.93827160493828,588.4814814814815
66DOPC33DOPG_chole_mRNA,56,63,0056_R0063,0.0835697546114417,0.0835697546114417,1073,1073,7,7,0,0,0,153.28571428571428,157,308.2857142857143,586.5714285714286
66DOPC33DOPG_chole_mRNA,56,64,0056_R0064,0.0596926818653155,0.0596926818653155,760,760,5,5,0,0,0,152,154,230.8,590.4
66DOPC33DOPG_chole_mRNA,56,65,0056_R0065,0.5133570640417132,0.5133570640417132,6883.000000000001,6883,43,43,0,0,0,160.06976744186048,172,302.5348837209302,594.4418604651163
66DOPC33DOPG_chole_mRNA,56,66,0056_R0066,1.5520097284982028,1.5520097284982028,20439,20439,130,130,0,0,0,157.22307692307692,175,489.6923076923077,615.7307692307693
66DOPC33DOPG_chole_mRNA,56,67,0056_R0067,0.09550829098450479,0.09550829098450479,1257,1257,8,8,0,0,0,157.125,170,170.375,619.625
66DOPC33DOPG_chole_mRNA,56,68,0056_R0068,4.453074067152536,4.453074067152536,77835,77835,373,373,0,0,0,208.67292225201072,398,184.0857908847185,644.7774798927614
66DOPC33DOPG_chole_mRNA,56,69,0056_R0069,0.0596926818653155,0.0596926818653155,783,783,5,5,0,0,0,156.6,167,399.8,634.4
66DOPC33DOPG_chole_mRNA,56,70,0056_R0070,9.001656425289577,9.001656425289577,166845,166845,754,754,0,0,0,221.27984084880637,466,228.6021220159151,661.5185676392573
66DOPC33DOPG_chole_mRNA,56,71,0056_R0071,0.17907804559594648,0.17907804559594648,2272,2272,15,15,0,0,0,151.46666666666667,156,252.06666666666666,653.8
66DOPC33DOPG_chole_mRNA,56,72,0056_R0072,0.2626478002073882,0.2626478002073882,3465,3465,22,22,0,0,0,157.5,174,258.8181818181818,661.2727272727273
66DOPC33DOPG_chole_mRNA,56,73,0056_R0073,0.0596926818653155,0.0596926818653155,778,778,5,5,0,0,0,155.6,157,188.4,669.8
66DOPC33DOPG_chole_mRNA,56,74,0056_R0074,0.09550829098450479,0.09550829098450479,1219,1219,8,8,0,0,0,152.375,157,201.5,687.5
66DOPC33DOPG_chole_mRNA,56,75,0056_R0075,0.023877072746126198,0.023877072746126198,306,306,2,2,0,0,0,153,157,224,690.5
66DOPC33DOPG_chole_mRNA,57,1,0057_R0001,0.7043736460107228,0.7043736460107228,10083,10083,59,59,0,0,0,170.89830508474577,205,636.4745762711865,6.932203389830509
66DOPC33DOPG_chole_mRNA,57,2,0057_R0002,1.8265960650786541,1.8265960650786541,26553.999999999996,26554,153,153,0,0,0,173.55555555555554,228,406.562091503268,23.281045751633986
66DOPC33DOPG_chole_mRNA,57,3,0057_R0003,0.023877072746126198,0.023877072746126198,305,305,2,2,0,0,0,152.5,154,382.5,25
66DOPC33DOPG_chole_mRNA,57,4,0057_R0004,1.3013004646638777,1.3013004646638777,17933,17933,109,109,0,0,0,164.52293577981652,199,387.6605504587156,32.93577981651376
66DOPC33DOPG_chole_mRNA,57,5,0057_R0005,0.0596926818653155,0.0596926818653155,780,780,5,5,0,0,0,156,167,660.4,33.2
66DOPC33DOPG_chole_mRNA,57,6,0057_R0006,2.8771872659082067,2.8771872659082067,43488,43488,241,241,0,0,0,180.448132780083,231,691.3029045643153,57.37759336099585
66DOPC33DOPG_chole_mRNA,57,7,0057_R0007,0.21489365471513577,0.21489365471513577,2817,2817,18,18,0,0,0,156.5,170,474.1111111111111,53.166666666666664
66DOPC33DOPG_chole_mRNA,57,8,0057_R0008,0.4417258458033347,0.4417258458033347,5936,5936,37,37,0,0,0,160.43243243243242,174,327.0810810810811,54.945945945945944
66DOPC33DOPG_chole_mRNA,57,9,0057_R0009,0.46560291854946084,0.46560291854946084,6062,6062,39,39,0,0,0,155.43589743589743,168,465.5128205128205,57.35897435897436
66DOPC33DOPG_chole_mRNA,57,10,0057_R0010,0.035815609119189296,0.035815609119189296,456,456,3,3,0,0,0,152,153,472.6666666666667,71.66666666666667
66DOPC33DOPG_chole_mRNA,57,11,0057_R0011,0.25070926383432507,0.25070926383432507,3604,3604,21,21,0,0,0,171.61904761904762,220,375.1904761904762,133.95238095238096
66DOPC33DOPG_chole_mRNA,57,12,0057_R0012,0.2745863365804513,0.2745863365804513,3969,3969,23,23,0,0,0,172.56521739130434,209,370.2608695652174,141.65217391304347
66DOPC33DOPG_chole_mRNA,57,13,0057_R0013,3.223404820727037,3.223404820727037,45730,45730,270,270,0,0,0,169.37037037037038,198,694.325925925926,171.2111111111111
66DOPC33DOPG_chole_mRNA,57,14,0057_R0014,2.5787238565816293,2.5787238565816293,36759,36759,216,216,0,0,0,170.18055555555554,205,623.2083333333334,231.59259259259258
66DOPC33DOPG_chole_mRNA,57,15,0057_R0015,0.7163121823837859,0.7163121823837859,9226,9226,60,60,0,0,0,153.76666666666668,162,678.7666666666667,239.68333333333334
66DOPC33DOPG_chole_mRNA,57,16,0057_R0016,0.46560291854946084,0.46560291854946084,6204,6204,39,39,0,0,0,159.07692307692307,177,283.1025641025641,239.30769230769232
66DOPC33DOPG_chole_mRNA,57,17,0057_R0017,0.119385363730631,0.119385363730631,1526,1526,10,10,0,0,0,152.6,164,320.5,237
66DOPC33DOPG_chole_mRNA,57,18,0057_R0018,0.2626478002073882,0.2626478002073882,3358,3358,22,22,0,0,0,152.63636363636363,162,556.6363636363636,242.95454545454547
66DOPC33DOPG_chole_mRNA,57,19,0057_R0019,0.3700946275649561,0.3700946275649561,5016,5016,31,31,0,0,0,161.80645161290323,177,295.5806451612903,245.06451612903226
66DOPC33DOPG_chole_mRNA,57,20,0057_R0020,1.587825337617392,1.587825337617392,24385,24385,133,133,0,0,0,183.34586466165413,272,593.8345864661654,254.94736842105263
66DOPC33DOPG_chole_mRNA,57,21,0057_R0021,2.2086292290166734,2.2086292290166734,32189,32189,185,185,0,0,0,173.9945945945946,217,569.8216216216216,272.54594594594596
66DOPC33DOPG_chole_mRNA,57,22,0057_R0022,1.086406809948742,1.086406809948742,14694,14694,91,91,0,0,0,161.47252747252747,180,414.9120879120879,279.9230769230769
66DOPC33DOPG_chole_mRNA,57,23,0057_R0023,0.5491726731609026,0.5491726731609026,7558.000000000001,7558,46,46,0,0,0,164.30434782608697,186,429.9782608695652,299.7608695652174
66DOPC33DOPG_chole_mRNA,57,24,0057_R0024,0.5491726731609026,0.5491726731609026,7530.999999999999,7531,46,46,0,0,0,163.7173913043478,192,590.6304347826087,298.82608695652175
66DOPC33DOPG_chole_mRNA,57,25,0057_R0025,1.1699765645601836,1.1699765645601836,15125,15125,98,98,0,0,0,154.33673469387756,166,440.8673469387755,304.7551020408163
66DOPC33DOPG_chole_mRNA,57,26,0057_R0026,0.0596926818653155,0.0596926818653155,760,760,5,5,0,0,0,152,154,450.2,303
66DOPC33DOPG_chole_mRNA,57,27,0057_R0027,0.5252956004147764,0.5252956004147764,6777.999999999999,6778,44,44,0,0,0,154.04545454545453,167,454.95454545454544,311.15909090909093
66DOPC33DOPG_chole_mRNA,57,28,0057_R0028,0.0835697546114417,0.0835697546114417,1061,1061,7,7,0,0,0,151.57142857142858,155,446.2857142857143,310.57142857142856
66DOPC33DOPG_chole_mRNA,57,29,0057_R0029,0.21489365471513577,0.21489365471513577,2718,2718,18,18,0,0,0,151,158,224.05555555555554,314.8333333333333
66DOPC33DOPG_chole_mRNA,57,30,0057_R0030,0.21489365471513577,0.21489365471513577,2918,2918,18,18,0,0,0,162.11111111111111,192,17.5,321
66DOPC33DOPG_chole_mRNA,57,31,0057_R0031,0.023877072746126198,0.023877072746126198,302,302,2,2,0,0,0,151,152,227,324.5
66DOPC33DOPG_chole_mRNA,57,32,0057_R0032,0.0596926818653155,0.0596926818653155,756,756,5,5,0,0,0,151.2,153,229.6,328.2
66DOPC33DOPG_chole_mRNA,57,33,0057_R0033,0.047754145492252396,0.047754145492252396,608,608,4,4,0,0,0,152,153,604.5,339.5
66DOPC33DOPG_chole_mRNA,57,34,0057_R0034,0.3104019456996406,0.3104019456996406,4365,4365,26,26,0,0,0,167.8846153846154,199,697.5,358.3076923076923
66DOPC33DOPG_chole_mRNA,57,35,0057_R0035,0.047754145492252396,0.047754145492252396,611,611,4,4,0,0,0,152.75,157,227.5,358.5
66DOPC33DOPG_chole_mRNA,57,36,0057_R0036,0.8118204733682908,0.8118204733682908,11398,11398,68,68,0,0,0,167.61764705882354,196,414.3529411764706,365.9117647058824
66DOPC33DOPG_chole_mRNA,57,37,0057_R0037,0.5491726731609026,0.5491726731609026,7166.000000000001,7166,46,46,0,0,0,155.7826086956522,167,292.45652173913044,365.7826086956522
66DOPC33DOPG_chole_mRNA,57,38,0057_R0038,0.1313239001036941,0.1313239001036941,1673,1673,11,11,0,0,0,152.0909090909091,155,174.0909090909091,372.6363636363636
66DOPC33DOPG_chole_mRNA,57,39,0057_R0039,1.5400711921251398,1.5400711921251398,22716,22716,129,129,0,0,0,176.09302325581396,214,328.0077519379845,379.1162790697674
66DOPC33DOPG_chole_mRNA,57,40,0057_R0040,0.07163121823837859,0.07163121823837859,921,921,6,6,0,0,0,153.5,155,353.6666666666667,374.8333333333333
66DOPC33DOPG_chole_mRNA,57,41,0057_R0041,1.3132390010369408,1.3132390010369408,21860,21860,110,110,0,0,0,198.72727272727272,288,627.8727272727273,382
66DOPC33DOPG_chole_mRNA,57,42,0057_R0042,2.6622936111930713,2.507092638343251,35480,33580,223,210,13,0,1,159.9047619047619,204,355.5571428571429,385.1380952380952
66DOPC33DOPG_chole_mRNA,57,43,0057_R0043,0.4059102366841454,0.4059102366841454,5222,5222,34,34,0,0,0,153.58823529411765,160,437.05882352941177,380.52941176470586
66DOPC33DOPG_chole_mRNA,57,44,0057_R0044,0.1313239001036941,0.1313239001036941,1686,1686,11,11,0,0,0,153.27272727272728,159,468,380.09090909090907
66DOPC33DOPG_chole_mRNA,57,45,0057_R0045,0.7521277915029753,0.7521277915029753,10005,10005,63,63,0,0,0,158.8095238095238,176,384.3492063492063,384.1904761904762
66DOPC33DOPG_chole_mRNA,57,46,0057_R0046,0.023877072746126198,0.023877072746126198,304,304,2,2,0,0,0,152,154,429,380.5
66DOPC33DOPG_chole_mRNA,57,47,0057_R0047,0.023877072746126198,0.023877072746126198,306,306,2,2,0,0,0,153,156,370,383.5
66DOPC33DOPG_chole_mRNA,57,48,0057_R0048,0.09550829098450479,0.09550829098450479,1269,1269,8,8,0,0,0,158.625,171,599,393.5
66DOPC33DOPG_chole_mRNA,57,49,0057_R0049,1.6355794831096446,1.6355794831096446,21177,21177,137,137,0,0,0,154.57664233576642,169,323.05109489051097,439.3430656934307
66DOPC33DOPG_chole_mRNA,57,50,0057_R0050,0.32234048207270366,0.32234048207270366,4162,4162,27,27,0,0,0,154.14814814814815,163,617.1111111111111,449.6666666666667
66DOPC33DOPG_chole_mRNA,57,51,0057_R0051,0.07163121823837859,0.07163121823837859,905,905,6,6,0,0,0,150.83333333333334,155,551.5,455
66DOPC33DOPG_chole_mRNA,57,52,0057_R0052,2.554846783835503,2.554846783835503,35470,35470,214,214,0,0,0,165.74766355140187,206,552.1728971962617,472.75233644859816
66DOPC33DOPG_chole_mRNA,57,53,0057_R0053,0.3462175548188299,0.3462175548188299,4404,4404,29,29,0,0,0,151.86206896551724,165,378.6551724137931,478.7586206896552
66DOPC33DOPG_chole_mRNA,57,54,0057_R0054,0.9431443734719849,0.9431443734719849,12370,12370,79,79,0,0,0,156.58227848101265,178,545.2911392405064,487.873417721519
66DOPC33DOPG_chole_mRNA,57,55,0057_R0055,1.062529737202616,1.062529737202616,14285,14285,89,89,0,0,0,160.5056179775281,185,586.2471910112359,491.1573033707865
66DOPC33DOPG_chole_mRNA,57,56,0057_R0056,0.023877072746126198,0.023877072746126198,307,307,2,2,0,0,0,153.5,154,340.5,493
66DOPC33DOPG_chole_mRNA,57,57,0057_R0057,0.6446809641454073,0.6446809641454073,11161,11161,54,54,0,0,0,206.6851851851852,334,663.7222222222222,507.48148148148147
66DOPC33DOPG_chole_mRNA,57,58,0057_R0058,1.2893619282908146,1.2893619282908146,16657,16657,108,108,0,0,0,154.2314814814815,168,365.30555555555554,527.9722222222222
66DOPC33DOPG_chole_mRNA,57,59,0057_R0059,0.0596926818653155,0.0596926818653155,758,758,5,5,0,0,0,151.6,153,375.8,528.6
66DOPC33DOPG_chole_mRNA,57,60,0057_R0060,0.047754145492252396,0.047754145492252396,604,604,4,4,0,0,0,151,158,398.5,529.5
66DOPC33DOPG_chole_mRNA,57,61,0057_R0061,4.954492594821186,4.954492594821186,72442,72442,415,415,0,0,0,174.5590361445783,244,126.66024096385541,550.1807228915662
66DOPC33DOPG_chole_mRNA,57,62,0057_R0062,0.46560291854946084,0.46560291854946084,5911,5911,39,39,0,0,0,151.56410256410257,160,406.97435897435895,546.6666666666666
66DOPC33DOPG_chole_mRNA,57,63,0057_R0063,2.065366792539916,2.065366792539916,27163,27163,173,173,0,0,0,157.01156069364163,184,96.33526011560694,559.5780346820809
66DOPC33DOPG_chole_mRNA,57,64,0057_R0064,0.10744682735756789,0.10744682735756789,1364,1364,9,9,0,0,0,151.55555555555554,157,126,570
66DOPC33DOPG_chole_mRNA,57,65,0057_R0065,0.6924351096376598,0.6924351096376598,9265,9265,58,58,0,0,0,159.74137931034483,173,118.46551724137932,578.1034482758621
66DOPC33DOPG_chole_mRNA,57,66,0057_R0066,0.8356975461144169,0.8356975461144169,11285,11285,70,70,0,0,0,161.21428571428572,179,149.45714285714286,580.2857142857143
66DOPC33DOPG_chole_mRNA,57,67,0057_R0067,0.0596926818653155,0.0596926818653155,773,773,5,5,0,0,0,154.6,158,402.4,578.2
66DOPC33DOPG_chole_mRNA,57,68,0057_R0068,0.35815609119189296,0.35815609119189296,4644,4644,30,30,0,0,0,154.8,164,677.3666666666667,595.7333333333333
66DOPC33DOPG_chole_mRNA,57,69,0057_R0069,0.14326243647675718,0.14326243647675718,1889,1889,12,12,0,0,0,157.41666666666666,169,461.3333333333333,595.75
66DOPC33DOPG_chole_mRNA,57,70,0057_R0070,0.9431443734719849,0.9431443734719849,12787,12787,79,79,0,0,0,161.86075949367088,194,33.848101265822784,598.4810126582279
66DOPC33DOPG_chole_mRNA,57,71,0057_R0071,0.1671395092228834,0.1671395092228834,2140,2140,14,14,0,0,0,152.85714285714286,158,689.1428571428571,599.9285714285714
66DOPC33DOPG_chole_mRNA,57,72,0057_R0072,1.2654848555446885,1.2654848555446885,17155,17155,106,106,0,0,0,161.83962264150944,189,388.50943396226415,614.9150943396227
66DOPC33DOPG_chole_mRNA,57,73,0057_R0073,0.7879434006221645,0.7879434006221645,10435,10435,66,66,0,0,0,158.1060606060606,173,527.9090909090909,620.5757575757576
66DOPC33DOPG_chole_mRNA,57,74,0057_R0074,1.074468273575679,1.074468273575679,13827,13827,90,90,0,0,0,153.63333333333333,165,691.0111111111111,622.1555555555556
66DOPC33DOPG_chole_mRNA,57,75,0057_R0075,0.023877072746126198,0.023877072746126198,304,304,2,2,0,0,0,152,152,411,617.5
66DOPC33DOPG_chole_mRNA,57,76,0057_R0076,0.047754145492252396,0.047754145492252396,620,620,4,4,0,0,0,155,162,554,620.75
66DOPC33DOPG_chole_mRNA,57,77,0057_R0077,1.086406809948742,1.086406809948742,15447.000000000002,15447,91,91,0,0,0,169.74725274725276,234,279.7802197802198,626.6153846153846
66DOPC33DOPG_chole_mRNA,57,78,0057_R0078,2.2086292290166734,2.2086292290166734,34344,34344,185,185,0,0,0,185.64324324324323,278,300.3027027027027,629.4216216216216
66DOPC33DOPG_chole_mRNA,57,79,0057_R0079,0.32234048207270366,0.32234048207270366,4160,4160,27,27,0,0,0,154.07407407407408,162,139.40740740740742,625.074074074074
66DOPC33DOPG_chole_mRNA,57,80,0057_R0080,1.6117024103635185,1.6117024103635185,24987.000000000004,24987,135,135,0,0,0,185.0888888888889,251,600.5703703703704,630.925925925926
66DOPC33DOPG_chole_mRNA,57,81,0057_R0081,1.3371160737830672,1.3371160737830672,18865,18865,112,112,0,0,0,168.4375,219,100.50892857142857,632.9017857142857
66DOPC33DOPG_chole_mRNA,57,82,0057_R0082,0.25070926383432507,0.25070926383432507,3238.0000000000005,3238,21,21,0,0,0,154.1904761904762,161,115.47619047619048,629
66DOPC33DOPG_chole_mRNA,57,83,0057_R0083,2.160875083524421,2.160875083524421,29296,29296,181,181,0,0,0,161.85635359116023,219,452.48618784530385,632.3646408839779
66DOPC33DOPG_chole_mRNA,57,84,0057_R0084,0.5133570640417132,0.5133570640417132,6731,6731,43,43,0,0,0,156.53488372093022,172,476.1162790697674,632.4651162790698
66DOPC33DOPG_chole_mRNA,57,85,0057_R0085,1.0505912008295528,1.0505912008295528,13474,13474,88,88,0,0,0,153.11363636363637,160,368.2386363636364,634.7159090909091
66DOPC33DOPG_chole_mRNA,57,86,0057_R0086,0.3342790184457668,0.3342790184457668,4239,4239,28,28,0,0,0,151.39285714285714,161,697.2142857142857,633.6428571428571
66DOPC33DOPG_chole_mRNA,57,87,0057_R0087,0.9908985189642372,0.9908985189642372,12972,12972,83,83,0,0,0,156.289156626506,176,258.03614457831327,635.3012048192771
66DOPC33DOPG_chole_mRNA,57,88,0057_R0088,0.45366438217639776,0.45366438217639776,5993,5993,38,38,0,0,0,157.71052631578948,172,619.0263157894736,633.7368421052631
66DOPC33DOPG_chole_mRNA,57,89,0057_R0089,0.0596926818653155,0.0596926818653155,759,759,5,5,0,0,0,151.8,154,274.6,634.2
66DOPC33DOPG_chole_mRNA,57,90,0057_R0090,0.6804965732645967,0.6804965732645967,11217,11217,57,57,0,0,0,196.78947368421052,301,400.1578947368421,638.4561403508771
66DOPC33DOPG_chole_mRNA,57,91,0057_R0091,0.6446809641454073,0.6446809641454073,8501,8501,54,54,0,0,0,157.42592592592592,169,417.6111111111111,639.0925925925926
66DOPC33DOPG_chole_mRNA,57,92,0057_R0092,0.035815609119189296,0.035815609119189296,459,459,3,3,0,0,0,153,156,441,635.6666666666666
66DOPC33DOPG_chole_mRNA,57,93,0057_R0093,0.9789599825911741,0.9789599825911741,13561.999999999998,13562,82,82,0,0,0,165.390243902439,194,524.8780487804878,643.3170731707318
66DOPC33DOPG_chole_mRNA,57,94,0057_R0094,0.4417258458033347,0.4417258458033347,5804,5804,37,37,0,0,0,156.86486486486487,171,508.1081081081081,643
66DOPC33DOPG_chole_mRNA,57,95,0057_R0095,0.6924351096376598,0.6924351096376598,9041,9041,58,58,0,0,0,155.8793103448276,173,444.7241379310345,648.2758620689655
66DOPC33DOPG_chole_mRNA,57,96,0057_R0096,0.2984634093265775,0.2984634093265775,3831,3831,25,25,0,0,0,153.24,161,268.76,657.72
66DOPC33DOPG_chole_mRNA,57,97,0057_R0097,0.0596926818653155,0.0596926818653155,756,756,5,5,0,0,0,151.2,153,701.6,655.8
66DOPC33DOPG_chole_mRNA,57,98,0057_R0098,0.023877072746126198,0.023877072746126198,303,303,2,2,0,0,0,151.5,152,422.5,657
66DOPC33DOPG_chole_mRNA,57,99,0057_R0099,0.6208038913992812,0.6208038913992812,8513,8513,52,52,0,0,0,163.71153846153845,191,520.7307692307693,662.5384615384615
66DOPC33DOPG_chole_mRNA,57,100,0057_R0100,0.2984634093265775,0.2984634093265775,3799,3799,25,25,0,0,0,151.96,157,433.52,662.76
66DOPC33DOPG_chole_mRNA,57,101,0057_R0101,0.6088653550262181,0.6088653550262181,8472,8472,51,51,0,0,0,166.11764705882354,188,630.7450980392157,666.3529411764706
66DOPC33DOPG_chole_mRNA,57,102,0057_R0102,0.3462175548188299,0.3462175548188299,4490,4490,29,29,0,0,0,154.82758620689654,164,445.13793103448273,665.8275862068965
66DOPC33DOPG_chole_mRNA,57,103,0057_R0103,0.5491726731609026,0.5491726731609026,7089,7089,46,46,0,0,0,154.1086956521739,171,264.0652173913044,673.0434782608696
66DOPC33DOPG_chole_mRNA,57,104,0057_R0104,0.238770727461262,0.238770727461262,3067,3067,20,20,0,0,0,153.35,159,303.25,672.25
66DOPC33DOPG_chole_mRNA,57,105,0057_R0105,0.119385363730631,0.119385363730631,1519,1519,10,10,0,0,0,151.9,159,688.5,671.5
66DOPC33DOPG_chole_mRNA,57,106,0057_R0106,0.09550829098450479,0.09550829098450479,1287,1287,8,8,0,0,0,160.875,175,49.875,672.125
66DOPC33DOPG_chole_mRNA,57,107,0057_R0107,0.21489365471513577,0.21489365471513577,2732,2732,18,18,0,0,0,151.77777777777777,156,272.3888888888889,675.5
66DOPC33DOPG_chole_mRNA,57,108,0057_R0108,2.4354614201048723,2.4354614201048723,36721,36721,204,204,0,0,0,180.0049019607843,252,300.9950980392157,684.3725490196078
66DOPC33DOPG_chole_mRNA,57,109,0057_R0109,0.10744682735756789,0.10744682735756789,1372,1372,9,9,0,0,0,152.44444444444446,157,609.2222222222222,683.5555555555555
66DOPC33DOPG_chole_mRNA,57,110,0057_R0110,0.023877072746126198,0.023877072746126198,310,310,2,2,0,0,0,155,155,258.5,697
66DOPC33DOPG_chole_mRNA,58,1,0058_R0001,0.19101658196900959,0.19101658196900959,2589,2589,16,16,0,0,0,161.8125,175,9.4375,9.75
66DOPC33DOPG_chole_mRNA,58,2,0058_R0002,0.1671395092228834,0.1671395092228834,2138,2138,14,14,0,0,0,152.71428571428572,158,266.92857142857144,14
66DOPC33DOPG_chole_mRNA,58,3,0058_R0003,3.5338067664266775,3.5338067664266775,55603,55603,296,296,0,0,0,187.84797297297297,262,261.9695945945946,27.699324324324323
66DOPC33DOPG_chole_mRNA,58,4,0058_R0004,1.1102838826948682,1.1102838826948682,14761,14761,93,93,0,0,0,158.72043010752688,179,269.0537634408602,43.59139784946237
66DOPC33DOPG_chole_mRNA,58,5,0058_R0005,0.047754145492252396,0.047754145492252396,643,643,4,4,0,0,0,160.75,168,178.5,77.5
66DOPC33DOPG_chole_mRNA,58,6,0058_R0006,0.0596926818653155,0.0596926818653155,782,782,5,5,0,0,0,156.4,161,174.4,84.2
66DOPC33DOPG_chole_mRNA,58,7,0058_R0007,0.3700946275649561,0.3700946275649561,4845,4845,31,31,0,0,0,156.29032258064515,164,458.4193548387097,134.2258064516129
66DOPC33DOPG_chole_mRNA,58,8,0058_R0008,0.0596926818653155,0.0596926818653155,783,783,5,5,0,0,0,156.6,159,129.4,133.8
66DOPC33DOPG_chole_mRNA,58,9,0058_R0009,0.119385363730631,0.119385363730631,1540,1540,10,10,0,0,0,154,157,667.6,147.9
66DOPC33DOPG_chole_mRNA,58,10,0058_R0010,0.21489365471513577,0.21489365471513577,2793,2793,18,18,0,0,0,155.16666666666666,162,536.1111111111111,153.5
66DOPC33DOPG_chole_mRNA,58,11,0058_R0011,0.119385363730631,0.119385363730631,1529,1529,10,10,0,0,0,152.9,155,616.2,154.8
66DOPC33DOPG_chole_mRNA,58,12,0058_R0012,0.0596926818653155,0.0596926818653155,786,786,5,5,0,0,0,157.2,166,132.6,156.2
66DOPC33DOPG_chole_mRNA,58,13,0058_R0013,13.78900951088788,13.75319390176869,200244,199803,1155,1152,3,0,1,173.44010416666666,251,460.05902777777777,172.40885416666666
66DOPC33DOPG_chole_mRNA,58,14,0058_R0014,0.32234048207270366,0.32234048207270366,4562,4562,27,27,0,0,0,168.96296296296296,204,127.85185185185185,160.4814814814815
66DOPC33DOPG_chole_mRNA,58,15,0058_R0015,0.25070926383432507,0.25070926383432507,3533,3533,21,21,0,0,0,168.23809523809524,194,131.38095238095238,167.9047619047619
66DOPC33DOPG_chole_mRNA,58,16,0058_R0016,0.7760048642491014,0.7760048642491014,10534,10534,65,65,0,0,0,162.06153846153848,183,179.09230769230768,173.30769230769232
66DOPC33DOPG_chole_mRNA,58,17,0058_R0017,0.22683219108819888,0.22683219108819888,2978,2978,19,19,0,0,0,156.73684210526315,168,565.578947368421,178.73684210526315
66DOPC33DOPG_chole_mRNA,58,18,0058_R0018,1.4206858283945087,1.4206858283945087,20037,20037,119,119,0,0,0,168.3781512605042,195,597.9915966386554,183.10084033613447
66DOPC33DOPG_chole_mRNA,58,19,0058_R0019,0.10744682735756789,0.10744682735756789,1506,1506,9,9,0,0,0,167.33333333333334,188,118.88888888888889,181.66666666666666
66DOPC33DOPG_chole_mRNA,58,20,0058_R0020,0.1552009728498203,0.1552009728498203,2097,2097,13,13,0,0,0,161.30769230769232,182,121.61538461538461,188.3846153846154
66DOPC33DOPG_chole_mRNA,58,21,0058_R0021,1.3013004646638777,1.3013004646638777,26959,26959,109,109,0,0,0,247.3302752293578,868,373.25688073394497,192.4954128440367
66DOPC33DOPG_chole_mRNA,58,22,0058_R0022,0.596926818653155,0.596926818653155,9469,9469,50,50,0,0,0,189.38,279,32.6,195.12
66DOPC33DOPG_chole_mRNA,58,23,0058_R0023,0.6446809641454073,0.6446809641454073,8416,8416,54,54,0,0,0,155.85185185185185,163,450,207.59259259259258
66DOPC33DOPG_chole_mRNA,58,24,0058_R0024,0.1671395092228834,0.1671395092228834,2273,2273,14,14,0,0,0,162.35714285714286,187,108.71428571428571,213.5
66DOPC33DOPG_chole_mRNA,58,25,0058_R0025,0.047754145492252396,0.047754145492252396,616,616,4,4,0,0,0,154,158,132,220.25
66DOPC33DOPG_chole_mRNA,58,26,0058_R0026,0.1313239001036941,0.1313239001036941,1786,1786,11,11,0,0,0,162.36363636363637,175,138.0909090909091,221.36363636363637
66DOPC33DOPG_chole_mRNA,58,27,0058_R0027,0.8118204733682908,0.8118204733682908,10743,10743,68,68,0,0,0,157.98529411764707,186,12.397058823529411,226.97058823529412
66DOPC33DOPG_chole_mRNA,58,28,0058_R0028,4.739598940106051,4.632152112748482,62341,61017,397,388,9,0,1,157.26030927835052,227,11.435567010309278,246.05154639175257
66DOPC33DOPG_chole_mRNA,58,29,0058_R0029,0.6088653550262181,0.6088653550262181,10445,10445,51,51,0,0,0,204.80392156862746,365,607.5882352941177,236.68627450980392
66DOPC33DOPG_chole_mRNA,58,30,0058_R0030,0.10744682735756789,0.10744682735756789,1422,1422,9,9,0,0,0,158,169,43.666666666666664,246.11111111111111
66DOPC33DOPG_chole_mRNA,58,31,0058_R0031,4.548582358137041,4.548582358137041,63747.00000000001,63747,381,381,0,0,0,167.31496062992127,201,446.31496062992125,261.8635170603674
66DOPC33DOPG_chole_mRNA,58,32,0058_R0032,0.09550829098450479,0.09550829098450479,1277,1277,8,8,0,0,0,159.625,168,118.75,251.75
66DOPC33DOPG_chole_mRNA,58,33,0058_R0033,0.6088653550262181,0.5730497459070287,7807.000000000001,7370,51,48,3,0,1,153.54166666666666,165,535.7291666666666,254.02083333333334
66DOPC33DOPG_chole_mRNA,58,34,0058_R0034,0.8953902279797324,0.8953902279797324,12073,12073,75,75,0,0,0,160.97333333333333,178,591.4,265
66DOPC33DOPG_chole_mRNA,58,35,0058_R0035,0.07163121823837859,0.07163121823837859,919,919,6,6,0,0,0,153.16666666666666,156,635,261.5
66DOPC33DOPG_chole_mRNA,58,36,0058_R0036,0.035815609119189296,0.035815609119189296,464,464,3,3,0,0,0,154.66666666666666,155,703,280
66DOPC33DOPG_chole_mRNA,58,37,0058_R0037,2.6742321475661344,2.6742321475661344,36997,36997,224,224,0,0,0,165.16517857142858,194,546.9955357142857,298.72767857142856
66DOPC33DOPG_chole_mRNA,58,38,0058_R0038,5.479788195235963,5.479788195235963,82052,82052,459,459,0,0,0,178.76252723311546,227,507.39651416122007,307.917211328976
66DOPC33DOPG_chole_mRNA,58,39,0058_R0039,0.238770727461262,0.238770727461262,3384,3384,20,20,0,0,0,169.2,195,30,304.5
66DOPC33DOPG_chole_mRNA,58,40,0058_R0040,0.9789599825911741,0.967021446218111,12769.999999999998,12625,82,81,1,0,1,155.8641975308642,169,120.76543209876543,308.6666666666667
66DOPC33DOPG_chole_mRNA,58,41,0058_R0041,0.023877072746126198,0.023877072746126198,312,312,2,2,0,0,0,156,158,675.5,308
66DOPC33DOPG_chole_mRNA,58,42,0058_R0042,0.023877072746126198,0.023877072746126198,307,307,2,2,0,0,0,153.5,157,115,309.5
66DOPC33DOPG_chole_mRNA,58,43,0058_R0043,0.2029551183420727,0.2029551183420727,2691,2691,17,17,0,0,0,158.2941176470588,168,100.88235294117646,311.4117647058824
66DOPC33DOPG_chole_mRNA,58,44,0058_R0044,1.181915100933247,1.181915100933247,15731,15731,99,99,0,0,0,158.8989898989899,177,483.7070707070707,318.7070707070707
66DOPC33DOPG_chole_mRNA,58,45,0058_R0045,0.023877072746126198,0.023877072746126198,310,310,2,2,0,0,0,155,155,97.5,335
66DOPC33DOPG_chole_mRNA,58,46,0058_R0046,0.047754145492252396,0.047754145492252396,630,630,4,4,0,0,0,157.5,165,681.5,343.5
66DOPC33DOPG_chole_mRNA,58,47,0058_R0047,0.09550829098450479,0.09550829098450479,1310,1310,8,8,0,0,0,163.75,170,643.5,345
66DOPC33DOPG_chole_mRNA,58,48,0058_R0048,0.5372341367878395,0.5372341367878395,6874,6874,45,45,0,0,0,152.75555555555556,161,433.53333333333336,354.68888888888887
66DOPC33DOPG_chole_mRNA,58,49,0058_R0049,0.22683219108819888,0.22683219108819888,2938,2938,19,19,0,0,0,154.6315789473684,162,448.94736842105266,361.3157894736842
66DOPC33DOPG_chole_mRNA,58,50,0058_R0050,0.8715131552336063,0.8715131552336063,12054,12054,73,73,0,0,0,165.12328767123287,191,483.4246575342466,365.2054794520548
66DOPC33DOPG_chole_mRNA,58,51,0058_R0051,0.14326243647675718,0.14326243647675718,1836,1836,12,12,0,0,0,153,156,363.9166666666667,371.0833333333333
66DOPC33DOPG_chole_mRNA,58,52,0058_R0052,0.1313239001036941,0.1313239001036941,1681,1681,11,11,0,0,0,152.8181818181818,156,376.3636363636364,372.6363636363636
66DOPC33DOPG_chole_mRNA,58,53,0058_R0053,0.9789599825911741,0.9789599825911741,13305,13305,82,82,0,0,0,162.2560975609756,187,470.7560975609756,384.5121951219512
66DOPC33DOPG_chole_mRNA,58,54,0058_R0054,0.035815609119189296,0.035815609119189296,455,455,3,3,0,0,0,151.66666666666666,153,491.3333333333333,378.6666666666667
66DOPC33DOPG_chole_mRNA,58,55,0058_R0055,0.023877072746126198,0.023877072746126198,309,309,2,2,0,0,0,154.5,155,225.5,384.5
66DOPC33DOPG_chole_mRNA,58,56,0058_R0056,0.46560291854946084,0.46560291854946084,6030,6030,39,39,0,0,0,154.6153846153846,166,389.3076923076923,387.2307692307692
66DOPC33DOPG_chole_mRNA,58,57,0058_R0057,0.047754145492252396,0.047754145492252396,612,612,4,4,0,0,0,153,156,357.5,391.5
66DOPC33DOPG_chole_mRNA,58,58,0058_R0058,1.8624116741978434,1.8624116741978434,25558,25558,156,156,0,0,0,163.83333333333334,196,196.94871794871796,401.5
66DOPC33DOPG_chole_mRNA,58,59,0058_R0059,1.3132390010369408,1.3013004646638777,17106,16959,110,109,1,0,1,155.58715596330276,166,462.4678899082569,406
66DOPC33DOPG_chole_mRNA,58,60,0058_R0060,2.2563833745089257,2.2444448381358626,30742,30594,189,188,1,0,1,162.7340425531915,217,413.1063829787234,410.4255319148936
66DOPC33DOPG_chole_mRNA,58,61,0058_R0061,2.363830201866494,2.363830201866494,31892,31892,198,198,0,0,0,161.07070707070707,185,119.71212121212122,408.75252525252523
66DOPC33DOPG_chole_mRNA,58,62,0058_R0062,1.6475180194827077,1.6475180194827077,21260,21260,138,138,0,0,0,154.05797101449275,165,181.1304347826087,413.94202898550725
66DOPC33DOPG_chole_mRNA,58,63,0058_R0063,0.023877072746126198,0.023877072746126198,308,308,2,2,0,0,0,154,157,399,413.5
66DOPC33DOPG_chole_mRNA,58,64,0058_R0064,0.7640663278760383,0.7640663278760383,10983,10983,64,64,0,0,0,171.609375,255,437.125,417.84375
66DOPC33DOPG_chole_mRNA,58,65,0058_R0065,0.023877072746126198,0.023877072746126198,309,309,2,2,0,0,0,154.5,155,646.5,439.5
66DOPC33DOPG_chole_mRNA,58,66,0058_R0066,0.14326243647675718,0.14326243647675718,1889,1889,12,12,0,0,0,157.41666666666666,163,470.0833333333333,442.1666666666667
66DOPC33DOPG_chole_mRNA,58,67,0058_R0067,0.07163121823837859,0.07163121823837859,933,933,6,6,0,0,0,155.5,158,629.3333333333334,441.8333333333333
66DOPC33DOPG_chole_mRNA,58,68,0058_R0068,0.21489365471513577,0.21489365471513577,2775,2775,18,18,0,0,0,154.16666666666666,161,196.83333333333334,449.8888888888889
66DOPC33DOPG_chole_mRNA,58,69,0058_R0069,0.047754145492252396,0.047754145492252396,619,619,4,4,0,0,0,154.75,158,290.25,448
66DOPC33DOPG_chole_mRNA,58,70,0058_R0070,0.3700946275649561,0.35815609119189296,4753,4608,31,30,1,0,1,153.6,160,454.9,451.26666666666665
66DOPC33DOPG_chole_mRNA,58,71,0058_R0071,0.023877072746126198,0.023877072746126198,307,307,2,2,0,0,0,153.5,155,460,448.5
66DOPC33DOPG_chole_mRNA,58,72,0058_R0072,0.21489365471513577,0.21489365471513577,2788,2788,18,18,0,0,0,154.88888888888889,163,286.72222222222223,453.55555555555554
66DOPC33DOPG_chole_mRNA,58,73,0058_R0073,0.07163121823837859,0.07163121823837859,919,919,6,6,0,0,0,153.16666666666666,156,404.6666666666667,452.6666666666667
66DOPC33DOPG_chole_mRNA,58,74,0058_R0074,0.035815609119189296,0.035815609119189296,465,465,3,3,0,0,0,155,158,411,455
66DOPC33DOPG_chole_mRNA,58,75,0058_R0075,0.1313239001036941,0.119385363730631,1677.0000000000002,1532,11,10,1,0,1,153.2,158,321,457.7
66DOPC33DOPG_chole_mRNA,58,76,0058_R0076,0.46560291854946084,0.46560291854946084,6089,6089,39,39,0,0,0,156.12820512820514,174,319.7435897435897,465.5128205128205
66DOPC33DOPG_chole_mRNA,58,77,0058_R0077,1.0386526644564895,1.0386526644564895,15846,15846,87,87,0,0,0,182.13793103448276,235,450.64367816091954,474.367816091954
66DOPC33DOPG_chole_mRNA,58,78,0058_R0078,0.119385363730631,0.119385363730631,1523,1523,10,10,0,0,0,152.3,157,264.8,475
66DOPC33DOPG_chole_mRNA,58,79,0058_R0079,3.9158399303646965,3.9158399303646965,58278,58278,328,328,0,0,0,177.6768292682927,263,290.0182926829268,487.0365853658537
66DOPC33DOPG_chole_mRNA,58,80,0058_R0080,0.023877072746126198,0.023877072746126198,305,305,2,2,0,0,0,152.5,153,325.5,489
66DOPC33DOPG_chole_mRNA,58,81,0058_R0081,0.047754145492252396,0.047754145492252396,608,608,4,4,0,0,0,152,155,323.5,492
66DOPC33DOPG_chole_mRNA,58,82,0058_R0082,0.023877072746126198,0.023877072746126198,307,307,2,2,0,0,0,153.5,156,696.5,493
66DOPC33DOPG_chole_mRNA,58,83,0058_R0083,2.781678974923702,2.781678974923702,40790,40790,233,233,0,0,0,175.06437768240343,243,349.11158798283265,504.56223175965664
66DOPC33DOPG_chole_mRNA,58,84,0058_R0084,0.7043736460107228,0.7043736460107228,9475,9475,59,59,0,0,0,160.59322033898306,187,201.66101694915255,504.0508474576271
66DOPC33DOPG_chole_mRNA,58,85,0058_R0085,1.1699765645601836,1.1699765645601836,15640,15640,98,98,0,0,0,159.59183673469389,208,293.5204081632653,510.40816326530614
66DOPC33DOPG_chole_mRNA,58,86,0058_R0086,1.0028370553373003,0.9908985189642372,13233,13085,84,83,1,0,1,157.65060240963857,179,420.578313253012,508.8433734939759
66DOPC33DOPG_chole_mRNA,58,87,0058_R0087,1.5042555830059505,1.5042555830059505,21895,21895,126,126,0,0,0,173.76984126984127,220,675.1190476190476,513.8730158730159
66DOPC33DOPG_chole_mRNA,58,88,0058_R0088,3.0682038478772165,3.0443267751310903,41215,40921,257,255,2,0,1,160.47450980392156,187,381.12549019607843,519.8274509803922
66DOPC33DOPG_chole_mRNA,58,89,0058_R0089,2.769740438550639,2.769740438550639,41394,41394,232,232,0,0,0,178.42241379310346,254,655.9741379310345,513.4741379310345
66DOPC33DOPG_chole_mRNA,58,90,0058_R0090,0.023877072746126198,0.023877072746126198,307,307,2,2,0,0,0,153.5,154,688,507.5
66DOPC33DOPG_chole_mRNA,58,91,0058_R0091,0.46560291854946084,0.46560291854946084,6032,6032,39,39,0,0,0,154.66666666666666,165,395.0769230769231,511.35897435897436
66DOPC33DOPG_chole_mRNA,58,92,0058_R0092,1.0983453463218051,1.0983453463218051,16052.999999999998,16053,92,92,0,0,0,174.4891304347826,242,246.58695652173913,514.7282608695652
66DOPC33DOPG_chole_mRNA,58,93,0058_R0093,0.8356975461144169,0.8356975461144169,11206,11206,70,70,0,0,0,160.0857142857143,185,434.98571428571427,521.8
66DOPC33DOPG_chole_mRNA,58,94,0058_R0094,4.118795048706769,4.118795048706769,61413,61413,345,345,0,0,0,178.0086956521739,331,283.8086956521739,526.7101449275362
66DOPC33DOPG_chole_mRNA,58,95,0058_R0095,0.32234048207270366,0.32234048207270366,4196,4196,27,27,0,0,0,155.40740740740742,162,352.8888888888889,520.7037037037037
66DOPC33DOPG_chole_mRNA,58,96,0058_R0096,1.0983453463218051,1.0983453463218051,21266,21266,92,92,0,0,0,231.15217391304347,547,700.5326086956521,526.1630434782609
66DOPC33DOPG_chole_mRNA,58,97,0058_R0097,0.238770727461262,0.238770727461262,3166,3166,20,20,0,0,0,158.3,171,261.55,522.35
66DOPC33DOPG_chole_mRNA,58,98,0058_R0098,0.1671395092228834,0.1671395092228834,2183,2183,14,14,0,0,0,155.92857142857142,165,254,524.5714285714286
66DOPC33DOPG_chole_mRNA,58,99,0058_R0099,0.023877072746126198,0.023877072746126198,309,309,2,2,0,0,0,154.5,155,198,524.5
66DOPC33DOPG_chole_mRNA,58,100,0058_R0100,0.0596926818653155,0.0596926818653155,791,791,5,5,0,0,0,158.2,164,671.2,524.6
66DOPC33DOPG_chole_mRNA,58,101,0058_R0101,0.047754145492252396,0.047754145492252396,619,619,4,4,0,0,0,154.75,160,288.5,536.5
66DOPC33DOPG_chole_mRNA,58,102,0058_R0102,0.14326243647675718,0.14326243647675718,1830,1830,12,12,0,0,0,152.5,159,272.5833333333333,545.75
66DOPC33DOPG_chole_mRNA,58,103,0058_R0103,0.023877072746126198,0.023877072746126198,306,306,2,2,0,0,0,153,153,609,570.5
66DOPC33DOPG_chole_mRNA,58,104,0058_R0104,0.1313239001036941,0.1313239001036941,1737,1737,11,11,0,0,0,157.9090909090909,168,606.5454545454545,575
66DOPC33DOPG_chole_mRNA,58,105,0058_R0105,0.07163121823837859,0.07163121823837859,916,916,6,6,0,0,0,152.66666666666666,158,593.1666666666666,584.3333333333334
66DOPC33DOPG_chole_mRNA,58,106,0058_R0106,1.6594565558557708,1.6594565558557708,26946,26946,139,139,0,0,0,193.85611510791367,368,580.8057553956835,594.8129496402878
66DOPC33DOPG_chole_mRNA,58,107,0058_R0107,0.17907804559594648,0.17907804559594648,2397,2397,15,15,0,0,0,159.8,170,557.6,599.4
66DOPC33DOPG_chole_mRNA,58,108,0058_R0108,0.023877072746126198,0.023877072746126198,307,307,2,2,0,0,0,153.5,154,591.5,600
66DOPC33DOPG_chole_mRNA,58,109,0058_R0109,0.6327424277723442,0.6327424277723442,8899,8899,53,53,0,0,0,167.9056603773585,198,575.433962264151,604.5471698113207
66DOPC33DOPG_chole_mRNA,58,110,0058_R0110,1.0983453463218051,1.0983453463218051,16502,16502,92,92,0,0,0,179.3695652173913,266,559.5869565217391,608.6847826086956
66DOPC33DOPG_chole_mRNA,58,111,0058_R0111,0.6327424277723442,0.6327424277723442,8982,8982,53,53,0,0,0,169.47169811320754,200,513.4528301886793,609.811320754717
66DOPC33DOPG_chole_mRNA,58,112,0058_R0112,1.1222224190679313,1.1222224190679313,15177,15177,94,94,0,0,0,161.45744680851064,187,624.6063829787234,612.3297872340426
66DOPC33DOPG_chole_mRNA,58,113,0058_R0113,0.10744682735756789,0.10744682735756789,1420,1420,9,9,0,0,0,157.77777777777777,168,543.6666666666666,613.1111111111111
66DOPC33DOPG_chole_mRNA,58,114,0058_R0114,0.035815609119189296,0.035815609119189296,463,463,3,3,0,0,0,154.33333333333334,156,574.6666666666666,622.3333333333334
66DOPC33DOPG_chole_mRNA,58,115,0058_R0115,0.5252956004147764,0.5252956004147764,6832.999999999999,6833,44,44,0,0,0,155.29545454545453,168,57.79545454545455,664.8181818181819
66DOPC33DOPG_chole_mRNA,58,116,0058_R0116,3.5338067664266775,3.5338067664266775,48195,48195,296,296,0,0,0,162.82094594594594,188,298.3243243243243,674.2027027027027
66DOPC33DOPG_chole_mRNA,58,117,0058_R0117,0.2626478002073882,0.2626478002073882,3434,3434,22,22,0,0,0,156.0909090909091,167,107.68181818181819,677.8636363636364
66DOPC33DOPG_chole_mRNA,58,118,0058_R0118,1.5520097284982028,1.5520097284982028,24437,24437,130,130,0,0,0,187.97692307692307,260,72.72307692307692,686.4769230769231
66DOPC33DOPG_chole_mRNA,58,119,0058_R0119,0.035815609119189296,0.035815609119189296,458,458,3,3,0,0,0,152.66666666666666,154,467.6666666666667,686.6666666666666
66DOPC33DOPG_chole_mRNA,58,120,0058_R0120,1.563948264871266,1.563948264871266,21137,21137,131,131,0,0,0,161.35114503816794,198,475.5496183206107,692.7480916030535
66DOPC33DOPG_chole_mRNA,59,1,0059_R0001,1.3371160737830672,1.3371160737830672,21188,21188,112,112,0,0,0,189.17857142857142,239,174.39285714285714,9.660714285714286
66DOPC33DOPG_chole_mRNA,59,2,0059_R0002,0.07163121823837859,0.07163121823837859,951,951,6,6,0,0,0,158.5,161,194,33.5
66DOPC33DOPG_chole_mRNA,59,3,0059_R0003,0.023877072746126198,0.023877072746126198,317,317,2,2,0,0,0,158.5,159,193,38.5
66DOPC33DOPG_chole_mRNA,59,4,0059_R0004,0.6685580368915336,0.6685580368915336,8918,8918,56,56,0,0,0,159.25,167,167.67857142857142,45.07142857142857
66DOPC33DOPG_chole_mRNA,59,5,0059_R0005,0.6685580368915336,0.6566195005184704,9145,8994,56,55,1,0,1,163.52727272727273,181,288.1818181818182,111.81818181818181
66DOPC33DOPG_chole_mRNA,59,6,0059_R0006,2.2444448381358626,2.2444448381358626,37616,37616,188,188,0,0,0,200.08510638297872,296,311.02659574468083,133.17021276595744
66DOPC33DOPG_chole_mRNA,59,7,0059_R0007,1.1102838826948682,1.1102838826948682,15287,15287,93,93,0,0,0,164.3763440860215,186,156.7741935483871,170.23655913978496
66DOPC33DOPG_chole_mRNA,59,8,0059_R0008,0.28652487295351436,0.28652487295351436,4362,4362,24,24,0,0,0,181.75,224,359.8333333333333,181.875
66DOPC33DOPG_chole_mRNA,59,9,0059_R0009,0.8715131552336063,0.8715131552336063,11800,11800,73,73,0,0,0,161.64383561643837,177,157.6164383561644,194.67123287671234
66DOPC33DOPG_chole_mRNA,59,10,0059_R0010,0.22683219108819888,0.22683219108819888,3514,3514,19,19,0,0,0,184.94736842105263,224,624.2105263157895,238.6315789473684
66DOPC33DOPG_chole_mRNA,59,11,0059_R0011,0.5014185276686501,0.5014185276686501,6887,6887,42,42,0,0,0,163.97619047619048,179,378.9047619047619,272.0238095238095
66DOPC33DOPG_chole_mRNA,59,12,0059_R0012,2.172813619897484,2.172813619897484,30926.999999999996,30927,182,182,0,0,0,169.92857142857142,196,219.4120879120879,301.4010989010989
66DOPC33DOPG_chole_mRNA,59,13,0059_R0013,0.047754145492252396,0.047754145492252396,648,648,4,4,0,0,0,162,165,461.25,296
66DOPC33DOPG_chole_mRNA,59,14,0059_R0014,1.3013004646638777,1.3013004646638777,18086,18086,109,109,0,0,0,165.92660550458714,180,452.5229357798165,313.8715596330275
66DOPC33DOPG_chole_mRNA,59,15,0059_R0015,0.07163121823837859,0.07163121823837859,946,946,6,6,0,0,0,157.66666666666666,164,454.8333333333333,332.8333333333333
66DOPC33DOPG_chole_mRNA,59,16,0059_R0016,0.2029551183420727,0.2029551183420727,2991,2991,17,17,0,0,0,175.94117647058823,216,238.11764705882354,355.4117647058824
66DOPC33DOPG_chole_mRNA,59,17,0059_R0017,0.19101658196900959,0.19101658196900959,2508,2508,16,16,0,0,0,156.75,162,429.9375,363.9375
66DOPC33DOPG_chole_mRNA,59,18,0059_R0018,1.2535463191716254,1.2535463191716254,27170,27170,105,105,0,0,0,258.76190476190476,620,446.57142857142856,372.35238095238094
66DOPC33DOPG_chole_mRNA,59,19,0059_R0019,7.521277915029753,7.521277915029753,109106,109106,630,630,0,0,0,173.18412698412698,207,444.0857142857143,422.2952380952381
66DOPC33DOPG_chole_mRNA,59,20,0059_R0020,0.5491726731609026,0.5491726731609026,7588,7588,46,46,0,0,0,164.95652173913044,180,657.0217391304348,399.60869565217394
66DOPC33DOPG_chole_mRNA,59,21,0059_R0021,0.10744682735756789,0.10744682735756789,1436,1436,9,9,0,0,0,159.55555555555554,168,679.6666666666666,401.8888888888889
66DOPC33DOPG_chole_mRNA,59,22,0059_R0022,1.3848702192753195,1.3848702192753195,19204,19204,116,116,0,0,0,165.55172413793105,192,659.9224137931035,411.7844827586207
66DOPC33DOPG_chole_mRNA,59,23,0059_R0023,0.5372341367878395,0.5133570640417132,7072,6769,45,43,2,0,1,157.41860465116278,163,274.3488372093023,413.16279069767444
66DOPC33DOPG_chole_mRNA,59,24,0059_R0024,0.035815609119189296,0.035815609119189296,477,477,3,3,0,0,0,159,161,462,415
66DOPC33DOPG_chole_mRNA,59,25,0059_R0025,0.0596926818653155,0.0596926818653155,793,793,5,5,0,0,0,158.6,164,464.8,417.4
66DOPC33DOPG_chole_mRNA,59,26,0059_R0026,0.023877072746126198,0.023877072746126198,315,315,2,2,0,0,0,157.5,158,460.5,419
66DOPC33DOPG_chole_mRNA,59,27,0059_R0027,0.5491726731609026,0.5491726731609026,7943,7943,46,46,0,0,0,172.67391304347825,199,618.3913043478261,434.54347826086956
66DOPC33DOPG_chole_mRNA,59,28,0059_R0028,0.19101658196900959,0.19101658196900959,2714,2714,16,16,0,0,0,169.625,200,690.625,437.75
66DOPC33DOPG_chole_mRNA,59,29,0059_R0029,0.19101658196900959,0.19101658196900959,2789,2789,16,16,0,0,0,174.3125,200,695.5,443
66DOPC33DOPG_chole_mRNA,59,30,0059_R0030,0.047754145492252396,0.047754145492252396,634,634,4,4,0,0,0,158.5,162,642.75,449
66DOPC33DOPG_chole_mRNA,59,31,0059_R0031,0.0835697546114417,0.0835697546114417,1120,1120,7,7,0,0,0,160,168,620.4285714285714,450.2857142857143
66DOPC33DOPG_chole_mRNA,59,32,0059_R0032,5.861821359173982,5.861821359173982,110238,110238,491,491,0,0,0,224.5173116089613,457,287.3951120162933,466.24236252545825
66DOPC33DOPG_chole_mRNA,59,33,0059_R0033,0.3104019456996406,0.3104019456996406,4152,4152,26,26,0,0,0,159.69230769230768,164,419.8076923076923,453.65384615384613
66DOPC33DOPG_chole_mRNA,59,34,0059_R0034,0.0835697546114417,0.0835697546114417,1124,1124,7,7,0,0,0,160.57142857142858,166,240,472
66DOPC33DOPG_chole_mRNA,59,35,0059_R0035,5.981206722904613,5.981206722904613,140724,140724,501,501,0,0,0,280.8862275449102,1048,268.87225548902194,486.560878243513
66DOPC33DOPG_chole_mRNA,59,36,0059_R0036,2.88912580228127,2.88912580228127,61084,61084,242,242,0,0,0,252.41322314049586,565,309.31404958677683,485.3719008264463
66DOPC33DOPG_chole_mRNA,59,37,0059_R0037,6.422932568707948,6.422932568707948,107118,107118,538,538,0,0,0,199.10408921933086,344,252.3345724907063,526.9907063197026
66DOPC33DOPG_chole_mRNA,59,38,0059_R0038,0.8834516916066694,0.8834516916066694,15037,15037,74,74,0,0,0,203.2027027027027,388,271.43243243243245,514.3108108108108
66DOPC33DOPG_chole_mRNA,59,39,0059_R0039,5.563357949847404,5.563357949847404,102600,102600,466,466,0,0,0,220.1716738197425,372,401.2274678111588,530.1158798283262
66DOPC33DOPG_chole_mRNA,59,40,0059_R0040,0.0596926818653155,0.0596926818653155,793,793,5,5,0,0,0,158.6,161,320,527
66DOPC33DOPG_chole_mRNA,59,41,0059_R0041,0.023877072746126198,0.023877072746126198,331,331,2,2,0,0,0,165.5,169,480,528.5
66DOPC33DOPG_chole_mRNA,59,42,0059_R0042,0.46560291854946084,0.46560291854946084,6245,6245,39,39,0,0,0,160.12820512820514,168,290.94871794871796,533.3589743589744
66DOPC33DOPG_chole_mRNA,59,43,0059_R0043,3.3189131117115416,3.3189131117115416,55591,55591,278,278,0,0,0,199.96762589928056,285,272.2482014388489,554.1115107913669
66DOPC33DOPG_chole_mRNA,59,44,0059_R0044,1.181915100933247,1.181915100933247,17021,17021,99,99,0,0,0,171.92929292929293,209,316.07070707070704,553.2222222222222
66DOPC33DOPG_chole_mRNA,59,45,0059_R0045,0.2029551183420727,0.2029551183420727,2705,2705,17,17,0,0,0,159.11764705882354,169,564.4705882352941,558.6470588235294
66DOPC33DOPG_chole_mRNA,59,46,0059_R0046,1.7788419195864018,1.7788419195864018,27716,27716,149,149,0,0,0,186.01342281879195,229,301.2751677852349,576.8389261744967
66DOPC33DOPG_chole_mRNA,59,47,0059_R0047,0.22683219108819888,0.22683219108819888,3252,3252,19,19,0,0,0,171.1578947368421,195,349.42105263157896,571.8947368421053
66DOPC33DOPG_chole_mRNA,59,48,0059_R0048,0.5252956004147764,0.5252956004147764,7604,7604,44,44,0,0,0,172.8181818181818,196,622.5,589.9318181818181
66DOPC33DOPG_chole_mRNA,59,49,0059_R0049,1.0028370553373003,1.0028370553373003,14113,14113,84,84,0,0,0,168.01190476190476,194,341.4761904761905,607.8333333333334
66DOPC33DOPG_chole_mRNA,59,50,0059_R0050,0.967021446218111,0.967021446218111,12911,12911,81,81,0,0,0,159.39506172839506,171,142.55555555555554,621.4814814814815
66DOPC33DOPG_chole_mRNA,59,51,0059_R0051,0.238770727461262,0.238770727461262,3260,3260,20,20,0,0,0,163,181,367.65,622.45
66DOPC33DOPG_chole_mRNA,59,52,0059_R0052,0.07163121823837859,0.07163121823837859,973,973,6,6,0,0,0,162.16666666666666,167,460.8333333333333,625.1666666666666
66DOPC33DOPG_chole_mRNA,59,53,0059_R0053,0.17907804559594648,0.17907804559594648,2530,2530,15,15,0,0,0,168.66666666666666,186,151.6,626.4
66DOPC33DOPG_chole_mRNA,59,54,0059_R0054,0.46560291854946084,0.46560291854946084,6295,6295,39,39,0,0,0,161.4102564102564,182,296.7692307692308,632.4871794871794
66DOPC33DOPG_chole_mRNA,59,55,0059_R0055,0.023877072746126198,0.023877072746126198,321,321,2,2,0,0,0,160.5,164,303,633.5
66DOPC33DOPG_chole_mRNA,59,56,0059_R0056,0.21489365471513577,0.21489365471513577,2990,2990,18,18,0,0,0,166.11111111111111,186,375.72222222222223,636.1666666666666
66DOPC33DOPG_chole_mRNA,59,57,0059_R0057,0.32234048207270366,0.32234048207270366,4906,4906,27,27,0,0,0,181.7037037037037,232,215.88888888888889,646.5185185185185
66DOPC33DOPG_chole_mRNA,59,58,0059_R0058,0.19101658196900959,0.19101658196900959,2604,2604,16,16,0,0,0,162.75,176,332.75,652.4375
66DOPC33DOPG_chole_mRNA,59,59,0059_R0059,0.1313239001036941,0.1313239001036941,1778,1778,11,11,0,0,0,161.63636363636363,174,339.90909090909093,654.6363636363636
66DOPC33DOPG_chole_mRNA,59,60,0059_R0060,1.1580380281871205,1.1580380281871205,15970,15970,97,97,0,0,0,164.63917525773195,183,308.29896907216494,661.2989690721649
66DOPC33DOPG_chole_mRNA,59,61,0059_R0061,1.575886801244329,1.575886801244329,26660,26660,132,132,0,0,0,201.96969696969697,272,437.6666666666667,663.9545454545455
66DOPC33DOPG_chole_mRNA,59,62,0059_R0062,0.38203316393801917,0.38203316393801917,5055,5055,32,32,0,0,0,157.96875,167,334.5625,668.34375
66DOPC33DOPG_chole_mRNA,59,63,0059_R0063,2.077305328912979,2.077305328912979,28620.999999999996,28621,174,174,0,0,0,164.48850574712642,181,186.2816091954023,680.0574712643678
66DOPC33DOPG_chole_mRNA,59,64,0059_R0064,0.17907804559594648,0.17907804559594648,2652,2652,15,15,0,0,0,176.8,205,216.13333333333333,676.5333333333333
66DOPC33DOPG_chole_mRNA,59,65,0059_R0065,0.2984634093265775,0.2984634093265775,4250,4250,25,25,0,0,0,170,200,229.24,686.64
66DOPC33DOPG_chole_mRNA,59,66,0059_R0066,0.5252956004147764,0.5252956004147764,7292,7292,44,44,0,0,0,165.72727272727272,182,371.90909090909093,694
66DOPC33DOPG_chole_mRNA,60,1,0060_R0001,0.023877072746126198,0.023877072746126198,308,308,2,2,0,0,0,154,157,680.5,0
66DOPC33DOPG_chole_mRNA,60,2,0060_R0002,0.4417258458033347,0.4417258458033347,6076,6076,37,37,0,0,0,164.21621621621622,183,637.3783783783783,27.54054054054054
66DOPC33DOPG_chole_mRNA,60,3,0060_R0003,0.1313239001036941,0.1313239001036941,1702,1702,11,11,0,0,0,154.72727272727272,160,657,29.545454545454547
66DOPC33DOPG_chole_mRNA,60,4,0060_R0004,0.4059102366841454,0.4059102366841454,5425,5425,34,34,0,0,0,159.55882352941177,180,648.9411764705883,64.91176470588235
66DOPC33DOPG_chole_mRNA,60,5,0060_R0005,0.7521277915029753,0.7521277915029753,12424,12424,63,63,0,0,0,197.20634920634922,297,617.063492063492,70
66DOPC33DOPG_chole_mRNA,60,6,0060_R0006,0.38203316393801917,0.38203316393801917,5161,5161,32,32,0,0,0,161.28125,178,360.875,78.25
66DOPC33DOPG_chole_mRNA,60,7,0060_R0007,0.6446809641454073,0.6446809641454073,9260,9260,54,54,0,0,0,171.4814814814815,208,259.9074074074074,79.96296296296296
66DOPC33DOPG_chole_mRNA,60,8,0060_R0008,0.5730497459070287,0.5730497459070287,7846,7846,48,48,0,0,0,163.45833333333334,189,610.8541666666666,79.35416666666667
66DOPC33DOPG_chole_mRNA,60,9,0060_R0009,0.5730497459070287,0.5730497459070287,7575,7575,48,48,0,0,0,157.8125,173,378.1875,88.02083333333333
66DOPC33DOPG_chole_mRNA,60,10,0060_R0010,0.1671395092228834,0.1671395092228834,2187,2187,14,14,0,0,0,156.21428571428572,161,610.0714285714286,91.85714285714286
66DOPC33DOPG_chole_mRNA,60,11,0060_R0011,0.09550829098450479,0.09550829098450479,1234,1234,8,8,0,0,0,154.25,157,639.625,104.75
66DOPC33DOPG_chole_mRNA,60,12,0060_R0012,0.09550829098450479,0.09550829098450479,1220,1220,8,8,0,0,0,152.5,158,303.125,165.625
66DOPC33DOPG_chole_mRNA,60,13,0060_R0013,1.5042555830059505,1.5042555830059505,22180,22180,126,126,0,0,0,176.03174603174602,222,269.3174603174603,209.71428571428572
66DOPC33DOPG_chole_mRNA,60,14,0060_R0014,4.799291621971366,4.799291621971366,103227,103227,402,402,0,0,0,256.7835820895522,758,628.5472636815921,218.51990049751242
66DOPC33DOPG_chole_mRNA,60,15,0060_R0015,0.25070926383432507,0.25070926383432507,3379,3379,21,21,0,0,0,160.9047619047619,174,343.95238095238096,215.76190476190476
66DOPC33DOPG_chole_mRNA,60,16,0060_R0016,0.0596926818653155,0.0596926818653155,775,775,5,5,0,0,0,155,158,646.2,221
66DOPC33DOPG_chole_mRNA,60,17,0060_R0017,8.583807652232368,8.583807652232368,132173,132173,719,719,0,0,0,183.82892906815022,287,63.13769123783032,248.45897079276773
66DOPC33DOPG_chole_mRNA,60,18,0060_R0018,2.793617511296765,2.793617511296765,37585,37585,234,234,0,0,0,160.6196581196581,180,99.62820512820512,247.68803418803418
66DOPC33DOPG_chole_mRNA,60,19,0060_R0019,0.119385363730631,0.119385363730631,1588,1588,10,10,0,0,0,158.8,173,613,239.2
66DOPC33DOPG_chole_mRNA,60,20,0060_R0020,0.0596926818653155,0.0596926818653155,776,776,5,5,0,0,0,155.2,157,135.4,259.2
66DOPC33DOPG_chole_mRNA,60,21,0060_R0021,0.39397170031108225,0.39397170031108225,5269,5269,33,33,0,0,0,159.66666666666666,181,29.03030303030303,266.5151515151515
66DOPC33DOPG_chole_mRNA,60,22,0060_R0022,0.41784877305720847,0.41784877305720847,5575,5575,35,35,0,0,0,159.28571428571428,172,290.74285714285713,269.54285714285714
66DOPC33DOPG_chole_mRNA,60,23,0060_R0023,0.1313239001036941,0.1313239001036941,1677.0000000000002,1677,11,11,0,0,0,152.45454545454547,158,4.545454545454546,281.1818181818182
66DOPC33DOPG_chole_mRNA,60,24,0060_R0024,0.8715131552336063,0.8715131552336063,11620,11620,73,73,0,0,0,159.17808219178082,173,451.2054794520548,360.1917808219178
66DOPC33DOPG_chole_mRNA,60,25,0060_R0025,0.07163121823837859,0.07163121823837859,921,921,6,6,0,0,0,153.5,156,328.1666666666667,381.8333333333333
66DOPC33DOPG_chole_mRNA,60,26,0060_R0026,0.3342790184457668,0.3342790184457668,4424,4424,28,28,0,0,0,158,173,177.10714285714286,390.17857142857144
66DOPC33DOPG_chole_mRNA,60,27,0060_R0027,0.25070926383432507,0.25070926383432507,3205,3205,21,21,0,0,0,152.61904761904762,158,162.71428571428572,392.14285714285717
66DOPC33DOPG_chole_mRNA,60,28,0060_R0028,0.6327424277723442,0.6327424277723442,8708,8708,53,53,0,0,0,164.30188679245282,198,153.8490566037736,397.22641509433964
66DOPC33DOPG_chole_mRNA,60,29,0060_R0029,1.0983453463218051,1.0983453463218051,15242,15242,92,92,0,0,0,165.67391304347825,194,146.8913043478261,408.17391304347825
66DOPC33DOPG_chole_mRNA,60,30,0060_R0030,25.54846783835503,25.524590765608906,372591,372299,2140,2138,2,0,1,174.13423760523855,259,90.8489242282507,444.8026192703461
66DOPC33DOPG_chole_mRNA,60,31,0060_R0031,1.9817970379284744,1.9817970379284744,26848,26848,166,166,0,0,0,161.73493975903614,191,143.37951807228916,429.30120481927713
66DOPC33DOPG_chole_mRNA,60,32,0060_R0032,0.28652487295351436,0.28652487295351436,3781,3781,24,24,0,0,0,157.54166666666666,175,125.875,426.1666666666667
66DOPC33DOPG_chole_mRNA,60,33,0060_R0033,0.023877072746126198,0.023877072746126198,307,307,2,2,0,0,0,153.5,155,464,472.5
66DOPC33DOPG_chole_mRNA,60,34,0060_R0034,1.69527216497496,1.69527216497496,25864,25864,142,142,0,0,0,182.14084507042253,211,4.161971830985915,530.943661971831
66DOPC33DOPG_chole_mRNA,60,35,0060_R0035,0.035815609119189296,0.035815609119189296,461,461,3,3,0,0,0,153.66666666666666,157,343,556
66DOPC33DOPG_chole_mRNA,60,36,0060_R0036,0.1313239001036941,0.1313239001036941,1728,1728,11,11,0,0,0,157.0909090909091,170,346.3636363636364,566.8181818181819
66DOPC33DOPG_chole_mRNA,60,37,0060_R0037,14.970924611821125,14.469506084152476,218968,212782,1254,1212,42,0,1,175.56270627062707,301,457.49587458745873,635.503300330033
66DOPC33DOPG_chole_mRNA,60,38,0060_R0038,19.23298209700465,19.10165819690096,309183,307559,1611,1600,11,0,1,192.224375,931,394.709375,646.136875
66DOPC33DOPG_chole_mRNA,60,39,0060_R0039,0.596926818653155,0.596926818653155,7873,7873,50,50,0,0,0,157.46,169,511.6,628.76
66DOPC33DOPG_chole_mRNA,60,40,0060_R0040,0.1313239001036941,0.1313239001036941,1683,1683,11,11,0,0,0,153,158,420.09090909090907,630.4545454545455
66DOPC33DOPG_chole_mRNA,60,41,0060_R0041,0.035815609119189296,0.035815609119189296,459,459,3,3,0,0,0,153,155,423.6666666666667,632.3333333333334
66DOPC33DOPG_chole_mRNA,60,42,0060_R0042,0.0835697546114417,0.0835697546114417,1063,1063,7,7,0,0,0,151.85714285714286,154,418.42857142857144,638.2857142857143
66DOPC33DOPG_chole_mRNA,60,43,0060_R0043,0.023877072746126198,0.023877072746126198,304,304,2,2,0,0,0,152,152,426,640.5
66DOPC33DOPG_chole_mRNA,60,44,0060_R0044,1.2774233919177516,1.2774233919177516,21067,21067,107,107,0,0,0,196.88785046728972,284,695.9906542056075,645.588785046729
66DOPC33DOPG_chole_mRNA,60,45,0060_R0045,0.035815609119189296,0.035815609119189296,460,460,3,3,0,0,0,153.33333333333334,154,415.3333333333333,642.6666666666666
66DOPC33DOPG_chole_mRNA,60,46,0060_R0046,0.07163121823837859,0.07163121823837859,910,910,6,6,0,0,0,151.66666666666666,155,420.3333333333333,644.5
66DOPC33DOPG_chole_mRNA,60,47,0060_R0047,0.25070926383432507,0.238770727461262,3187.9999999999995,3040,21,20,1,0,1,152,158,424.8,646.55
66DOPC33DOPG_chole_mRNA,60,48,0060_R0048,0.1313239001036941,0.1313239001036941,1683,1683,11,11,0,0,0,153,156,364.6363636363636,650.2727272727273
66DOPC33DOPG_chole_mRNA,60,49,0060_R0049,0.07163121823837859,0.07163121823837859,923,923,6,6,0,0,0,153.83333333333334,156,414.8333333333333,655.1666666666666
66DOPC33DOPG_chole_mRNA,60,50,0060_R0050,0.047754145492252396,0.047754145492252396,606,606,4,4,0,0,0,151.5,153,419.5,656.5
66DOPC33DOPG_chole_mRNA,60,51,0060_R0051,1.707210701348023,1.707210701348023,32347,32347,143,143,0,0,0,226.2027972027972,394,699.006993006993,676.4755244755245
66DOPC33DOPG_chole_mRNA,60,52,0060_R0052,0.023877072746126198,0.023877072746126198,310,310,2,2,0,0,0,155,155,388.5,671
66DOPC33DOPG_chole_mRNA,60,53,0060_R0053,0.047754145492252396,0.047754145492252396,614,614,4,4,0,0,0,153.5,154,385.5,672.5
66DOPC33DOPG_chole_mRNA,60,54,0060_R0054,4.727660403732988,4.727660403732988,112515,112515,396,396,0,0,0,284.1287878787879,967,410.6313131313131,685.9621212121212
66DOPC33DOPG_chole_mRNA,60,55,0060_R0055,2.88912580228127,2.8771872659082067,41082,40938,242,241,1,0,1,169.86721991701245,226,469.298755186722,698.597510373444
66DOPC33DOPG_chole_mRNA,61,1,0061_R0001,1.4923170466328874,1.4923170466328874,22667,22667,125,125,0,0,0,181.336,207,442.456,109.576
66DOPC33DOPG_chole_mRNA,61,2,0061_R0002,3.5218682300536144,3.5218682300536144,57929,57929,295,295,0,0,0,196.36949152542374,279,476.6406779661017,153.04406779661016
66DOPC33DOPG_chole_mRNA,61,3,0061_R0003,0.3462175548188299,0.3462175548188299,4863,4863,29,29,0,0,0,167.68965517241378,184,460.2758620689655,149.3448275862069
66DOPC33DOPG_chole_mRNA,61,4,0061_R0004,18.277899187159605,18.277899187159605,342738,342738,1531,1531,0,0,0,223.86544741998694,526,422.39255388634876,185.5342913128674
66DOPC33DOPG_chole_mRNA,61,5,0061_R0005,3.8083931030071287,3.8083931030071287,97844.00000000001,97844,319,319,0,0,0,306.72100313479626,1127,461.7586206896552,195.3448275862069
66DOPC33DOPG_chole_mRNA,61,6,0061_R0006,5.873759895547045,5.873759895547045,112369,112369,492,492,0,0,0,228.39227642276424,537,446.6341463414634,217.4959349593496
66DOPC33DOPG_chole_mRNA,61,7,0061_R0007,0.7401892551299122,0.7401892551299122,10930,10930,62,62,0,0,0,176.29032258064515,214,503.0967741935484,264.9516129032258
66DOPC33DOPG_chole_mRNA,61,8,0061_R0008,31.302842370171447,31.183457006440815,537486,535941,2622,2612,10,0,1,205.18415007656967,431,320.26646248085757,304.52756508422664
66DOPC33DOPG_chole_mRNA,61,9,0061_R0009,0.22683219108819888,0.22683219108819888,3055,3055,19,19,0,0,0,160.78947368421052,172,513.578947368421,282.05263157894734
66DOPC33DOPG_chole_mRNA,61,10,0061_R0010,0.38203316393801917,0.3700946275649561,5113,4958,32,31,1,0,1,159.93548387096774,169,508,288.80645161290323
66DOPC33DOPG_chole_mRNA,61,11,0061_R0011,0.023877072746126198,0.023877072746126198,319,319,2,2,0,0,0,159.5,160,519.5,292
66DOPC33DOPG_chole_mRNA,61,12,0061_R0012,0.035815609119189296,0.035815609119189296,497,497,3,3,0,0,0,165.66666666666666,170,337,295
66DOPC33DOPG_chole_mRNA,61,13,0061_R0013,0.7521277915029753,0.7521277915029753,13419,13419,63,63,0,0,0,213,388,117.58730158730158,303.1111111111111
66DOPC33DOPG_chole_mRNA,61,14,0061_R0014,0.25070926383432507,0.25070926383432507,3500,3500,21,21,0,0,0,166.66666666666666,182,208.1904761904762,315.95238095238096
66DOPC33DOPG_chole_mRNA,61,15,0061_R0015,6.184161841246685,6.184161841246685,96123,96123,518,518,0,0,0,185.56563706563708,284,419.1023166023166,337.3822393822394
66DOPC33DOPG_chole_mRNA,61,16,0061_R0016,4.5366438217639775,4.5366438217639775,71501,71501,380,380,0,0,0,188.16052631578947,276,495.4421052631579,334.9684210526316
66DOPC33DOPG_chole_mRNA,61,17,0061_R0017,0.023877072746126198,0.023877072746126198,322,322,2,2,0,0,0,161,165,360.5,323
66DOPC33DOPG_chole_mRNA,61,18,0061_R0018,0.035815609119189296,0.035815609119189296,481,481,3,3,0,0,0,160.33333333333334,164,321,325
66DOPC33DOPG_chole_mRNA,61,19,0061_R0019,1.5281326557520767,1.5281326557520767,20776,20776,128,128,0,0,0,162.3125,176,364.65625,336.9140625
66DOPC33DOPG_chole_mRNA,61,20,0061_R0020,1.1341609554409944,1.1341609554409944,15918.000000000002,15918,95,95,0,0,0,167.55789473684212,185,577.7894736842105,345.9578947368421
66DOPC33DOPG_chole_mRNA,61,21,0061_R0021,1.587825337617392,1.587825337617392,21517,21517,133,133,0,0,0,161.78195488721803,173,433.8496240601504,358.1954887218045
66DOPC33DOPG_chole_mRNA,61,22,0061_R0022,6.446809641454074,6.434871105081011,122353,122202,540,539,1,0,1,226.71985157699444,981,547.9035250463822,368.987012987013
66DOPC33DOPG_chole_mRNA,61,23,0061_R0023,1.086406809948742,1.086406809948742,14959,14959,91,91,0,0,0,164.3846153846154,180,463.16483516483515,365.42857142857144
66DOPC33DOPG_chole_mRNA,61,24,0061_R0024,0.39397170031108225,0.39397170031108225,5261,5261,33,33,0,0,0,159.42424242424244,167,442.6969696969697,370.6666666666667
66DOPC33DOPG_chole_mRNA,61,25,0061_R0025,0.5252956004147764,0.5252956004147764,7279,7279,44,44,0,0,0,165.4318181818182,181,516,385.20454545454544
66DOPC33DOPG_chole_mRNA,61,26,0061_R0026,0.5611112095339656,0.5611112095339656,7900,7900,47,47,0,0,0,168.08510638297872,184,467.72340425531917,388.82978723404256
66DOPC33DOPG_chole_mRNA,61,27,0061_R0027,1.3013004646638777,1.3013004646638777,19268,19268,109,109,0,0,0,176.77064220183487,204,568.1559633027523,391.4954128440367
66DOPC33DOPG_chole_mRNA,61,28,0061_R0028,0.3342790184457668,0.3342790184457668,4590,4590,28,28,0,0,0,163.92857142857142,179,521.2857142857143,396.5357142857143
66DOPC33DOPG_chole_mRNA,61,29,0061_R0029,0.17907804559594648,0.1671395092228834,2391,2239,15,14,1,0,1,159.92857142857142,166,223.92857142857142,397.14285714285717
66DOPC33DOPG_chole_mRNA,61,30,0061_R0030,0.32234048207270366,0.32234048207270366,4865,4865,27,27,0,0,0,180.1851851851852,228,65.51851851851852,400.1111111111111
66DOPC33DOPG_chole_mRNA,61,31,0061_R0031,2.363830201866494,2.363830201866494,37837,37837,198,198,0,0,0,191.09595959595958,253,559.6515151515151,441.62626262626264
66DOPC33DOPG_chole_mRNA,61,32,0061_R0032,5.061939422178754,5.061939422178754,74219,74219,424,424,0,0,0,175.04481132075472,201,544.8608490566038,469.89150943396226
66DOPC33DOPG_chole_mRNA,61,33,0061_R0033,0.14326243647675718,0.14326243647675718,1937,1937,12,12,0,0,0,161.41666666666666,167,647.5833333333334,466.6666666666667
66DOPC33DOPG_chole_mRNA,61,34,0061_R0034,1.814657528705591,1.814657528705591,35589,35589,152,152,0,0,0,234.13815789473685,350,4.8881578947368425,519.078947368421
66DOPC33DOPG_chole_mRNA,61,35,0061_R0035,0.023877072746126198,0.023877072746126198,333,333,2,2,0,0,0,166.5,168,646.5,515
66DOPC33DOPG_chole_mRNA,61,36,0061_R0036,0.1313239001036941,0.1313239001036941,1897.0000000000002,1897,11,11,0,0,0,172.45454545454547,209,292.09090909090907,519.3636363636364
66DOPC33DOPG_chole_mRNA,61,37,0061_R0037,0.477541454922524,0.477541454922524,6642,6642,40,40,0,0,0,166.05,182,108.825,531
66DOPC33DOPG_chole_mRNA,61,38,0061_R0038,0.41784877305720847,0.41784877305720847,5863,5863,35,35,0,0,0,167.5142857142857,184,70.94285714285714,535.8
66DOPC33DOPG_chole_mRNA,61,39,0061_R0039,0.2984634093265775,0.2984634093265775,4004.9999999999995,4005,25,25,0,0,0,160.2,173,320.48,535.12
66DOPC33DOPG_chole_mRNA,61,40,0061_R0040,0.035815609119189296,0.035815609119189296,477,477,3,3,0,0,0,159,161,39.333333333333336,542.6666666666666
66DOPC33DOPG_chole_mRNA,61,41,0061_R0041,6.148346232127496,6.136407695754433,85402,85247,515,514,1,0,1,165.8501945525292,202,142.07198443579767,615.7256809338521
66DOPC33DOPG_chole_mRNA,61,42,0061_R0042,0.023877072746126198,0.023877072746126198,320,320,2,2,0,0,0,160,163,138,605.5
66DOPC33DOPG_chole_mRNA,61,43,0061_R0043,0.2984634093265775,0.2984634093265775,4176,4176,25,25,0,0,0,167.04,179,108.96,612.72
66DOPC33DOPG_chole_mRNA,61,44,0061_R0044,0.3104019456996406,0.3104019456996406,4473,4473,26,26,0,0,0,172.03846153846155,191,185.84615384615384,642
66DOPC33DOPG_chole_mRNA,61,45,0061_R0045,0.39397170031108225,0.39397170031108225,5407,5407,33,33,0,0,0,163.84848484848484,178,329.42424242424244,660.2121212121212
66DOPC33DOPG_chole_mRNA,61,46,0061_R0046,0.28652487295351436,0.28652487295351436,3895,3895,24,24,0,0,0,162.29166666666666,170,14.583333333333334,668
66DOPC33DOPG_chole_mRNA,61,47,0061_R0047,0.2984634093265775,0.2984634093265775,4205,4205,25,25,0,0,0,168.2,191,169.24,688.96
66DOPC33DOPG_chole_mRNA,61,48,0061_R0048,0.0596926818653155,0.0596926818653155,830,830,5,5,0,0,0,166,168,512.4,691.2
66DOPC33DOPG_chole_mRNA,61,49,0061_R0049,0.5014185276686501,0.5014185276686501,7435,7435,42,42,0,0,0,177.02380952380952,205,165.8095238095238,695.8571428571429
66DOPC33DOPG_chole_mRNA,61,50,0061_R0050,0.035815609119189296,0.035815609119189296,484,484,3,3,0,0,0,161.33333333333334,165,173.66666666666666,693.3333333333334
DOPC_chole_mRNA,62,1,0062_R0001,3.617376521038119,3.617376521038119,55921,55921,303,303,0,0,0,184.55775577557756,283,661.3927392739274,5.145214521452146
DOPC_chole_mRNA,62,2,0062_R0002,0.19101658196900959,0.19101658196900959,2487,2487,16,16,0,0,0,155.4375,161,440.375,9.5625
DOPC_chole_mRNA,62,3,0062_R0003,0.035815609119189296,0.035815609119189296,457,457,3,3,0,0,0,152.33333333333334,156,434.3333333333333,17.666666666666668
DOPC_chole_mRNA,62,4,0062_R0004,0.2029551183420727,0.2029551183420727,2579,2579,17,17,0,0,0,151.7058823529412,157,437.11764705882354,23.58823529411765
DOPC_chole_mRNA,62,5,0062_R0005,0.7998819369952277,0.7760048642491014,10415,10122,67,65,2,0,1,155.72307692307692,181,59.41538461538462,85.83076923076923
DOPC_chole_mRNA,62,6,0062_R0006,3.414421402696046,3.414421402696046,46330,46330,286,286,0,0,0,161.993006993007,196,80.82867132867133,89.54895104895105
DOPC_chole_mRNA,62,7,0062_R0007,0.596926818653155,0.596926818653155,8027,8027,50,50,0,0,0,160.54,178,42.34,87.14
DOPC_chole_mRNA,62,8,0062_R0008,0.4059102366841454,0.4059102366841454,6649,6649,34,34,0,0,0,195.55882352941177,311,457.7352941176471,90
DOPC_chole_mRNA,62,9,0062_R0009,0.10744682735756789,0.10744682735756789,1379,1379,9,9,0,0,0,153.22222222222223,160,63.333333333333336,93.88888888888889
DOPC_chole_mRNA,62,10,0062_R0010,0.0596926818653155,0.0596926818653155,788,788,5,5,0,0,0,157.6,160,427.6,98.2
DOPC_chole_mRNA,62,11,0062_R0011,0.0835697546114417,0.0835697546114417,1126,1126,7,7,0,0,0,160.85714285714286,168,414.2857142857143,113
DOPC_chole_mRNA,62,12,0062_R0012,0.1313239001036941,0.1313239001036941,1704,1704,11,11,0,0,0,154.9090909090909,160,465.54545454545456,131.36363636363637
DOPC_chole_mRNA,62,13,0062_R0013,0.047754145492252396,0.047754145492252396,637,637,4,4,0,0,0,159.25,163,545.5,133.5
DOPC_chole_mRNA,62,14,0062_R0014,0.3700946275649561,0.3700946275649561,4812,4812,31,31,0,0,0,155.2258064516129,165,507.2258064516129,137.29032258064515
DOPC_chole_mRNA,62,15,0062_R0015,0.3104019456996406,0.3104019456996406,4763,4763,26,26,0,0,0,183.19230769230768,253,551,152.5
DOPC_chole_mRNA,62,16,0062_R0016,0.09550829098450479,0.09550829098450479,1247,1247,8,8,0,0,0,155.875,165,135.875,157.875
DOPC_chole_mRNA,62,17,0062_R0017,0.1671395092228834,0.1671395092228834,2221,2221,14,14,0,0,0,158.64285714285714,175,216.28571428571428,160.5
DOPC_chole_mRNA,62,18,0062_R0018,0.2029551183420727,0.2029551183420727,2643,2643,17,17,0,0,0,155.47058823529412,163,332.11764705882354,162.35294117647058
DOPC_chole_mRNA,62,19,0062_R0019,0.023877072746126198,0.023877072746126198,308,308,2,2,0,0,0,154,155,136,167.5
DOPC_chole_mRNA,62,20,0062_R0020,0.5611112095339656,0.5611112095339656,7187.999999999999,7188,47,47,0,0,0,152.93617021276594,166,657.1276595744681,171.5531914893617
DOPC_chole_mRNA,62,21,0062_R0021,0.047754145492252396,0.047754145492252396,630,630,4,4,0,0,0,157.5,167,594,183.5
DOPC_chole_mRNA,62,22,0062_R0022,0.5611112095339656,0.5611112095339656,9562,9562,47,47,0,0,0,203.4468085106383,338,131.9787234042553,187.17021276595744
DOPC_chole_mRNA,62,23,0062_R0023,0.14326243647675718,0.14326243647675718,1979,1979,12,12,0,0,0,164.91666666666666,185,553,185.5
DOPC_chole_mRNA,62,24,0062_R0024,0.0835697546114417,0.0835697546114417,1091,1091,7,7,0,0,0,155.85714285714286,161,361,191.28571428571428
DOPC_chole_mRNA,62,25,0062_R0025,6.590072077930831,6.590072077930831,157491,157491,552,552,0,0,0,285.3097826086956,1172,642.8840579710145,208.67210144927537
DOPC_chole_mRNA,62,26,0062_R0026,0.023877072746126198,0.023877072746126198,311,311,2,2,0,0,0,155.5,158,702.5,203
DOPC_chole_mRNA,62,27,0062_R0027,0.035815609119189296,0.035815609119189296,462,462,3,3,0,0,0,154,155,530.6666666666666,204.66666666666666
DOPC_chole_mRNA,62,28,0062_R0028,0.22683219108819888,0.22683219108819888,3211,3211,19,19,0,0,0,169,204,137.47368421052633,210.6315789473684
DOPC_chole_mRNA,62,29,0062_R0029,4.799291621971366,4.799291621971366,71344,71344,402,402,0,0,0,177.4726368159204,280,220.2089552238806,226.0870646766169
DOPC_chole_mRNA,62,30,0062_R0030,0.5730497459070287,0.5730497459070287,7663,7663,48,48,0,0,0,159.64583333333334,172,401.7291666666667,216.70833333333334
DOPC_chole_mRNA,62,31,0062_R0031,1.7788419195864018,1.7788419195864018,31353,31353,149,149,0,0,0,210.4228187919463,334,696.3422818791946,232.56375838926175
DOPC_chole_mRNA,62,32,0062_R0032,0.46560291854946084,0.46560291854946084,5980,5980,39,39,0,0,0,153.33333333333334,162,380.0769230769231,234.94871794871796
DOPC_chole_mRNA,62,33,0062_R0033,0.7760048642491014,0.7760048642491014,10575,10575,65,65,0,0,0,162.69230769230768,183,389.3538461538462,236.8153846153846
DOPC_chole_mRNA,62,34,0062_R0034,2.4712770292240616,2.4712770292240616,34259,34259,207,207,0,0,0,165.5024154589372,194,376.29468599033817,252.84541062801932
DOPC_chole_mRNA,62,35,0062_R0035,1.3609931465291933,1.3609931465291933,19545,19545,114,114,0,0,0,171.44736842105263,212,666.6578947368421,252.14912280701753
DOPC_chole_mRNA,62,36,0062_R0036,0.28652487295351436,0.28652487295351436,3770,3770,24,24,0,0,0,157.08333333333334,174,341.2083333333333,251.83333333333334
DOPC_chole_mRNA,62,37,0062_R0037,0.047754145492252396,0.047754145492252396,612,612,4,4,0,0,0,153,159,81.75,251.75
DOPC_chole_mRNA,62,38,0062_R0038,0.023877072746126198,0.023877072746126198,309,309,2,2,0,0,0,154.5,156,393.5,251
DOPC_chole_mRNA,62,39,0062_R0039,0.0596926818653155,0.0596926818653155,774,774,5,5,0,0,0,154.8,161,683.6,255.2
DOPC_chole_mRNA,62,40,0062_R0040,0.035815609119189296,0.035815609119189296,458,458,3,3,0,0,0,152.66666666666666,154,334.3333333333333,255.66666666666666
DOPC_chole_mRNA,62,41,0062_R0041,0.42978730943027155,0.42978730943027155,5793,5793,36,36,0,0,0,160.91666666666666,189,287.25,261.80555555555554
DOPC_chole_mRNA,62,42,0062_R0042,0.19101658196900959,0.19101658196900959,2474,2474,16,16,0,0,0,154.625,161,638.4375,258.9375
DOPC_chole_mRNA,62,43,0062_R0043,0.7043736460107228,0.7043736460107228,9304,9304,59,59,0,0,0,157.6949152542373,178,248.54237288135593,265.23728813559325
DOPC_chole_mRNA,62,44,0062_R0044,0.25070926383432507,0.25070926383432507,3199,3199,21,21,0,0,0,152.33333333333334,160,690.1904761904761,268.6190476190476
DOPC_chole_mRNA,62,45,0062_R0045,0.023877072746126198,0.023877072746126198,307,307,2,2,0,0,0,153.5,154,40,268.5
DOPC_chole_mRNA,62,46,0062_R0046,1.683333628601897,1.683333628601897,22749,22749,141,141,0,0,0,161.3404255319149,185,253.8581560283688,277.6950354609929
DOPC_chole_mRNA,62,47,0062_R0047,0.1552009728498203,0.1552009728498203,1978,1978,13,13,0,0,0,152.15384615384616,157,278.38461538461536,278.9230769230769
DOPC_chole_mRNA,62,48,0062_R0048,0.10744682735756789,0.10744682735756789,1374,1374,9,9,0,0,0,152.66666666666666,156,263.22222222222223,279.8888888888889
DOPC_chole_mRNA,62,49,0062_R0049,0.596926818653155,0.596926818653155,7873,7873,50,50,0,0,0,157.46,172,338.3,285.16
DOPC_chole_mRNA,62,50,0062_R0050,0.07163121823837859,0.07163121823837859,923,923,6,6,0,0,0,153.83333333333334,158,464.8333333333333,284.8333333333333
DOPC_chole_mRNA,62,51,0062_R0051,0.035815609119189296,0.035815609119189296,461,461,3,3,0,0,0,153.66666666666666,159,261.3333333333333,287.3333333333333
DOPC_chole_mRNA,62,52,0062_R0052,0.023877072746126198,0.023877072746126198,302,302,2,2,0,0,0,151,152,266,287.5
DOPC_chole_mRNA,62,53,0062_R0053,1.587825337617392,1.587825337617392,20792,20792,133,133,0,0,0,156.33082706766916,170,350.56390977443607,293.5864661654135
DOPC_chole_mRNA,62,54,0062_R0054,0.035815609119189296,0.035815609119189296,453,453,3,3,0,0,0,151,152,342,290
DOPC_chole_mRNA,62,55,0062_R0055,1.0267141280834264,1.0267141280834264,15010,15010,86,86,0,0,0,174.53488372093022,235,448.33720930232556,298.6744186046512
DOPC_chole_mRNA,62,56,0062_R0056,0.119385363730631,0.119385363730631,1583,1583,10,10,0,0,0,158.3,170,530,295.8
DOPC_chole_mRNA,62,57,0062_R0057,0.5014185276686501,0.5014185276686501,6624,6624,42,42,0,0,0,157.71428571428572,176,457.6190476190476,301.76190476190476
DOPC_chole_mRNA,62,58,0062_R0058,0.3462175548188299,0.3462175548188299,5060,5060,29,29,0,0,0,174.48275862068965,222,202.41379310344828,300.86206896551727
DOPC_chole_mRNA,62,59,0062_R0059,0.023877072746126198,0.023877072746126198,302,302,2,2,0,0,0,151,152,494,299.5
DOPC_chole_mRNA,62,60,0062_R0060,0.023877072746126198,0.023877072746126198,305,305,2,2,0,0,0,152.5,155,340.5,300
DOPC_chole_mRNA,62,61,0062_R0061,0.39397170031108225,0.39397170031108225,6495,6495,33,33,0,0,0,196.8181818181818,293,535.6060606060606,303.4848484848485
DOPC_chole_mRNA,62,62,0062_R0062,0.07163121823837859,0.07163121823837859,929,929,6,6,0,0,0,154.83333333333334,161,202.16666666666666,308.8333333333333
DOPC_chole_mRNA,62,63,0062_R0063,0.09550829098450479,0.09550829098450479,1263,1263,8,8,0,0,0,157.875,164,493.875,310.875
DOPC_chole_mRNA,62,64,0062_R0064,0.07163121823837859,0.07163121823837859,928,928,6,6,0,0,0,154.66666666666666,165,513.1666666666666,310.8333333333333
DOPC_chole_mRNA,62,65,0062_R0065,0.023877072746126198,0.023877072746126198,315,315,2,2,0,0,0,157.5,158,311,313.5
DOPC_chole_mRNA,62,66,0062_R0066,0.07163121823837859,0.07163121823837859,919,919,6,6,0,0,0,153.16666666666666,156,518.1666666666666,316
DOPC_chole_mRNA,62,67,0062_R0067,0.14326243647675718,0.14326243647675718,1847,1847,12,12,0,0,0,153.91666666666666,156,333.75,321.5833333333333
DOPC_chole_mRNA,62,68,0062_R0068,0.10744682735756789,0.10744682735756789,1424,1424,9,9,0,0,0,158.22222222222223,168,439.3333333333333,322.1111111111111
DOPC_chole_mRNA,62,69,0062_R0069,0.2626478002073882,0.2626478002073882,3590,3590,22,22,0,0,0,163.1818181818182,190,468.09090909090907,324.90909090909093
DOPC_chole_mRNA,62,70,0062_R0070,0.3700946275649561,0.3700946275649561,4935,4935,31,31,0,0,0,159.19354838709677,185,339.4516129032258,330.2258064516129
DOPC_chole_mRNA,62,71,0062_R0071,0.1671395092228834,0.1671395092228834,2284,2284,14,14,0,0,0,163.14285714285714,179,445.5,328.7142857142857
DOPC_chole_mRNA,62,72,0062_R0072,0.8834516916066694,0.8834516916066694,12314,12314,74,74,0,0,0,166.40540540540542,189,689.4324324324324,333.6756756756757
DOPC_chole_mRNA,62,73,0062_R0073,0.0596926818653155,0.0596926818653155,772,772,5,5,0,0,0,154.4,157,461.6,333.2
DOPC_chole_mRNA,62,74,0062_R0074,0.023877072746126198,0.023877072746126198,311,311,2,2,0,0,0,155.5,159,346.5,335
DOPC_chole_mRNA,62,75,0062_R0075,0.035815609119189296,0.035815609119189296,467,467,3,3,0,0,0,155.66666666666666,158,380.6666666666667,335.6666666666667
DOPC_chole_mRNA,62,76,0062_R0076,0.38203316393801917,0.38203316393801917,5457,5457,32,32,0,0,0,170.53125,215,270.5,342.5
DOPC_chole_mRNA,62,77,0062_R0077,0.6685580368915336,0.6685580368915336,9239,9239,56,56,0,0,0,164.98214285714286,227,467.07142857142856,351.80357142857144
DOPC_chole_mRNA,62,78,0062_R0078,0.07163121823837859,0.07163121823837859,929,929,6,6,0,0,0,154.83333333333334,158,452.1666666666667,348.8333333333333
DOPC_chole_mRNA,62,79,0062_R0079,0.023877072746126198,0.023877072746126198,308,308,2,2,0,0,0,154,158,177.5,350
DOPC_chole_mRNA,62,80,0062_R0080,0.035815609119189296,0.035815609119189296,465,465,3,3,0,0,0,155,156,110,351
DOPC_chole_mRNA,62,81,0062_R0081,0.5849882822800918,0.5849882822800918,8720,8720,49,49,0,0,0,177.9591836734694,247,591.1020408163265,359.2244897959184
DOPC_chole_mRNA,62,82,0062_R0082,0.07163121823837859,0.07163121823837859,948,948,6,6,0,0,0,158,163,483.1666666666667,356.3333333333333
DOPC_chole_mRNA,62,83,0062_R0083,0.023877072746126198,0.023877072746126198,304,304,2,2,0,0,0,152,153,298,363.5
DOPC_chole_mRNA,62,84,0062_R0084,0.2745863365804513,0.2745863365804513,3764,3764,23,23,0,0,0,163.65217391304347,195,594.2173913043479,367.60869565217394
DOPC_chole_mRNA,62,85,0062_R0085,0.5372341367878395,0.5372341367878395,7658.999999999999,7659,45,45,0,0,0,170.2,232,457.4222222222222,369.73333333333335
DOPC_chole_mRNA,62,86,0062_R0086,0.1671395092228834,0.1671395092228834,2239,2239,14,14,0,0,0,159.92857142857142,175,470.5,369.7142857142857
DOPC_chole_mRNA,62,87,0062_R0087,0.22683219108819888,0.22683219108819888,2948,2948,19,19,0,0,0,155.1578947368421,165,232.05263157894737,371.7368421052632
DOPC_chole_mRNA,62,88,0062_R0088,0.1552009728498203,0.1552009728498203,2058,2058,13,13,0,0,0,158.30769230769232,172,95.38461538461539,377.61538461538464
DOPC_chole_mRNA,62,89,0062_R0089,5.551419413474341,5.551419413474341,100048,100048,465,465,0,0,0,215.15698924731183,341,674.6559139784946,390.6494623655914
DOPC_chole_mRNA,62,90,0062_R0090,0.21489365471513577,0.21489365471513577,2920,2920,18,18,0,0,0,162.22222222222223,180,227.66666666666666,391.1111111111111
DOPC_chole_mRNA,62,91,0062_R0091,0.047754145492252396,0.047754145492252396,620,620,4,4,0,0,0,155,162,357.75,390.25
DOPC_chole_mRNA,62,92,0062_R0092,0.047754145492252396,0.047754145492252396,607,607,4,4,0,0,0,151.75,156,194,394.75
DOPC_chole_mRNA,62,93,0062_R0093,0.035815609119189296,0.035815609119189296,463,463,3,3,0,0,0,154.33333333333334,156,206.66666666666666,396
DOPC_chole_mRNA,62,94,0062_R0094,1.2893619282908146,1.2893619282908146,20384,20384,108,108,0,0,0,188.74074074074073,258,699.7870370370371,410.69444444444446
DOPC_chole_mRNA,62,95,0062_R0095,0.023877072746126198,0.023877072746126198,310,310,2,2,0,0,0,155,158,537,427.5
DOPC_chole_mRNA,62,96,0062_R0096,0.047754145492252396,0.047754145492252396,617,617,4,4,0,0,0,154.25,157,166.5,432.5
DOPC_chole_mRNA,62,97,0062_R0097,0.39397170031108225,0.39397170031108225,5861,5861,33,33,0,0,0,177.6060606060606,235,194.5151515151515,446.3939393939394
DOPC_chole_mRNA,62,98,0062_R0098,0.047754145492252396,0.047754145492252396,607,607,4,4,0,0,0,151.75,153,436.5,446
DOPC_chole_mRNA,62,99,0062_R0099,0.023877072746126198,0.023877072746126198,307,307,2,2,0,0,0,153.5,154,120.5,449.5
DOPC_chole_mRNA,62,100,0062_R0100,0.0596926818653155,0.0596926818653155,767,767,5,5,0,0,0,153.4,157,188.4,454.2
DOPC_chole_mRNA,62,101,0062_R0101,0.1313239001036941,0.1313239001036941,1749,1749,11,11,0,0,0,159,176,264.6363636363636,454.09090909090907
DOPC_chole_mRNA,62,102,0062_R0102,0.023877072746126198,0.023877072746126198,308,308,2,2,0,0,0,154,156,372.5,457
DOPC_chole_mRNA,62,103,0062_R0103,0.1313239001036941,0.1313239001036941,1698,1698,11,11,0,0,0,154.36363636363637,160,388.09090909090907,465.6363636363636
DOPC_chole_mRNA,62,104,0062_R0104,0.32234048207270366,0.32234048207270366,4483,4483,27,27,0,0,0,166.03703703703704,204,580.0370370370371,472.14814814814815
DOPC_chole_mRNA,62,105,0062_R0105,0.035815609119189296,0.035815609119189296,457,457,3,3,0,0,0,152.33333333333334,154,512,503
DOPC_chole_mRNA,62,106,0062_R0106,0.0596926818653155,0.0596926818653155,763,763,5,5,0,0,0,152.6,155,508.6,504.6
DOPC_chole_mRNA,62,107,0062_R0107,0.38203316393801917,0.38203316393801917,5002,5002,32,32,0,0,0,156.3125,167,615.59375,515.75
DOPC_chole_mRNA,62,108,0062_R0108,0.5133570640417132,0.5133570640417132,6672.999999999999,6673,43,43,0,0,0,155.1860465116279,164,477.4418604651163,536.0697674418604
DOPC_chole_mRNA,62,109,0062_R0109,0.047754145492252396,0.047754145492252396,625,625,4,4,0,0,0,156.25,167,505.5,550.5
DOPC_chole_mRNA,62,110,0062_R0110,0.07163121823837859,0.07163121823837859,921,921,6,6,0,0,0,153.5,158,351.5,573
DOPC_chole_mRNA,62,111,0062_R0111,0.047754145492252396,0.047754145492252396,615,615,4,4,0,0,0,153.75,155,504.5,661.5
DOPC_chole_mRNA,64,1,0064_R0001,0.035815609119189296,0.035815609119189296,456,456,3,3,0,0,0,152,153,108.33333333333333,38.666666666666664
DOPC_chole_mRNA,64,2,0064_R0002,0.07163121823837859,0.07163121823837859,950,950,6,6,0,0,0,158.33333333333334,164,30.5,78
DOPC_chole_mRNA,64,3,0064_R0003,2.8413716567890175,2.8413716567890175,38989,38989,238,238,0,0,0,163.81932773109244,206,578.3529411764706,87.93697478991596
DOPC_chole_mRNA,64,4,0064_R0004,0.1313239001036941,0.1313239001036941,1786,1786,11,11,0,0,0,162.36363636363637,179,219.36363636363637,88.54545454545455
DOPC_chole_mRNA,64,5,0064_R0005,0.9908985189642372,0.9908985189642372,14584.999999999998,14585,83,83,0,0,0,175.72289156626505,218,563.1686746987951,100.44578313253012
DOPC_chole_mRNA,64,6,0064_R0006,1.19385363730631,1.19385363730631,16155.000000000002,16155,100,100,0,0,0,161.55,179,609.6,104.45
DOPC_chole_mRNA,64,7,0064_R0007,0.22683219108819888,0.22683219108819888,3148,3148,19,19,0,0,0,165.68421052631578,188,198.8421052631579,106.84210526315789
DOPC_chole_mRNA,64,8,0064_R0008,0.07163121823837859,0.07163121823837859,943,943,6,6,0,0,0,157.16666666666666,170,477.5,124
DOPC_chole_mRNA,64,9,0064_R0009,0.0835697546114417,0.0835697546114417,1114,1114,7,7,0,0,0,159.14285714285714,175,654.2857142857143,127
DOPC_chole_mRNA,64,10,0064_R0010,1.0386526644564895,1.0386526644564895,14417,14417,87,87,0,0,0,165.71264367816093,189,356.2183908045977,148.33333333333334
DOPC_chole_mRNA,64,11,0064_R0011,0.07163121823837859,0.07163121823837859,974,974,6,6,0,0,0,162.33333333333334,172,641.5,156
DOPC_chole_mRNA,64,12,0064_R0012,0.2029551183420727,0.2029551183420727,2592,2592,17,17,0,0,0,152.47058823529412,159,368.29411764705884,163.58823529411765
DOPC_chole_mRNA,64,13,0064_R0013,0.41784877305720847,0.41784877305720847,6735,6735,35,35,0,0,0,192.42857142857142,282,630,164.05714285714285
DOPC_chole_mRNA,64,14,0064_R0014,3.7725774938879395,3.7725774938879395,90912,90912,316,316,0,0,0,287.69620253164555,1010,78.92405063291139,172.25316455696202
DOPC_chole_mRNA,64,15,0064_R0015,2.913002875027396,2.913002875027396,44493,44493,244,244,0,0,0,182.3483606557377,264,566.5532786885246,191.41803278688525
DOPC_chole_mRNA,64,16,0064_R0016,0.119385363730631,0.119385363730631,1679,1679,10,10,0,0,0,167.9,177,694,193.8
DOPC_chole_mRNA,64,17,0064_R0017,6.804965732645966,6.804965732645966,133899,133899,570,570,0,0,0,234.91052631578947,528,526.6649122807017,211.66666666666666
DOPC_chole_mRNA,64,18,0064_R0018,2.9607570205196487,2.9607570205196487,67352,67352,248,248,0,0,0,271.5806451612903,573,462.5241935483871,213.95967741935485
DOPC_chole_mRNA,64,19,0064_R0019,0.2029551183420727,0.2029551183420727,2629,2629,17,17,0,0,0,154.64705882352942,165,573,208.94117647058823
DOPC_chole_mRNA,64,20,0064_R0020,0.047754145492252396,0.047754145492252396,627,627,4,4,0,0,0,156.75,161,273,213.75
DOPC_chole_mRNA,64,21,0064_R0021,0.21489365471513577,0.21489365471513577,3008,3008,18,18,0,0,0,167.11111111111111,194,664.2222222222222,224.5
DOPC_chole_mRNA,64,22,0064_R0022,0.023877072746126198,0.023877072746126198,310,310,2,2,0,0,0,155,156,641.5,232
DOPC_chole_mRNA,64,23,0064_R0023,2.399645810985683,2.399645810985683,38691,38691,201,201,0,0,0,192.49253731343285,290,605.776119402985,245.6766169154229
DOPC_chole_mRNA,64,24,0064_R0024,1.1222224190679313,1.1222224190679313,23193,23193,94,94,0,0,0,246.7340425531915,595,197.5744680851064,241.9255319148936
DOPC_chole_mRNA,64,25,0064_R0025,4.309811630675779,4.309811630675779,80065,80065,361,361,0,0,0,221.78670360110803,317,537.5927977839335,249.66759002770084
DOPC_chole_mRNA,64,26,0064_R0026,0.8237590097413539,0.8237590097413539,11957,11957,69,69,0,0,0,173.28985507246378,214,337.18840579710144,254.1304347826087
DOPC_chole_mRNA,64,27,0064_R0027,2.125059474405232,2.125059474405232,32616.999999999996,32617,178,178,0,0,0,183.24157303370785,244,313.57865168539325,255.62359550561797
DOPC_chole_mRNA,64,28,0064_R0028,2.2205677653897364,2.2205677653897364,35354,35354,186,186,0,0,0,190.0752688172043,255,510.2096774193548,260.66129032258067
DOPC_chole_mRNA,64,29,0064_R0029,0.5730497459070287,0.5730497459070287,7519,7519,48,48,0,0,0,156.64583333333334,175,444.1875,258.6666666666667
DOPC_chole_mRNA,64,30,0064_R0030,8.559930579486242,8.559930579486242,137172,137172,717,717,0,0,0,191.31380753138075,283,576.465829846583,270.46304044630403
DOPC_chole_mRNA,64,31,0064_R0031,0.2029551183420727,0.2029551183420727,2642,2642,17,17,0,0,0,155.41176470588235,162,272.6470588235294,260.3529411764706
DOPC_chole_mRNA,64,32,0064_R0032,1.3132390010369408,1.3132390010369408,17154,17154,110,110,0,0,0,155.94545454545454,171,538.5272727272727,275.3818181818182
DOPC_chole_mRNA,64,33,0064_R0033,1.2654848555446885,1.2654848555446885,16392,16392,106,106,0,0,0,154.64150943396226,167,550.7830188679245,272.5660377358491
DOPC_chole_mRNA,64,34,0064_R0034,0.14326243647675718,0.14326243647675718,1841,1841,12,12,0,0,0,153.41666666666666,158,490.3333333333333,270.3333333333333
DOPC_chole_mRNA,64,35,0064_R0035,2.6384165384469447,2.6384165384469447,59594.99999999999,59595,221,221,0,0,0,269.6606334841629,652,314.7692307692308,278.1131221719457
DOPC_chole_mRNA,64,36,0064_R0036,0.7401892551299122,0.7401892551299122,9959,9959,62,62,0,0,0,160.6290322580645,176,501.2903225806452,276.43548387096774
DOPC_chole_mRNA,64,37,0064_R0037,0.2029551183420727,0.2029551183420727,2608,2608,17,17,0,0,0,153.41176470588235,159,477.3529411764706,277.4117647058824
DOPC_chole_mRNA,64,38,0064_R0038,6.27967013223119,6.27967013223119,99921,99921,526,526,0,0,0,189.9638783269962,372,67.83269961977186,294.1539923954373
DOPC_chole_mRNA,64,39,0064_R0039,0.047754145492252396,0.047754145492252396,625,625,4,4,0,0,0,156.25,159,524.75,283
DOPC_chole_mRNA,64,40,0064_R0040,0.0596926818653155,0.0596926818653155,771,771,5,5,0,0,0,154.2,161,152.8,286.4
DOPC_chole_mRNA,64,41,0064_R0041,0.8237590097413539,0.8237590097413539,11379,11379,69,69,0,0,0,164.91304347826087,183,224.68115942028984,291.28985507246375
DOPC_chole_mRNA,64,42,0064_R0042,6.172223304873622,6.148346232127496,109229,108936,517,515,2,0,1,211.526213592233,491,384.83106796116505,306
DOPC_chole_mRNA,64,43,0064_R0043,5.575296486220467,5.551419413474341,89361,89069,467,465,2,0,1,191.54623655913977,371,172.6516129032258,304.9483870967742
DOPC_chole_mRNA,64,44,0064_R0044,0.2984634093265775,0.2984634093265775,3894,3894,25,25,0,0,0,155.76,164,233.68,305.92
DOPC_chole_mRNA,64,45,0064_R0045,0.9789599825911741,0.9789599825911741,13150,13150,82,82,0,0,0,160.3658536585366,177,464.8414634146341,308.3292682926829
DOPC_chole_mRNA,64,46,0064_R0046,1.2654848555446885,1.2654848555446885,21066,21066,106,106,0,0,0,198.73584905660377,316,257.188679245283,313.16037735849056
DOPC_chole_mRNA,64,47,0064_R0047,2.4235228837318092,2.4235228837318092,38520,38520,203,203,0,0,0,189.7536945812808,278,262.01477832512313,326.46305418719214
DOPC_chole_mRNA,64,48,0064_R0048,0.7760048642491014,0.7760048642491014,11994,11994,65,65,0,0,0,184.52307692307693,264,118.73846153846154,331.0769230769231
DOPC_chole_mRNA,64,49,0064_R0049,0.10744682735756789,0.10744682735756789,1426,1426,9,9,0,0,0,158.44444444444446,168,103,332
DOPC_chole_mRNA,64,50,0064_R0050,0.38203316393801917,0.38203316393801917,5488,5488,32,32,0,0,0,171.5,212,204.15625,340.375
DOPC_chole_mRNA,64,51,0064_R0051,0.047754145492252396,0.047754145492252396,615,615,4,4,0,0,0,153.75,157,555,341.5
DOPC_chole_mRNA,64,52,0064_R0052,3.6770692029034344,3.6770692029034344,62270.99999999999,62271,308,308,0,0,0,202.17857142857142,376,404.7435064935065,352.51623376623377
DOPC_chole_mRNA,64,53,0064_R0053,1.6355794831096446,1.6355794831096446,29699,29699,137,137,0,0,0,216.7810218978102,337,622.7518248175182,358.8029197080292
DOPC_chole_mRNA,64,54,0064_R0054,1.5997638739904554,1.5997638739904554,21871,21871,134,134,0,0,0,163.21641791044777,187,245,359.94776119402985
DOPC_chole_mRNA,64,55,0064_R0055,0.0835697546114417,0.0835697546114417,1077,1077,7,7,0,0,0,153.85714285714286,157,280,358
DOPC_chole_mRNA,64,56,0064_R0056,0.9192673007258586,0.9192673007258586,12485,12485,77,77,0,0,0,162.14285714285714,187,503.54545454545456,364.1168831168831
DOPC_chole_mRNA,64,57,0064_R0057,0.9073287643527955,0.9073287643527955,13574,13574,76,76,0,0,0,178.60526315789474,223,611.6184210526316,368
DOPC_chole_mRNA,64,58,0064_R0058,0.0835697546114417,0.0835697546114417,1103,1103,7,7,0,0,0,157.57142857142858,169,85.14285714285714,366.7142857142857
DOPC_chole_mRNA,64,59,0064_R0059,0.1552009728498203,0.1552009728498203,2015,2015,13,13,0,0,0,155,160,225.53846153846155,372.38461538461536
DOPC_chole_mRNA,64,60,0064_R0060,4.656029185494608,4.656029185494608,69960,69960,390,390,0,0,0,179.3846153846154,269,520.0538461538462,385.3897435897436
DOPC_chole_mRNA,64,61,0064_R0061,0.46560291854946084,0.46560291854946084,7028,7028,39,39,0,0,0,180.2051282051282,248,271.12820512820514,401.87179487179486
DOPC_chole_mRNA,64,62,0064_R0062,0.09550829098450479,0.09550829098450479,1256,1256,8,8,0,0,0,157,163,310,403.5
DOPC_chole_mRNA,64,63,0064_R0063,1.062529737202616,1.062529737202616,14092,14092,89,89,0,0,0,158.3370786516854,178,496.5280898876405,417.87640449438203
DOPC_chole_mRNA,64,64,0064_R0064,0.41784877305720847,0.41784877305720847,6217,6217,35,35,0,0,0,177.62857142857143,239,88.57142857142857,422.77142857142854
DOPC_chole_mRNA,64,65,0064_R0065,0.3700946275649561,0.3700946275649561,4987,4987,31,31,0,0,0,160.8709677419355,188,643.3870967741935,431.80645161290323
DOPC_chole_mRNA,64,66,0064_R0066,0.45366438217639776,0.45366438217639776,5871,5871,38,38,0,0,0,154.5,168,227.89473684210526,436.7368421052632
DOPC_chole_mRNA,64,67,0064_R0067,1.7549648468402756,1.7549648468402756,23788,23788,147,147,0,0,0,161.8231292517007,208,203.75510204081633,450.3945578231293
DOPC_chole_mRNA,64,68,0064_R0068,0.119385363730631,0.119385363730631,1533,1533,10,10,0,0,0,153.3,157,233.4,445.9
DOPC_chole_mRNA,64,69,0064_R0069,1.456501437513698,1.456501437513698,35578,35578,122,122,0,0,0,291.62295081967216,763,638.4016393442623,453.0983606557377
DOPC_chole_mRNA,64,70,0064_R0070,0.023877072746126198,0.023877072746126198,304,304,2,2,0,0,0,152,154,218.5,448
DOPC_chole_mRNA,64,71,0064_R0071,0.5849882822800918,0.5849882822800918,7492,7492,49,49,0,0,0,152.89795918367346,160,231.46938775510205,453.6734693877551
DOPC_chole_mRNA,64,72,0064_R0072,0.10744682735756789,0.10744682735756789,1442,1442,9,9,0,0,0,160.22222222222223,173,378.6666666666667,463.8888888888889
DOPC_chole_mRNA,64,73,0064_R0073,0.84763608248748,0.84763608248748,11369,11369,71,71,0,0,0,160.1267605633803,178,416.2535211267606,478.09859154929575
DOPC_chole_mRNA,64,74,0064_R0074,0.5014185276686501,0.5014185276686501,6520,6520,42,42,0,0,0,155.23809523809524,167,633.7857142857143,480.1904761904762
DOPC_chole_mRNA,64,75,0064_R0075,0.967021446218111,0.967021446218111,12474,12474,81,81,0,0,0,154,172,172.5185185185185,492.75308641975306
DOPC_chole_mRNA,64,76,0064_R0076,0.6208038913992812,0.6208038913992812,8173.999999999999,8174,52,52,0,0,0,157.19230769230768,175,631.4038461538462,491.5576923076923
DOPC_chole_mRNA,64,77,0064_R0077,0.10744682735756789,0.10744682735756789,1420,1420,9,9,0,0,0,157.77777777777777,164,29,490
DOPC_chole_mRNA,64,78,0064_R0078,0.9789599825911741,0.9789599825911741,13076,13076,82,82,0,0,0,159.46341463414635,175,156.59756097560975,498.6829268292683
DOPC_chole_mRNA,64,79,0064_R0079,0.0835697546114417,0.0835697546114417,1063,1063,7,7,0,0,0,151.85714285714286,157,631.1428571428571,499
DOPC_chole_mRNA,64,80,0064_R0080,0.6327424277723442,0.6327424277723442,10888,10888,53,53,0,0,0,205.43396226415095,371,382.77358490566036,507.77358490566036
DOPC_chole_mRNA,64,81,0064_R0081,0.22683219108819888,0.22683219108819888,2945,2945,19,19,0,0,0,155,162,629.6842105263158,511
DOPC_chole_mRNA,64,82,0064_R0082,0.32234048207270366,0.32234048207270366,4106,4106,27,27,0,0,0,152.07407407407408,155,166.5185185185185,521.074074074074
DOPC_chole_mRNA,64,83,0064_R0083,0.0596926818653155,0.0596926818653155,761,761,5,5,0,0,0,152.2,154,178.2,522
DOPC_chole_mRNA,64,84,0064_R0084,0.047754145492252396,0.047754145492252396,607,607,4,4,0,0,0,151.75,152,362.5,521.5
DOPC_chole_mRNA,64,85,0064_R0085,0.023877072746126198,0.023877072746126198,308,308,2,2,0,0,0,154,154,144.5,523.5
DOPC_chole_mRNA,64,86,0064_R0086,0.4059102366841454,0.39397170031108225,5214,5068,34,33,1,0,1,153.57575757575756,163,372.2121212121212,527.6363636363636
DOPC_chole_mRNA,64,87,0064_R0087,0.14326243647675718,0.14326243647675718,1836,1836,12,12,0,0,0,153,159,139.91666666666666,527.5
DOPC_chole_mRNA,64,88,0064_R0088,2.148936547151358,2.148936547151358,29070,29070,180,180,0,0,0,161.5,190,188.9388888888889,534.3722222222223
DOPC_chole_mRNA,64,89,0064_R0089,0.035815609119189296,0.035815609119189296,463,463,3,3,0,0,0,154.33333333333334,156,381.3333333333333,538.6666666666666
DOPC_chole_mRNA,64,90,0064_R0090,0.7760048642491014,0.7760048642491014,12782,12782,65,65,0,0,0,196.64615384615385,388,189.1076923076923,559.1076923076923
DOPC_chole_mRNA,64,91,0064_R0091,1.062529737202616,1.062529737202616,14256.999999999998,14257,89,89,0,0,0,160.19101123595505,187,231.19101123595505,574.3370786516854
DOPC_chole_mRNA,64,92,0064_R0092,0.1671395092228834,0.1671395092228834,2170,2170,14,14,0,0,0,155,165,242.71428571428572,583.5
DOPC_chole_mRNA,64,93,0064_R0093,0.047754145492252396,0.047754145492252396,616,616,4,4,0,0,0,154,157,624,585.5
DOPC_chole_mRNA,64,94,0064_R0094,0.0596926818653155,0.0596926818653155,788,788,5,5,0,0,0,157.6,160,427.4,589.8
DOPC_chole_mRNA,64,95,0064_R0095,0.035815609119189296,0.035815609119189296,464,464,3,3,0,0,0,154.66666666666666,157,289.6666666666667,602.6666666666666
DOPC_chole_mRNA,64,96,0064_R0096,1.8265960650786541,1.8265960650786541,24351,24351,153,153,0,0,0,159.15686274509804,178,342.9542483660131,622.6143790849674
DOPC_chole_mRNA,64,97,0064_R0097,1.0505912008295528,1.0505912008295528,14237,14237,88,88,0,0,0,161.7840909090909,187,390.52272727272725,632.625
DOPC_chole_mRNA,64,98,0064_R0098,0.25070926383432507,0.25070926383432507,3500,3500,21,21,0,0,0,166.66666666666666,191,426.6190476190476,635.4761904761905
DOPC_chole_mRNA,64,99,0064_R0099,0.047754145492252396,0.047754145492252396,610,610,4,4,0,0,0,152.5,154,354.5,642
DOPC_chole_mRNA,64,100,0064_R0100,0.5611112095339656,0.5611112095339656,7557,7557,47,47,0,0,0,160.7872340425532,181,388.6595744680851,643.9574468085107
DOPC_chole_mRNA,64,101,0064_R0101,0.17907804559594648,0.17907804559594648,2485,2485,15,15,0,0,0,165.66666666666666,185,159.53333333333333,651.8666666666667
DOPC_chole_mRNA,64,102,0064_R0102,0.1671395092228834,0.1671395092228834,2336,2336,14,14,0,0,0,166.85714285714286,194,400.5,663.2857142857143
DOPC_chole_mRNA,64,103,0064_R0103,0.047754145492252396,0.047754145492252396,623,623,4,4,0,0,0,155.75,161,343.5,666.5
DOPC_chole_mRNA,64,104,0064_R0104,0.0596926818653155,0.0596926818653155,776,776,5,5,0,0,0,155.2,160,407.6,672.2
DOPC_chole_mRNA,64,105,0064_R0105,0.09550829098450479,0.09550829098450479,1259,1259,8,8,0,0,0,157.375,164,340.875,680.875
DOPC_chole_mRNA,64,106,0064_R0106,0.2626478002073882,0.2626478002073882,3685.9999999999995,3686,22,22,0,0,0,167.54545454545453,201,347.90909090909093,683.9090909090909
DOPC_chole_mRNA,64,107,0064_R0107,0.1313239001036941,0.1313239001036941,1798.9999999999998,1799,11,11,0,0,0,163.54545454545453,178,409.90909090909093,686.3636363636364
DOPC_chole_mRNA,64,108,0064_R0108,0.035815609119189296,0.035815609119189296,461,461,3,3,0,0,0,153.66666666666666,156,438.3333333333333,693.3333333333334
DOPC_chole_mRNA,65,1,0065_R0001,0.09550829098450479,0.09550829098450479,1244,1244,8,8,0,0,0,155.5,167,639.125,42.875
DOPC_chole_mRNA,65,2,0065_R0002,1.3013004646638777,1.3013004646638777,20274,20274,109,109,0,0,0,186,246,225.80733944954127,94.95412844036697
DOPC_chole_mRNA,65,3,0065_R0003,0.1671395092228834,0.1671395092228834,2222,2222,14,14,0,0,0,158.71428571428572,173,702.6428571428571,147.35714285714286
DOPC_chole_mRNA,65,4,0065_R0004,3.8919628576185703,3.8919628576185703,55297,55297,326,326,0,0,0,169.62269938650306,204,309.02147239263803,276.4141104294479
DOPC_chole_mRNA,65,5,0065_R0005,0.42978730943027155,0.42978730943027155,5488,5488,36,36,0,0,0,152.44444444444446,165,298.8333333333333,301.1666666666667
DOPC_chole_mRNA,65,6,0065_R0006,0.28652487295351436,0.28652487295351436,4121,4121,24,24,0,0,0,171.70833333333334,206,679.1666666666666,310.125
DOPC_chole_mRNA,65,7,0065_R0007,0.967021446218111,0.967021446218111,12551,12551,81,81,0,0,0,154.9506172839506,165,457.7037037037037,324.65432098765433
DOPC_chole_mRNA,65,8,0065_R0008,0.047754145492252396,0.047754145492252396,625,625,4,4,0,0,0,156.25,164,660.5,332.5
DOPC_chole_mRNA,65,9,0065_R0009,0.1313239001036941,0.1313239001036941,1731,1731,11,11,0,0,0,157.36363636363637,177,656.6363636363636,338.54545454545456
DOPC_chole_mRNA,65,10,0065_R0010,0.6566195005184704,0.6446809641454073,8251,8106,55,54,1,0,1,150.11111111111111,156,282.94444444444446,347.3888888888889
DOPC_chole_mRNA,65,11,0065_R0011,0.035815609119189296,0.035815609119189296,453,453,3,3,0,0,0,151,152,268.3333333333333,351.3333333333333
DOPC_chole_mRNA,65,12,0065_R0012,0.4417258458033347,0.4417258458033347,6391.999999999999,6392,37,37,0,0,0,172.75675675675674,225,664.5405405405405,353.9189189189189
DOPC_chole_mRNA,65,13,0065_R0013,2.04148971979379,2.04148971979379,26926.000000000004,26926,171,171,0,0,0,157.46198830409358,176,285.70175438596493,361.7953216374269
DOPC_chole_mRNA,65,14,0065_R0014,3.0801423842502795,3.0801423842502795,43873,43873,258,258,0,0,0,170.0503875968992,219,445.7325581395349,367.2984496124031
DOPC_chole_mRNA,65,15,0065_R0015,0.14326243647675718,0.14326243647675718,1905,1905,12,12,0,0,0,158.75,172,667.5,367.5
DOPC_chole_mRNA,65,16,0065_R0016,0.4417258458033347,0.4417258458033347,5548,5548,37,37,0,0,0,149.94594594594594,156,295.2162162162162,374.02702702702703
DOPC_chole_mRNA,65,17,0065_R0017,0.047754145492252396,0.047754145492252396,602,602,4,4,0,0,0,150.5,152,290,376.5
DOPC_chole_mRNA,65,18,0065_R0018,0.2626478002073882,0.2626478002073882,3390,3390,22,22,0,0,0,154.0909090909091,164,291.72727272727275,419.04545454545456
DOPC_chole_mRNA,65,19,0065_R0019,0.07163121823837859,0.07163121823837859,950,950,6,6,0,0,0,158.33333333333334,167,645.1666666666666,446.8333333333333
DOPC_chole_mRNA,65,20,0065_R0020,0.023877072746126198,0.023877072746126198,300,300,2,2,0,0,0,150,152,299.5,457
DOPC_chole_mRNA,65,21,0065_R0021,0.39397170031108225,0.39397170031108225,5016,5016,33,33,0,0,0,152,164,588.5757575757576,461.8484848484849
DOPC_chole_mRNA,65,22,0065_R0022,0.10744682735756789,0.10744682735756789,1354,1354,9,9,0,0,0,150.44444444444446,155,573.2222222222222,461.55555555555554
DOPC_chole_mRNA,65,23,0065_R0023,1.9579199651823482,1.9579199651823482,27447.000000000004,27447,164,164,0,0,0,167.359756097561,244,586.6463414634146,476.3414634146341
DOPC_chole_mRNA,65,24,0065_R0024,3.5218682300536144,3.5099296936805513,50271.00000000001,50126,295,294,1,0,1,170.49659863945578,225,616.3809523809524,485.5748299319728
DOPC_chole_mRNA,65,25,0065_R0025,0.0596926818653155,0.0596926818653155,751,751,5,5,0,0,0,150.2,153,359.2,477.4
DOPC_chole_mRNA,65,26,0065_R0026,0.10744682735756789,0.10744682735756789,1354,1354,9,9,0,0,0,150.44444444444446,152,364.55555555555554,477.3333333333333
DOPC_chole_mRNA,65,27,0065_R0027,1.2296692464254992,1.2296692464254992,16214.000000000002,16214,103,103,0,0,0,157.41747572815535,173,311.99029126213594,484.90291262135923
DOPC_chole_mRNA,65,28,0065_R0028,0.10744682735756789,0.10744682735756789,1351,1351,9,9,0,0,0,150.11111111111111,153,363.44444444444446,483.22222222222223
DOPC_chole_mRNA,65,29,0065_R0029,0.2745863365804513,0.2745863365804513,3481,3481,23,23,0,0,0,151.34782608695653,158,290.4347826086956,500.6521739130435
DOPC_chole_mRNA,65,30,0065_R0030,0.7163121823837859,0.7163121823837859,9370,9370,60,60,0,0,0,156.16666666666666,168,481.65,504.06666666666666
DOPC_chole_mRNA,65,31,0065_R0031,0.14326243647675718,0.14326243647675718,1825,1825,12,12,0,0,0,152.08333333333334,163,624,505.5
DOPC_chole_mRNA,65,32,0065_R0032,0.0835697546114417,0.0835697546114417,1052,1052,7,7,0,0,0,150.28571428571428,157,467.7142857142857,512.4285714285714
DOPC_chole_mRNA,65,33,0065_R0033,0.955082909845048,0.955082909845048,12358,12358,80,80,0,0,0,154.475,168,227.8,523.875
DOPC_chole_mRNA,65,34,0065_R0034,0.1671395092228834,0.1671395092228834,2119,2119,14,14,0,0,0,151.35714285714286,158,602.5,522.7857142857143
DOPC_chole_mRNA,65,35,0065_R0035,0.38203316393801917,0.38203316393801917,4903,4903,32,32,0,0,0,153.21875,163,491.1875,526.9375
DOPC_chole_mRNA,65,36,0065_R0036,0.14326243647675718,0.14326243647675718,1827,1827,12,12,0,0,0,152.25,158,605.25,533.1666666666666
DOPC_chole_mRNA,65,37,0065_R0037,0.6088653550262181,0.6088653550262181,7800,7800,51,51,0,0,0,152.94117647058823,164,475.4117647058824,534.7254901960785
DOPC_chole_mRNA,65,38,0065_R0038,0.1313239001036941,0.1313239001036941,1660,1660,11,11,0,0,0,150.9090909090909,154,451.45454545454544,537.8181818181819
DOPC_chole_mRNA,65,39,0065_R0039,2.1011824016591056,2.1011824016591056,36603,36603,176,176,0,0,0,207.9715909090909,441,493.84659090909093,543.3181818181819
DOPC_chole_mRNA,65,40,0065_R0040,0.10744682735756789,0.10744682735756789,1371,1371,9,9,0,0,0,152.33333333333334,165,310.6666666666667,540.8888888888889
DOPC_chole_mRNA,65,41,0065_R0041,0.09550829098450479,0.09550829098450479,1200,1200,8,8,0,0,0,150,152,237.625,549.5
DOPC_chole_mRNA,65,42,0065_R0042,0.25070926383432507,0.25070926383432507,3158,3158,21,21,0,0,0,150.38095238095238,159,242.85714285714286,556.047619047619
DOPC_chole_mRNA,65,43,0065_R0043,0.0596926818653155,0.0596926818653155,757,757,5,5,0,0,0,151.4,155,322.6,553.6
DOPC_chole_mRNA,65,44,0065_R0044,0.5611112095339656,0.5611112095339656,7121,7121,47,47,0,0,0,151.51063829787233,160,573.4468085106383,571.1702127659574
DOPC_chole_mRNA,65,45,0065_R0045,0.32234048207270366,0.32234048207270366,4086.0000000000005,4086,27,27,0,0,0,151.33333333333334,160,315.22222222222223,572.2222222222222
DOPC_chole_mRNA,65,46,0065_R0046,0.0835697546114417,0.0835697546114417,1051,1051,7,7,0,0,0,150.14285714285714,152,335,574
DOPC_chole_mRNA,65,47,0065_R0047,0.0835697546114417,0.0835697546114417,1049,1049,7,7,0,0,0,149.85714285714286,153,238,575
DOPC_chole_mRNA,65,48,0065_R0048,1.1102838826948682,1.1102838826948682,15758,15758,93,93,0,0,0,169.44086021505376,204,318.247311827957,581.6774193548387
DOPC_chole_mRNA,65,49,0065_R0049,0.45366438217639776,0.45366438217639776,6729,6729,38,38,0,0,0,177.07894736842104,248,200.44736842105263,598.078947368421
DOPC_chole_mRNA,65,50,0065_R0050,0.07163121823837859,0.07163121823837859,929,929,6,6,0,0,0,154.83333333333334,157,358.5,602
DOPC_chole_mRNA,65,51,0065_R0051,0.2029551183420727,0.2029551183420727,2585,2585,17,17,0,0,0,152.05882352941177,162,257.6470588235294,612.0588235294117
DOPC_chole_mRNA,65,52,0065_R0052,0.19101658196900959,0.19101658196900959,2547,2547,16,16,0,0,0,159.1875,181,505.1875,632.8125
DOPC_chole_mRNA,65,53,0065_R0053,0.3462175548188299,0.3462175548188299,4757,4757,29,29,0,0,0,164.0344827586207,192,419.0689655172414,635.3793103448276
DOPC_chole_mRNA,65,54,0065_R0054,0.0835697546114417,0.0835697546114417,1062,1062,7,7,0,0,0,151.71428571428572,155,269,659.7142857142857
DOPC_chole_mRNA,65,55,0065_R0055,11.425179309021386,11.425179309021386,219499,219499,957,957,0,0,0,229.36154649947753,800,577.8610240334378,681.092998955068
DOPC_chole_mRNA,65,56,0065_R0056,0.2626478002073882,0.25070926383432507,3304,3159,22,21,1,0,1,150.42857142857142,154,208.38095238095238,669.5238095238095
DOPC_chole_mRNA,65,57,0065_R0057,1.2654848555446885,1.2654848555446885,18652,18652,106,106,0,0,0,175.96226415094338,232,222.5188679245283,690.311320754717
DOPC_chole_mRNA,65,58,0065_R0058,0.1552009728498203,0.1552009728498203,1995,1995,13,13,0,0,0,153.46153846153845,165,534.6153846153846,691.6153846153846
DOPC_chole_mRNA,65,59,0065_R0059,0.238770727461262,0.238770727461262,3129,3129,20,20,0,0,0,156.45,167,522.75,693.95
DOPC_chole_mRNA,66,1,0066_R0001,0.2745863365804513,0.2745863365804513,4382,4382,23,23,0,0,0,190.52173913043478,254,313.6521739130435,1.3043478260869565
DOPC_chole_mRNA,66,2,0066_R0002,0.023877072746126198,0.023877072746126198,308,308,2,2,0,0,0,154,158,60.5,21
DOPC_chole_mRNA,66,3,0066_R0003,0.0596926818653155,0.0596926818653155,764,764,5,5,0,0,0,152.8,157,63.4,26.8
DOPC_chole_mRNA,66,4,0066_R0004,2.0892438652860426,2.0892438652860426,28489,28489,175,175,0,0,0,162.7942857142857,187,95.56,61.15428571428571
DOPC_chole_mRNA,66,5,0066_R0005,0.5491726731609026,0.5491726731609026,7010,7010,46,46,0,0,0,152.3913043478261,168,113.52173913043478,101.54347826086956
DOPC_chole_mRNA,66,6,0066_R0006,0.28652487295351436,0.28652487295351436,3668,3668,24,24,0,0,0,152.83333333333334,160,694.125,106.125
DOPC_chole_mRNA,66,7,0066_R0007,1.5520097284982028,1.5520097284982028,20904,20904,130,130,0,0,0,160.8,189,302.4153846153846,110.3
DOPC_chole_mRNA,66,8,0066_R0008,0.9192673007258586,0.9192673007258586,11973,11973,77,77,0,0,0,155.4935064935065,169,318.06493506493507,117.50649350649351
DOPC_chole_mRNA,66,9,0066_R0009,1.456501437513698,1.456501437513698,19482,19482,122,122,0,0,0,159.68852459016392,182,659.9672131147541,129.5327868852459
DOPC_chole_mRNA,66,10,0066_R0010,1.181915100933247,1.181915100933247,27378,27378,99,99,0,0,0,276.54545454545456,612,698.8282828282828,125
DOPC_chole_mRNA,66,11,0066_R0011,1.2774233919177516,1.2774233919177516,19468,19468,107,107,0,0,0,181.94392523364485,232,223.70093457943926,127.90654205607477
DOPC_chole_mRNA,66,12,0066_R0012,0.0835697546114417,0.0835697546114417,1096,1096,7,7,0,0,0,156.57142857142858,163,302.2857142857143,151
DOPC_chole_mRNA,66,13,0066_R0013,0.5491726731609026,0.5491726731609026,7078,7078,46,46,0,0,0,153.8695652173913,164,324.7173913043478,153.58695652173913
DOPC_chole_mRNA,66,14,0066_R0014,0.9431443734719849,0.9431443734719849,13047,13047,79,79,0,0,0,165.15189873417722,182,70.77215189873418,156.40506329113924
DOPC_chole_mRNA,66,15,0066_R0015,0.38203316393801917,0.38203316393801917,4925,4925,32,32,0,0,0,153.90625,163,24.34375,167.09375
DOPC_chole_mRNA,66,16,0066_R0016,0.1671395092228834,0.1671395092228834,2266,2266,14,14,0,0,0,161.85714285714286,176,150.28571428571428,170.5
DOPC_chole_mRNA,66,17,0066_R0017,0.39397170031108225,0.39397170031108225,5262,5262,33,33,0,0,0,159.45454545454547,179,287.8181818181818,175.27272727272728
DOPC_chole_mRNA,66,18,0066_R0018,0.17907804559594648,0.17907804559594648,2362,2362,15,15,0,0,0,157.46666666666667,178,698.4,186.6
DOPC_chole_mRNA,66,19,0066_R0019,2.913002875027396,2.913002875027396,48133,48133,244,244,0,0,0,197.26639344262296,262,116.93852459016394,202.55327868852459
DOPC_chole_mRNA,66,20,0066_R0020,2.6264780020738816,2.6264780020738816,38436,38436,220,220,0,0,0,174.70909090909092,223,671.7363636363636,202.4090909090909
DOPC_chole_mRNA,66,21,0066_R0021,0.8715131552336063,0.8715131552336063,11623,11623,73,73,0,0,0,159.21917808219177,179,628.3424657534247,204.35616438356163
DOPC_chole_mRNA,66,22,0066_R0022,0.8834516916066694,0.8834516916066694,12523,12523,74,74,0,0,0,169.22972972972974,213,688.0540540540541,206.2027027027027
DOPC_chole_mRNA,66,23,0066_R0023,0.047754145492252396,0.047754145492252396,611,611,4,4,0,0,0,152.75,154,39,217.25
DOPC_chole_mRNA,66,24,0066_R0024,0.2029551183420727,0.2029551183420727,2801,2801,17,17,0,0,0,164.76470588235293,194,119.76470588235294,234.76470588235293
DOPC_chole_mRNA,66,25,0066_R0025,0.21489365471513577,0.21489365471513577,2831,2831,18,18,0,0,0,157.27777777777777,168,128.77777777777777,236.38888888888889
DOPC_chole_mRNA,66,26,0066_R0026,0.6208038913992812,0.6208038913992812,9176,9176,52,52,0,0,0,176.46153846153845,263,311.5576923076923,250.82692307692307
DOPC_chole_mRNA,66,27,0066_R0027,2.160875083524421,2.160875083524421,29508.999999999996,29509,181,181,0,0,0,163.0331491712707,199,134.12707182320443,254.65193370165747
DOPC_chole_mRNA,66,28,0066_R0028,0.07163121823837859,0.07163121823837859,925,925,6,6,0,0,0,154.16666666666666,157,152,261.5
DOPC_chole_mRNA,66,29,0066_R0029,0.25070926383432507,0.25070926383432507,3261,3261,21,21,0,0,0,155.28571428571428,162,385.14285714285717,264.6666666666667
DOPC_chole_mRNA,66,30,0066_R0030,0.5133570640417132,0.5133570640417132,6704.999999999999,6705,43,43,0,0,0,155.93023255813952,166,301.27906976744185,270.6279069767442
DOPC_chole_mRNA,66,31,0066_R0031,1.934042892436222,1.934042892436222,25951.999999999996,25952,162,162,0,0,0,160.19753086419752,181,177.14814814814815,280
DOPC_chole_mRNA,66,32,0066_R0032,1.0983453463218051,1.0983453463218051,14679.000000000002,14679,92,92,0,0,0,159.55434782608697,173,25.91304347826087,279.5326086956522
DOPC_chole_mRNA,66,33,0066_R0033,0.46560291854946084,0.46560291854946084,6118,6118,39,39,0,0,0,156.87179487179486,178,268.35897435897436,285.64102564102564
DOPC_chole_mRNA,66,34,0066_R0034,0.0835697546114417,0.0835697546114417,1104,1104,7,7,0,0,0,157.71428571428572,165,642,285.2857142857143
DOPC_chole_mRNA,66,35,0066_R0035,0.477541454922524,0.477541454922524,6347,6347,40,40,0,0,0,158.675,171,50.75,288.625
DOPC_chole_mRNA,66,36,0066_R0036,0.41784877305720847,0.41784877305720847,5567,5567,35,35,0,0,0,159.05714285714285,182,523.4,287.74285714285713
DOPC_chole_mRNA,66,37,0066_R0037,0.023877072746126198,0.023877072746126198,309,309,2,2,0,0,0,154.5,156,513.5,288.5
DOPC_chole_mRNA,66,38,0066_R0038,0.7640663278760383,0.7640663278760383,10151,10151,64,64,0,0,0,158.609375,179,437.90625,296.109375
DOPC_chole_mRNA,66,39,0066_R0039,3.2353433571001,3.2353433571001,48856,48856,271,271,0,0,0,180.28044280442805,432,4.453874538745388,309.8154981549815
DOPC_chole_mRNA,66,40,0066_R0040,0.7401892551299122,0.7401892551299122,10541,10541,62,62,0,0,0,170.01612903225808,213,510.35483870967744,298.2903225806452
DOPC_chole_mRNA,66,41,0066_R0041,0.2626478002073882,0.2626478002073882,3698,3698,22,22,0,0,0,168.0909090909091,203,495.09090909090907,299.90909090909093
DOPC_chole_mRNA,66,42,0066_R0042,0.023877072746126198,0.023877072746126198,302,302,2,2,0,0,0,151,152,239.5,299
DOPC_chole_mRNA,66,43,0066_R0043,0.1313239001036941,0.1313239001036941,1675,1675,11,11,0,0,0,152.27272727272728,157,29.454545454545453,302.72727272727275
DOPC_chole_mRNA,66,44,0066_R0044,2.9607570205196487,2.9607570205196487,44468,44468,248,248,0,0,0,179.30645161290323,335,416.28225806451616,312.64112903225805
DOPC_chole_mRNA,66,45,0066_R0045,2.566785320208566,2.566785320208566,34127,34127,215,215,0,0,0,158.73023255813953,218,519.1534883720931,312.4372093023256
DOPC_chole_mRNA,66,46,0066_R0046,1.7191492377210862,1.7191492377210862,23001,23001,144,144,0,0,0,159.72916666666666,187,439.1388888888889,309.71527777777777
DOPC_chole_mRNA,66,47,0066_R0047,0.047754145492252396,0.047754145492252396,631,631,4,4,0,0,0,157.75,160,565.5,304.5
DOPC_chole_mRNA,66,48,0066_R0048,0.07163121823837859,0.07163121823837859,903,903,6,6,0,0,0,150.5,153,506.5,307.5
DOPC_chole_mRNA,66,49,0066_R0049,0.035815609119189296,0.035815609119189296,466,466,3,3,0,0,0,155.33333333333334,158,546.3333333333334,307.6666666666667
DOPC_chole_mRNA,66,50,0066_R0050,0.07163121823837859,0.07163121823837859,911,911,6,6,0,0,0,151.83333333333334,158,63.5,310
DOPC_chole_mRNA,66,51,0066_R0051,0.0596926818653155,0.0596926818653155,756,756,5,5,0,0,0,151.2,155,177.2,312.6
DOPC_chole_mRNA,66,52,0066_R0052,1.4923170466328874,1.4923170466328874,20199,20199,125,125,0,0,0,161.592,179,502.416,321.872
DOPC_chole_mRNA,66,53,0066_R0053,0.023877072746126198,0.023877072746126198,314,314,2,2,0,0,0,157,158,561,317.5
DOPC_chole_mRNA,66,54,0066_R0054,0.22683219108819888,0.22683219108819888,2938,2938,19,19,0,0,0,154.6315789473684,165,521.578947368421,327
DOPC_chole_mRNA,66,55,0066_R0055,0.1313239001036941,0.1313239001036941,1675,1675,11,11,0,0,0,152.27272727272728,158,430.72727272727275,331.3636363636364
DOPC_chole_mRNA,66,56,0066_R0056,0.2029551183420727,0.2029551183420727,2809,2809,17,17,0,0,0,165.23529411764707,186,560.3529411764706,332
DOPC_chole_mRNA,66,57,0066_R0057,2.316076056374241,2.316076056374241,36799,36799,194,194,0,0,0,189.68556701030928,271,133.13917525773195,338.37113402061857
DOPC_chole_mRNA,66,58,0066_R0058,0.3104019456996406,0.3104019456996406,4302,4302,26,26,0,0,0,165.46153846153845,194,499.3076923076923,334.7692307692308
DOPC_chole_mRNA,66,59,0066_R0059,0.023877072746126198,0.023877072746126198,303,303,2,2,0,0,0,151.5,153,525,332.5
DOPC_chole_mRNA,66,60,0066_R0060,3.1995277479809108,3.1995277479809108,43198,43198,268,268,0,0,0,161.1865671641791,213,670.5895522388059,342.2686567164179
DOPC_chole_mRNA,66,61,0066_R0061,0.0835697546114417,0.0835697546114417,1056,1056,7,7,0,0,0,150.85714285714286,153,530.7142857142857,335.7142857142857
DOPC_chole_mRNA,66,62,0066_R0062,0.3700946275649561,0.3700946275649561,5072,5072,31,31,0,0,0,163.61290322580646,186,391.06451612903226,338.2903225806452
DOPC_chole_mRNA,66,63,0066_R0063,0.023877072746126198,0.023877072746126198,316,316,2,2,0,0,0,158,158,506,339.5
DOPC_chole_mRNA,66,64,0066_R0064,2.9368799477735226,2.9368799477735226,48734,48734,246,246,0,0,0,198.10569105691056,298,553.1016260162602,353.2357723577236
DOPC_chole_mRNA,66,65,0066_R0065,0.035815609119189296,0.035815609119189296,453,453,3,3,0,0,0,151,151,700,346.6666666666667
DOPC_chole_mRNA,66,66,0066_R0066,0.07163121823837859,0.07163121823837859,907,907,6,6,0,0,0,151.16666666666666,157,270.1666666666667,350.1666666666667
DOPC_chole_mRNA,66,67,0066_R0067,2.053428256166853,2.053428256166853,36446,36446,172,172,0,0,0,211.8953488372093,423,698.6918604651163,367.0348837209302
DOPC_chole_mRNA,66,68,0066_R0068,5.77825160456254,5.7543745318164135,77268,76981,484,482,2,0,1,159.71161825726142,190,235.2655601659751,370.55809128630705
DOPC_chole_mRNA,66,69,0066_R0069,0.7521277915029753,0.7521277915029753,10168,10168,63,63,0,0,0,161.3968253968254,177,44.06349206349206,369.1111111111111
DOPC_chole_mRNA,66,70,0066_R0070,0.1552009728498203,0.1552009728498203,2067,2067,13,13,0,0,0,159,169,267.3076923076923,376.9230769230769
DOPC_chole_mRNA,66,71,0066_R0071,0.1313239001036941,0.1313239001036941,1715,1715,11,11,0,0,0,155.9090909090909,165,532.7272727272727,378.8181818181818
DOPC_chole_mRNA,66,72,0066_R0072,1.2535463191716254,1.2535463191716254,16849,16849,105,105,0,0,0,160.46666666666667,177,60.12380952380953,384.62857142857143
DOPC_chole_mRNA,66,73,0066_R0073,0.023877072746126198,0.023877072746126198,304,304,2,2,0,0,0,152,153,30,379.5
DOPC_chole_mRNA,66,74,0066_R0074,1.5400711921251398,1.5400711921251398,21436,21436,129,129,0,0,0,166.1705426356589,190,656.8682170542636,392.69767441860466
DOPC_chole_mRNA,66,75,0066_R0075,0.1552009728498203,0.1552009728498203,2028.9999999999998,2029,13,13,0,0,0,156.07692307692307,165,22.846153846153847,387.46153846153845
DOPC_chole_mRNA,66,76,0066_R0076,3.2950360389654154,3.2950360389654154,58112,58112,276,276,0,0,0,210.55072463768116,322,202.58333333333334,402.4492753623188
DOPC_chole_mRNA,66,77,0066_R0077,0.023877072746126198,0.023877072746126198,302,302,2,2,0,0,0,151,152,686.5,403
DOPC_chole_mRNA,66,78,0066_R0078,1.5161941193790136,1.5161941193790136,20705,20705,127,127,0,0,0,163.03149606299212,187,675.2755905511812,411.3937007874016
DOPC_chole_mRNA,66,79,0066_R0079,0.728250718756849,0.6566195005184704,9277,8402,61,55,6,0,1,152.76363636363635,164,403.58181818181816,411.54545454545456
DOPC_chole_mRNA,66,80,0066_R0080,0.9073287643527955,0.9073287643527955,12041,12041,76,76,0,0,0,158.43421052631578,180,390.9078947368421,415.32894736842104
DOPC_chole_mRNA,66,81,0066_R0081,1.2535463191716254,1.2535463191716254,16785,16785,105,105,0,0,0,159.85714285714286,179,643.0952380952381,417.9428571428571
DOPC_chole_mRNA,66,82,0066_R0082,0.39397170031108225,0.39397170031108225,5118,5118,33,33,0,0,0,155.0909090909091,171,697.7575757575758,419.2121212121212
DOPC_chole_mRNA,66,83,0066_R0083,0.07163121823837859,0.07163121823837859,928,928,6,6,0,0,0,154.66666666666666,160,73.83333333333333,418.8333333333333
DOPC_chole_mRNA,66,84,0066_R0084,0.1552009728498203,0.1552009728498203,1971.9999999999998,1972,13,13,0,0,0,151.69230769230768,157,691.0769230769231,420.0769230769231
DOPC_chole_mRNA,66,85,0066_R0085,0.1671395092228834,0.1671395092228834,2113,2113,14,14,0,0,0,150.92857142857142,156,230.85714285714286,421.5
DOPC_chole_mRNA,66,86,0066_R0086,1.5161941193790136,1.5161941193790136,20315,20315,127,127,0,0,0,159.96062992125985,181,219.4251968503937,428.8976377952756
DOPC_chole_mRNA,66,87,0066_R0087,0.0596926818653155,0.0596926818653155,759,759,5,5,0,0,0,151.8,153,662.6,426.2
DOPC_chole_mRNA,66,88,0066_R0088,0.047754145492252396,0.047754145492252396,610,610,4,4,0,0,0,152.5,155,232.5,426.5
DOPC_chole_mRNA,66,89,0066_R0089,2.38770727461262,2.38770727461262,31402.999999999996,31403,200,200,0,0,0,157.015,173,233.88,438.82
DOPC_chole_mRNA,66,90,0066_R0090,0.10744682735756789,0.10744682735756789,1388,1388,9,9,0,0,0,154.22222222222223,158,661.8888888888889,436.55555555555554
DOPC_chole_mRNA,66,91,0066_R0091,0.21489365471513577,0.21489365471513577,2856,2856,18,18,0,0,0,158.66666666666666,171,493.72222222222223,438.1111111111111
DOPC_chole_mRNA,66,92,0066_R0092,1.1460994918140575,1.1460994918140575,14812,14812,96,96,0,0,0,154.29166666666666,168,258.0625,449.6041666666667
DOPC_chole_mRNA,66,93,0066_R0093,1.4684399738867613,1.4684399738867613,19526,19526,123,123,0,0,0,158.7479674796748,183,221.02439024390245,450.5040650406504
DOPC_chole_mRNA,66,94,0066_R0094,0.10744682735756789,0.10744682735756789,1388,1388,9,9,0,0,0,154.22222222222223,162,480.8888888888889,445.6666666666667
DOPC_chole_mRNA,66,95,0066_R0095,1.3371160737830672,1.3371160737830672,18837,18837,112,112,0,0,0,168.1875,239,469.82142857142856,455.125
DOPC_chole_mRNA,66,96,0066_R0096,0.2984634093265775,0.2984634093265775,3814,3814,25,25,0,0,0,152.56,162,459.04,454.04
DOPC_chole_mRNA,66,97,0066_R0097,1.205792173679373,1.205792173679373,16241,16241,101,101,0,0,0,160.8019801980198,180,489.53465346534654,455.44554455445547
DOPC_chole_mRNA,66,98,0066_R0098,9.085226179901019,9.085226179901019,143335,143335,761,761,0,0,0,188.35085413929042,553,442.32851511169514,479.61892247043363
DOPC_chole_mRNA,66,99,0066_R0099,0.023877072746126198,0.023877072746126198,307,307,2,2,0,0,0,153.5,156,457.5,459.5
DOPC_chole_mRNA,66,100,0066_R0100,0.023877072746126198,0.023877072746126198,304,304,2,2,0,0,0,152,153,445.5,467
DOPC_chole_mRNA,66,101,0066_R0101,0.1671395092228834,0.1671395092228834,2186,2186,14,14,0,0,0,156.14285714285714,166,402.7142857142857,470.5
DOPC_chole_mRNA,66,102,0066_R0102,1.4087472920214457,1.4087472920214457,19391,19391,118,118,0,0,0,164.33050847457628,184,487.1101694915254,475.3305084745763
DOPC_chole_mRNA,66,103,0066_R0103,0.09550829098450479,0.09550829098450479,1225,1225,8,8,0,0,0,153.125,157,501.875,469.875
DOPC_chole_mRNA,66,104,0066_R0104,1.0505912008295528,1.0505912008295528,15527,15527,88,88,0,0,0,176.4431818181818,240,405.5,477.9886363636364
DOPC_chole_mRNA,66,105,0066_R0105,0.25070926383432507,0.25070926383432507,3607,3607,21,21,0,0,0,171.76190476190476,213,143,479
DOPC_chole_mRNA,66,106,0066_R0106,0.1552009728498203,0.1552009728498203,2066,2066,13,13,0,0,0,158.92307692307693,170,497.61538461538464,478.7692307692308
DOPC_chole_mRNA,66,107,0066_R0107,0.19101658196900959,0.19101658196900959,2419,2419,16,16,0,0,0,151.1875,159,332.1875,481.9375
DOPC_chole_mRNA,66,108,0066_R0108,0.45366438217639776,0.45366438217639776,6220,6220,38,38,0,0,0,163.68421052631578,203,471.1842105263158,489.57894736842104
DOPC_chole_mRNA,66,109,0066_R0109,0.0835697546114417,0.0835697546114417,1072,1072,7,7,0,0,0,153.14285714285714,158,400,489.2857142857143
DOPC_chole_mRNA,66,110,0066_R0110,0.09550829098450479,0.09550829098450479,1210,1210,8,8,0,0,0,151.25,157,459.875,490.125
DOPC_chole_mRNA,66,111,0066_R0111,0.9073287643527955,0.9073287643527955,12864.999999999998,12865,76,76,0,0,0,169.27631578947367,237,410.0394736842105,500.7105263157895
DOPC_chole_mRNA,66,112,0066_R0112,0.09550829098450479,0.09550829098450479,1223,1223,8,8,0,0,0,152.875,161,459.25,496.625
DOPC_chole_mRNA,66,113,0066_R0113,0.238770727461262,0.238770727461262,3044,3044,20,20,0,0,0,152.2,157,266.15,500.65
DOPC_chole_mRNA,66,114,0066_R0114,0.0596926818653155,0.0596926818653155,761,761,5,5,0,0,0,152.2,158,424.2,499.6
DOPC_chole_mRNA,66,115,0066_R0115,0.38203316393801917,0.38203316393801917,5597,5597,32,32,0,0,0,174.90625,230,481.78125,501.9375
DOPC_chole_mRNA,66,116,0066_R0116,0.0835697546114417,0.0835697546114417,1081,1081,7,7,0,0,0,154.42857142857142,158,544,507
DOPC_chole_mRNA,66,117,0066_R0117,0.0835697546114417,0.0835697546114417,1090,1090,7,7,0,0,0,155.71428571428572,159,118,510.2857142857143
DOPC_chole_mRNA,66,118,0066_R0118,0.035815609119189296,0.035815609119189296,458,458,3,3,0,0,0,152.66666666666666,156,421.6666666666667,509.3333333333333
DOPC_chole_mRNA,66,119,0066_R0119,0.0835697546114417,0.0835697546114417,1094,1094,7,7,0,0,0,156.28571428571428,166,405,517
DOPC_chole_mRNA,66,120,0066_R0120,0.25070926383432507,0.25070926383432507,3532.0000000000005,3532,21,21,0,0,0,168.1904761904762,205,497.23809523809524,539.6190476190476
DOPC_chole_mRNA,66,121,0066_R0121,34.16809109970659,34.08452134509515,517759,516741,2862,2855,7,0,1,180.9950963222417,316,386.6672504378284,589.7359019264449
DOPC_chole_mRNA,66,122,0066_R0122,2.2325063017627995,2.2325063017627995,32596,32596,187,187,0,0,0,174.3101604278075,219,355.4064171122995,555.2245989304813
DOPC_chole_mRNA,66,123,0066_R0123,0.1671395092228834,0.1671395092228834,2215,2215,14,14,0,0,0,158.21428571428572,170,124.71428571428571,560.5
DOPC_chole_mRNA,66,124,0066_R0124,1.3609931465291933,1.3609931465291933,18706,18706,114,114,0,0,0,164.08771929824562,188,286.219298245614,577.6228070175439
DOPC_chole_mRNA,66,125,0066_R0125,0.0835697546114417,0.0835697546114417,1064,1064,7,7,0,0,0,152,159,445.7142857142857,589.8571428571429
DOPC_chole_mRNA,66,126,0066_R0126,1.062529737202616,1.062529737202616,14249,14249,89,89,0,0,0,160.1011235955056,179,299.59550561797755,598.8426966292135
DOPC_chole_mRNA,66,127,0066_R0127,0.21489365471513577,0.21489365471513577,2774,2774,18,18,0,0,0,154.11111111111111,165,432.8333333333333,596.2222222222222
DOPC_chole_mRNA,66,128,0066_R0128,0.1313239001036941,0.1313239001036941,1670,1670,11,11,0,0,0,151.8181818181818,155,441.6363636363636,597.5454545454545
DOPC_chole_mRNA,66,129,0066_R0129,1.69527216497496,1.69527216497496,22762,22762,142,142,0,0,0,160.29577464788733,184,354.2464788732394,602.6056338028169
DOPC_chole_mRNA,66,130,0066_R0130,0.9908985189642372,0.9908985189642372,13320,13320,83,83,0,0,0,160.48192771084337,184,450.144578313253,601.9759036144578
DOPC_chole_mRNA,66,131,0066_R0131,0.6088653550262181,0.6088653550262181,7902,7902,51,51,0,0,0,154.94117647058823,164,478.05882352941177,601.1764705882352
DOPC_chole_mRNA,66,132,0066_R0132,0.023877072746126198,0.023877072746126198,307,307,2,2,0,0,0,153.5,158,370,618.5
DOPC_chole_mRNA,66,133,0066_R0133,0.1552009728498203,0.1552009728498203,2087,2087,13,13,0,0,0,160.53846153846155,174,113.38461538461539,634.6153846153846
DOPC_chole_mRNA,66,134,0066_R0134,0.1552009728498203,0.1552009728498203,2061,2061,13,13,0,0,0,158.53846153846155,169,429.46153846153845,663.8461538461538
DOPC_chole_mRNA,66,135,0066_R0135,2.6861706839391974,2.6861706839391974,36581,36581,225,225,0,0,0,162.5822222222222,184,198.85333333333332,689.9466666666667
DOPC_chole_mRNA,67,1,0067_R0001,5.097755031297943,5.097755031297943,77014,77014,427,427,0,0,0,180.36065573770492,229,138.86651053864168,26.94145199063232
DOPC_chole_mRNA,67,2,0067_R0002,0.047754145492252396,0.047754145492252396,619,619,4,4,0,0,0,154.75,156,71.5,15.5
DOPC_chole_mRNA,67,3,0067_R0003,0.9908985189642372,0.9908985189642372,13155,13155,83,83,0,0,0,158.49397590361446,179,123.24096385542168,25.349397590361445
DOPC_chole_mRNA,67,4,0067_R0004,0.5849882822800918,0.5849882822800918,8309,8309,49,49,0,0,0,169.57142857142858,198,199.24489795918367,77.36734693877551
DOPC_chole_mRNA,67,5,0067_R0005,0.1671395092228834,0.1671395092228834,2344,2344,14,14,0,0,0,167.42857142857142,191,503.2857142857143,91.5
DOPC_chole_mRNA,67,6,0067_R0006,0.1671395092228834,0.1671395092228834,2221,2221,14,14,0,0,0,158.64285714285714,170,49.285714285714285,97.5
DOPC_chole_mRNA,67,7,0067_R0007,0.035815609119189296,0.035815609119189296,460,460,3,3,0,0,0,153.33333333333334,155,0,109
DOPC_chole_mRNA,67,8,0067_R0008,1.910165819690096,1.910165819690096,25582,25582,160,160,0,0,0,159.8875,178,313.61875,114.9625
DOPC_chole_mRNA,67,9,0067_R0009,0.07163121823837859,0.07163121823837859,936,936,6,6,0,0,0,156,163,329.8333333333333,183.16666666666666
DOPC_chole_mRNA,67,10,0067_R0010,0.07163121823837859,0.07163121823837859,941,941,6,6,0,0,0,156.83333333333334,165,243.5,230
DOPC_chole_mRNA,67,11,0067_R0011,0.0835697546114417,0.0835697546114417,1082,1082,7,7,0,0,0,154.57142857142858,159,171,245.71428571428572
DOPC_chole_mRNA,67,12,0067_R0012,0.2984634093265775,0.2984634093265775,4169,4169,25,25,0,0,0,166.76,204,249.8,282.56
DOPC_chole_mRNA,67,13,0067_R0013,0.047754145492252396,0.047754145492252396,611,611,4,4,0,0,0,152.75,155,411.25,283
DOPC_chole_mRNA,67,14,0067_R0014,0.8356975461144169,0.8356975461144169,12136.999999999998,12137,70,70,0,0,0,173.38571428571427,257,280.04285714285714,299.4
DOPC_chole_mRNA,67,15,0067_R0015,14.732153884359864,14.302366574929593,192321,187055,1234,1198,36,0,1,156.13939899833056,225,29.536727879799667,372.25375626043405
DOPC_chole_mRNA,67,16,0067_R0016,0.023877072746126198,0.023877072746126198,304,304,2,2,0,0,0,152,153,63,349.5
DOPC_chole_mRNA,67,17,0067_R0017,0.023877072746126198,0.023877072746126198,305,305,2,2,0,0,0,152.5,153,62.5,352.5
DOPC_chole_mRNA,67,18,0067_R0018,0.023877072746126198,0.023877072746126198,307,307,2,2,0,0,0,153.5,154,61,354.5
DOPC_chole_mRNA,67,19,0067_R0019,0.035815609119189296,0.035815609119189296,453,453,3,3,0,0,0,151,152,27.333333333333332,364.6666666666667
DOPC_chole_mRNA,67,20,0067_R0020,2.2325063017627995,2.1011824016591056,28370,26762,187,176,11,0,1,152.0568181818182,163,83.5,374.48295454545456
DOPC_chole_mRNA,67,21,0067_R0021,6.363239886842631,6.363239886842631,89725,89725,533,533,0,0,0,168.33958724202625,224,106.64915572232646,384.40525328330205
DOPC_chole_mRNA,67,22,0067_R0022,0.023877072746126198,0.023877072746126198,305,305,2,2,0,0,0,152.5,153,90.5,381
DOPC_chole_mRNA,67,23,0067_R0023,0.047754145492252396,0.047754145492252396,608,608,4,4,0,0,0,152,155,46.5,385.5
DOPC_chole_mRNA,67,24,0067_R0024,0.023877072746126198,0.023877072746126198,302,302,2,2,0,0,0,151,154,44.5,390
DOPC_chole_mRNA,67,25,0067_R0025,0.5491726731609026,0.5491726731609026,7634,7634,46,46,0,0,0,165.95652173913044,204,52.58695652173913,394.3695652173913
DOPC_chole_mRNA,67,26,0067_R0026,0.07163121823837859,0.07163121823837859,920,920,6,6,0,0,0,153.33333333333334,158,22,392.8333333333333
DOPC_chole_mRNA,67,27,0067_R0027,0.023877072746126198,0.023877072746126198,305,305,2,2,0,0,0,152.5,153,43.5,392
DOPC_chole_mRNA,67,28,0067_R0028,0.047754145492252396,0.047754145492252396,618,618,4,4,0,0,0,154.5,164,66.5,395.5
DOPC_chole_mRNA,67,29,0067_R0029,0.21489365471513577,0.21489365471513577,2748,2748,18,18,0,0,0,152.66666666666666,159,26.22222222222222,398.44444444444446
DOPC_chole_mRNA,67,30,0067_R0030,0.9431443734719849,0.9431443734719849,12340,12340,79,79,0,0,0,156.20253164556962,186,140.72151898734177,411.26582278481015
DOPC_chole_mRNA,67,31,0067_R0031,40.662654886652916,40.42388415919165,575285,572364,3406,3386,20,0,1,169.0383933845245,520,125.88954518606025,493.57590076786767
DOPC_chole_mRNA,67,32,0067_R0032,0.10744682735756789,0.10744682735756789,1426,1426,9,9,0,0,0,158.44444444444446,168,38,440
DOPC_chole_mRNA,67,33,0067_R0033,0.0835697546114417,0.0835697546114417,1097,1097,7,7,0,0,0,156.71428571428572,167,549,477.2857142857143
DOPC_chole_mRNA,67,34,0067_R0034,0.19101658196900959,0.19101658196900959,2670,2670,16,16,0,0,0,166.875,195,681,479.5
DOPC_chole_mRNA,67,35,0067_R0035,0.8356975461144169,0.8356975461144169,13001,13001,70,70,0,0,0,185.72857142857143,261,578.6142857142858,483.9428571428571
DOPC_chole_mRNA,67,36,0067_R0036,0.10744682735756789,0.10744682735756789,1403,1403,9,9,0,0,0,155.88888888888889,162,175.88888888888889,483.3333333333333
DOPC_chole_mRNA,67,37,0067_R0037,1.3132390010369408,1.3132390010369408,20768,20768,110,110,0,0,0,188.8,449,184.26363636363635,491.1545454545454
DOPC_chole_mRNA,67,38,0067_R0038,0.9192673007258586,0.9192673007258586,16331,16331,77,77,0,0,0,212.0909090909091,437,521.4155844155844,490.68831168831167
DOPC_chole_mRNA,67,39,0067_R0039,0.1552009728498203,0.1552009728498203,2052,2052,13,13,0,0,0,157.84615384615384,177,395.53846153846155,490.84615384615387
DOPC_chole_mRNA,67,40,0067_R0040,0.119385363730631,0.119385363730631,1579,1579,10,10,0,0,0,157.9,168,167.7,496.7
DOPC_chole_mRNA,67,41,0067_R0041,7.604847669641194,7.604847669641194,112085.00000000001,112085,637,637,0,0,0,175.95761381475668,270,474.24175824175825,523.3956043956044
DOPC_chole_mRNA,67,42,0067_R0042,0.023877072746126198,0.023877072746126198,307,307,2,2,0,0,0,153.5,154,65.5,523
DOPC_chole_mRNA,67,43,0067_R0043,7.115367678345607,7.115367678345607,129663,129663,596,596,0,0,0,217.55536912751677,613,517.7181208053692,552.5956375838927
DOPC_chole_mRNA,67,44,0067_R0044,4.667967721867671,4.667967721867671,74956,74956,391,391,0,0,0,191.70332480818414,343,464.45524296675194,564.3682864450128
DOPC_chole_mRNA,67,45,0067_R0045,0.9789599825911741,0.9789599825911741,13171,13171,82,82,0,0,0,160.6219512195122,188,297.4512195121951,558.4878048780488
DOPC_chole_mRNA,67,46,0067_R0046,0.7043736460107228,0.7043736460107228,9854,9854,59,59,0,0,0,167.01694915254237,201,499.6271186440678,562.7118644067797
DOPC_chole_mRNA,67,47,0067_R0047,0.2745863365804513,0.2745863365804513,3599,3599,23,23,0,0,0,156.47826086956522,171,442.4347826086956,563
DOPC_chole_mRNA,67,48,0067_R0048,0.19101658196900959,0.19101658196900959,2612,2612,16,16,0,0,0,163.25,184,307.3125,562.875
DOPC_chole_mRNA,67,49,0067_R0049,0.39397170031108225,0.39397170031108225,5738,5738,33,33,0,0,0,173.87878787878788,232,586.4545454545455,568.7878787878788
DOPC_chole_mRNA,67,50,0067_R0050,0.1552009728498203,0.1552009728498203,2067,2067,13,13,0,0,0,159,172,274.2307692307692,571.6153846153846
DOPC_chole_mRNA,67,51,0067_R0051,0.035815609119189296,0.035815609119189296,462,462,3,3,0,0,0,154,156,19.666666666666668,571.3333333333334
DOPC_chole_mRNA,67,52,0067_R0052,0.1552009728498203,0.1552009728498203,2061,2061,13,13,0,0,0,158.53846153846155,168,291.38461538461536,572.6153846153846
DOPC_chole_mRNA,67,53,0067_R0053,0.2626478002073882,0.2626478002073882,3501,3501,22,22,0,0,0,159.13636363636363,173,309.27272727272725,573.5
DOPC_chole_mRNA,67,54,0067_R0054,0.238770727461262,0.238770727461262,3338,3338,20,20,0,0,0,166.9,203,319.9,572.95
DOPC_chole_mRNA,67,55,0067_R0055,0.7998819369952277,0.7998819369952277,12185,12185,67,67,0,0,0,181.86567164179104,292,523.6865671641791,578.1194029850747
DOPC_chole_mRNA,67,56,0067_R0056,0.2029551183420727,0.2029551183420727,2751,2751,17,17,0,0,0,161.8235294117647,185,445.5882352941176,576.1176470588235
DOPC_chole_mRNA,67,57,0067_R0057,2.399645810985683,2.375768738239557,31205,30913,201,199,2,0,1,155.34170854271358,171,623.391959798995,581.572864321608
DOPC_chole_mRNA,67,58,0067_R0058,0.25070926383432507,0.25070926383432507,3370,3370,21,21,0,0,0,160.47619047619048,178,264,578
DOPC_chole_mRNA,67,59,0067_R0059,0.46560291854946084,0.46560291854946084,6269,6269,39,39,0,0,0,160.74358974358975,189,488.15384615384613,579.9230769230769
DOPC_chole_mRNA,67,60,0067_R0060,0.238770727461262,0.238770727461262,3295,3295,20,20,0,0,0,164.75,191,408.25,579.25
DOPC_chole_mRNA,67,61,0067_R0061,0.728250718756849,0.728250718756849,11043,11043,61,61,0,0,0,181.0327868852459,247,602.2459016393443,584.0491803278688
DOPC_chole_mRNA,67,62,0067_R0062,0.023877072746126198,0.023877072746126198,307,307,2,2,0,0,0,153.5,157,141.5,583
DOPC_chole_mRNA,67,63,0067_R0063,0.09550829098450479,0.09550829098450479,1236,1236,8,8,0,0,0,154.5,161,128.125,584.875
DOPC_chole_mRNA,67,64,0067_R0064,0.023877072746126198,0.023877072746126198,306,306,2,2,0,0,0,153,153,341,584.5
DOPC_chole_mRNA,67,65,0067_R0065,0.22683219108819888,0.22683219108819888,3169,3169,19,19,0,0,0,166.78947368421052,189,390.36842105263156,587
DOPC_chole_mRNA,67,66,0067_R0066,0.07163121823837859,0.07163121823837859,917,917,6,6,0,0,0,152.83333333333334,156,568,585.5
DOPC_chole_mRNA,67,67,0067_R0067,0.1671395092228834,0.1671395092228834,2130,2130,14,14,0,0,0,152.14285714285714,157,24.357142857142858,591.1428571428571
DOPC_chole_mRNA,67,68,0067_R0068,0.09550829098450479,0.09550829098450479,1243,1243,8,8,0,0,0,155.375,162,346.125,589.875
DOPC_chole_mRNA,67,69,0067_R0069,0.5014185276686501,0.5014185276686501,7858,7858,42,42,0,0,0,187.0952380952381,293,417.9047619047619,593.0714285714286
DOPC_chole_mRNA,67,70,0067_R0070,0.28652487295351436,0.28652487295351436,3811,3811,24,24,0,0,0,158.79166666666666,184,113.5,597.3333333333334
DOPC_chole_mRNA,67,71,0067_R0071,0.0835697546114417,0.0835697546114417,1072,1072,7,7,0,0,0,153.14285714285714,160,396.2857142857143,596
DOPC_chole_mRNA,67,72,0067_R0072,10.374588108191833,10.36264957181877,187747,187604,869,868,1,0,1,216.1336405529954,693,538.5771889400921,615.4101382488479
DOPC_chole_mRNA,67,73,0067_R0073,0.023877072746126198,0.023877072746126198,313,313,2,2,0,0,0,156.5,158,57,602.5
DOPC_chole_mRNA,67,74,0067_R0074,0.035815609119189296,0.035815609119189296,456,456,3,3,0,0,0,152,156,469.3333333333333,603.6666666666666
DOPC_chole_mRNA,67,75,0067_R0075,0.119385363730631,0.119385363730631,1551,1551,10,10,0,0,0,155.1,167,427.8,606.5
DOPC_chole_mRNA,67,76,0067_R0076,0.035815609119189296,0.035815609119189296,463,463,3,3,0,0,0,154.33333333333334,158,380.6666666666667,607.3333333333334
DOPC_chole_mRNA,67,77,0067_R0077,0.0596926818653155,0.0596926818653155,774,774,5,5,0,0,0,154.8,168,407.6,609.2
DOPC_chole_mRNA,67,78,0067_R0078,0.5133570640417132,0.5133570640417132,7105,7105,43,43,0,0,0,165.2325581395349,193,86.65116279069767,614.7209302325581
DOPC_chole_mRNA,67,79,0067_R0079,0.2745863365804513,0.2745863365804513,3683,3683,23,23,0,0,0,160.1304347826087,183,436,615
DOPC_chole_mRNA,67,80,0067_R0080,0.3700946275649561,0.3700946275649561,5505,5505,31,31,0,0,0,177.58064516129033,251,351.35483870967744,618.258064516129
DOPC_chole_mRNA,67,81,0067_R0081,0.10744682735756789,0.10744682735756789,1444,1444,9,9,0,0,0,160.44444444444446,168,454,620
DOPC_chole_mRNA,67,82,0067_R0082,0.14326243647675718,0.14326243647675718,1852,1852,12,12,0,0,0,154.33333333333334,161,215.33333333333334,623.0833333333334
DOPC_chole_mRNA,67,83,0067_R0083,0.119385363730631,0.119385363730631,1545,1545,10,10,0,0,0,154.5,163,96,624.8
DOPC_chole_mRNA,67,84,0067_R0084,0.238770727461262,0.238770727461262,3298,3298,20,20,0,0,0,164.9,186,473.5,629.5
DOPC_chole_mRNA,67,85,0067_R0085,0.3104019456996406,0.3104019456996406,4054.0000000000005,4054,26,26,0,0,0,155.92307692307693,166,667.5,630.1153846153846
DOPC_chole_mRNA,67,86,0067_R0086,3.354728720830731,3.354728720830731,65156,65156,281,281,0,0,0,231.87188612099644,614,223.09252669039145,635.829181494662
DOPC_chole_mRNA,67,87,0067_R0087,0.14326243647675718,0.14326243647675718,1884,1884,12,12,0,0,0,157,163,481.75,638.6666666666666
DOPC_chole_mRNA,67,88,0067_R0088,0.3462175548188299,0.3462175548188299,4412,4412,29,29,0,0,0,152.13793103448276,160,241.3448275862069,643.0689655172414
DOPC_chole_mRNA,67,89,0067_R0089,0.5491726731609026,0.5491726731609026,9206,9206,46,46,0,0,0,200.1304347826087,336,482.0652173913044,654.0652173913044
DOPC_chole_mRNA,67,90,0067_R0090,0.38203316393801917,0.38203316393801917,6240,6240,32,32,0,0,0,195,291,53.125,654.5
DOPC_chole_mRNA,67,91,0067_R0091,1.5042555830059505,1.5042555830059505,19647,19647,126,126,0,0,0,155.92857142857142,177,219.29365079365078,659.7698412698413
DOPC_chole_mRNA,67,92,0067_R0092,0.07163121823837859,0.07163121823837859,939,939,6,6,0,0,0,156.5,164,530,659.5
DOPC_chole_mRNA,67,93,0067_R0093,0.35815609119189296,0.35815609119189296,5195,5195,30,30,0,0,0,173.16666666666666,219,543.6666666666666,662.8
DOPC_chole_mRNA,67,94,0067_R0094,0.0596926818653155,0.0596926818653155,769,769,5,5,0,0,0,153.8,158,552.8,661.4
DOPC_chole_mRNA,67,95,0067_R0095,0.09550829098450479,0.09550829098450479,1254,1254,8,8,0,0,0,156.75,165,275,669.5
DOPC_chole_mRNA,67,96,0067_R0096,0.2029551183420727,0.2029551183420727,2585,2585,17,17,0,0,0,152.05882352941177,156,590.5294117647059,673.8235294117648
DOPC_chole_mRNA,67,97,0067_R0097,3.844208712126318,3.844208712126318,64168,64168,322,322,0,0,0,199.27950310559007,482,301.06832298136646,681.6459627329192
DOPC_chole_mRNA,67,98,0067_R0098,0.3462175548188299,0.3462175548188299,4812,4812,29,29,0,0,0,165.93103448275863,193,592.5172413793103,683.8965517241379
DOPC_chole_mRNA,67,99,0067_R0099,2.172813619897484,2.172813619897484,29256.999999999996,29257,182,182,0,0,0,160.75274725274724,178,558.4010989010989,693.9285714285714
DOPC_chole_mRNA,67,100,0067_R0100,0.023877072746126198,0.023877072746126198,305,305,2,2,0,0,0,152.5,156,227,688.5
DOPC_chole_mRNA,68,1,0068_R0001,0.1552009728498203,0.1552009728498203,2112,2112,13,13,0,0,0,162.46153846153845,181,529.6153846153846,10.384615384615385
DOPC_chole_mRNA,68,2,0068_R0002,0.14326243647675718,0.14326243647675718,1903,1903,12,12,0,0,0,158.58333333333334,169,525.5,46.5
DOPC_chole_mRNA,68,3,0068_R0003,1.181915100933247,1.181915100933247,15895.999999999998,15896,99,99,0,0,0,160.56565656565655,175,430.24242424242425,51.35353535353536
DOPC_chole_mRNA,68,4,0068_R0004,0.07163121823837859,0.07163121823837859,934,934,6,6,0,0,0,155.66666666666666,159,519.8333333333334,47.166666666666664
DOPC_chole_mRNA,68,5,0068_R0005,0.07163121823837859,0.07163121823837859,911,911,6,6,0,0,0,151.83333333333334,154,443.1666666666667,67.5
DOPC_chole_mRNA,68,6,0068_R0006,1.325177537410004,1.325177537410004,18557,18557,111,111,0,0,0,167.18018018018017,196,482.9009009009009,75.27027027027027
DOPC_chole_mRNA,68,7,0068_R0007,9.586644707569668,9.574706171196606,137599,137452,803,802,1,0,1,171.3865336658354,411,430.19700748129674,92.86907730673316
DOPC_chole_mRNA,68,8,0068_R0008,0.023877072746126198,0.023877072746126198,299,299,2,2,0,0,0,149.5,151,657,80.5
DOPC_chole_mRNA,68,9,0068_R0009,1.3132390010369408,1.3132390010369408,17206,17206,110,110,0,0,0,156.4181818181818,176,418.3545454545455,119.10909090909091
DOPC_chole_mRNA,68,10,0068_R0010,11.532626136378953,11.532626136378953,179596,179596,966,966,0,0,0,185.91718426501035,357,10.03623188405797,216.00828157349898
DOPC_chole_mRNA,68,11,0068_R0011,2.065366792539916,2.065366792539916,28353,28353,173,173,0,0,0,163.89017341040463,194,47.27745664739884,220.47398843930637
DOPC_chole_mRNA,68,12,0068_R0012,2.5787238565816293,2.5787238565816293,45021,45021,216,216,0,0,0,208.43055555555554,365,403.5509259259259,278.89351851851853
DOPC_chole_mRNA,68,13,0068_R0013,0.023877072746126198,0.023877072746126198,302,302,2,2,0,0,0,151,154,465.5,393
DOPC_chole_mRNA,68,14,0068_R0014,0.023877072746126198,0.023877072746126198,301,301,2,2,0,0,0,150.5,152,4,469.5
DOPC_chole_mRNA,68,15,0068_R0015,0.035815609119189296,0.035815609119189296,457,457,3,3,0,0,0,152.33333333333334,154,138.33333333333334,478.6666666666667
DOPC_chole_mRNA,68,16,0068_R0016,0.047754145492252396,0.047754145492252396,616,616,4,4,0,0,0,154,164,675.5,486.5
DOPC_chole_mRNA,68,17,0068_R0017,0.047754145492252396,0.047754145492252396,611,611,4,4,0,0,0,152.75,156,121,491.5
DOPC_chole_mRNA,68,18,0068_R0018,0.023877072746126198,0.023877072746126198,303,303,2,2,0,0,0,151.5,153,703,498.5
DOPC_chole_mRNA,68,19,0068_R0019,0.023877072746126198,0.023877072746126198,305,305,2,2,0,0,0,152.5,154,99,499.5
DOPC_chole_mRNA,68,20,0068_R0020,0.14326243647675718,0.14326243647675718,1841,1841,12,12,0,0,0,153.41666666666666,164,683.0833333333334,501.6666666666667
DOPC_chole_mRNA,68,21,0068_R0021,0.023877072746126198,0.023877072746126198,302,302,2,2,0,0,0,151,152,692.5,507
DOPC_chole_mRNA,68,22,0068_R0022,0.07163121823837859,0.07163121823837859,926,926,6,6,0,0,0,154.33333333333334,158,676.1666666666666,509.8333333333333
DOPC_chole_mRNA,68,23,0068_R0023,0.119385363730631,0.119385363730631,1521,1521,10,10,0,0,0,152.1,157,692.7,511.4
DOPC_chole_mRNA,68,24,0068_R0024,0.09550829098450479,0.09550829098450479,1206,1206,8,8,0,0,0,150.75,154,686.875,514.125
DOPC_chole_mRNA,68,25,0068_R0025,0.023877072746126198,0.023877072746126198,299,299,2,2,0,0,0,149.5,150,267,542.5
DOPC_chole_mRNA,68,26,0068_R0026,0.38203316393801917,0.38203316393801917,4906,4906,32,32,0,0,0,153.3125,165,261.21875,545.78125
DOPC_chole_mRNA,68,27,0068_R0027,0.2029551183420727,0.2029551183420727,2558,2558,17,17,0,0,0,150.47058823529412,155,380.70588235294116,544.5882352941177
DOPC_chole_mRNA,68,28,0068_R0028,0.0835697546114417,0.0835697546114417,1055,1055,7,7,0,0,0,150.71428571428572,154,248.57142857142858,554.4285714285714
DOPC_chole_mRNA,68,29,0068_R0029,0.17907804559594648,0.17907804559594648,2256,2256,15,15,0,0,0,150.4,157,257.53333333333336,563.7333333333333
DOPC_chole_mRNA,68,30,0068_R0030,0.0835697546114417,0.0835697546114417,1055,1055,7,7,0,0,0,150.71428571428572,152,416.2857142857143,573
DOPC_chole_mRNA,68,31,0068_R0031,0.17907804559594648,0.17907804559594648,2283,2283,15,15,0,0,0,152.2,159,253.86666666666667,583.6666666666666
DOPC_chole_mRNA,68,32,0068_R0032,0.09550829098450479,0.09550829098450479,1246,1246,8,8,0,0,0,155.75,163,658.125,589.125
DOPC_chole_mRNA,68,33,0068_R0033,0.035815609119189296,0.035815609119189296,456,456,3,3,0,0,0,152,154,424.6666666666667,589.3333333333334
DOPC_chole_mRNA,68,34,0068_R0034,0.07163121823837859,0.07163121823837859,909,909,6,6,0,0,0,151.5,154,11,591.5
DOPC_chole_mRNA,68,35,0068_R0035,0.39397170031108225,0.39397170031108225,5361,5361,33,33,0,0,0,162.45454545454547,191,258.3939393939394,594.1212121212121
DOPC_chole_mRNA,68,36,0068_R0036,0.19101658196900959,0.19101658196900959,2467,2467,16,16,0,0,0,154.1875,163,566,595.625
DOPC_chole_mRNA,68,37,0068_R0037,0.035815609119189296,0.035815609119189296,451,451,3,3,0,0,0,150.33333333333334,151,435.6666666666667,605.3333333333334
DOPC_chole_mRNA,68,38,0068_R0038,0.28652487295351436,0.28652487295351436,4000,4000,24,24,0,0,0,166.66666666666666,200,138.33333333333334,615.0416666666666
DOPC_chole_mRNA,68,39,0068_R0039,0.023877072746126198,0.023877072746126198,307,307,2,2,0,0,0,153.5,157,449,645.5
DOPC_chole_mRNA,68,40,0068_R0040,0.035815609119189296,0.035815609119189296,464,464,3,3,0,0,0,154.66666666666666,159,419.6666666666667,648.6666666666666
DOPC_chole_mRNA,68,41,0068_R0041,0.023877072746126198,0.023877072746126198,305,305,2,2,0,0,0,152.5,154,41.5,672
DOPC_chole_mRNA,68,42,0068_R0042,0.1313239001036941,0.1313239001036941,1680,1680,11,11,0,0,0,152.72727272727272,164,322.1818181818182,674.7272727272727
DOPC_chole_mRNA,69,1,0069_R0001,0.41784877305720847,0.41784877305720847,5408,5408,35,35,0,0,0,154.5142857142857,165,391.4,79.48571428571428
DOPC_chole_mRNA,69,2,0069_R0002,1.9579199651823482,1.9579199651823482,25638.000000000004,25638,164,164,0,0,0,156.32926829268294,179,420.9024390243902,91.26829268292683
DOPC_chole_mRNA,69,3,0069_R0003,1.1102838826948682,1.1102838826948682,14546.999999999998,14547,93,93,0,0,0,156.41935483870967,166,441.01075268817203,98.95698924731182
DOPC_chole_mRNA,69,4,0069_R0004,1.5042555830059505,1.5042555830059505,19606,19606,126,126,0,0,0,155.6031746031746,173,445.94444444444446,114.8015873015873
DOPC_chole_mRNA,69,5,0069_R0005,0.14326243647675718,0.14326243647675718,1910,1910,12,12,0,0,0,159.16666666666666,173,38.5,140.5
DOPC_chole_mRNA,69,6,0069_R0006,2.4712770292240616,2.4712770292240616,33318,33318,207,207,0,0,0,160.95652173913044,194,560.2415458937198,176.8502415458937
DOPC_chole_mRNA,69,7,0069_R0007,0.17907804559594648,0.17907804559594648,2461,2461,15,15,0,0,0,164.06666666666666,184,604.4666666666667,172.86666666666667
DOPC_chole_mRNA,69,8,0069_R0008,0.0596926818653155,0.0596926818653155,760,760,5,5,0,0,0,152,153,590.6,194.2
DOPC_chole_mRNA,69,9,0069_R0009,2.8294331204159544,2.8294331204159544,38502,38502,237,237,0,0,0,162.45569620253164,188,75.79324894514768,217.1350210970464
DOPC_chole_mRNA,69,10,0069_R0010,0.46560291854946084,0.46560291854946084,6209,6209,39,39,0,0,0,159.2051282051282,176,646.2307692307693,215.17948717948718
DOPC_chole_mRNA,69,11,0069_R0011,0.047754145492252396,0.047754145492252396,608,608,4,4,0,0,0,152,154,32.5,268.5
DOPC_chole_mRNA,69,12,0069_R0012,3.0562653115041534,3.0562653115041534,51564,51564,256,256,0,0,0,201.421875,302,19.625,293.56640625
DOPC_chole_mRNA,69,13,0069_R0013,0.0596926818653155,0.0596926818653155,804,804,5,5,0,0,0,160.8,171,702.8,286.4
DOPC_chole_mRNA,69,14,0069_R0014,0.14326243647675718,0.14326243647675718,1819,1819,12,12,0,0,0,151.58333333333334,159,34.916666666666664,321.6666666666667
DOPC_chole_mRNA,69,15,0069_R0015,0.119385363730631,0.119385363730631,1495,1495,10,10,0,0,0,149.5,157,39.7,328.3
DOPC_chole_mRNA,69,16,0069_R0016,0.17907804559594648,0.17907804559594648,2459,2459,15,15,0,0,0,163.93333333333334,180,665.6666666666666,333.46666666666664
DOPC_chole_mRNA,69,17,0069_R0017,0.5372341367878395,0.5372341367878395,6952,6952,45,45,0,0,0,154.48888888888888,163,102.68888888888888,339.1111111111111
DOPC_chole_mRNA,69,18,0069_R0018,2.566785320208566,2.566785320208566,35002,35002,215,215,0,0,0,162.8,188,52.82790697674419,347.0883720930233
DOPC_chole_mRNA,69,19,0069_R0019,0.047754145492252396,0.047754145492252396,605,605,4,4,0,0,0,151.25,155,68.75,359.75
DOPC_chole_mRNA,69,20,0069_R0020,0.6208038913992812,0.6208038913992812,10165,10165,52,52,0,0,0,195.48076923076923,319,318.4230769230769,378.5576923076923
DOPC_chole_mRNA,69,21,0069_R0021,0.047754145492252396,0.047754145492252396,603,603,4,4,0,0,0,150.75,154,409.5,399.5
DOPC_chole_mRNA,69,22,0069_R0022,0.6208038913992812,0.6208038913992812,8935,8935,52,52,0,0,0,171.82692307692307,222,89.46153846153847,436.1730769230769
DOPC_chole_mRNA,69,23,0069_R0023,5.993145259277676,5.993145259277676,83987,83987,502,502,0,0,0,167.30478087649402,208,463.67330677290835,448.35258964143424
DOPC_chole_mRNA,69,24,0069_R0024,7.055674996480292,7.031797923734166,103942.00000000001,103651,591,589,2,0,1,175.9779286926995,221,501.3157894736842,465.9728353140917
DOPC_chole_mRNA,69,25,0069_R0025,0.3104019456996406,0.3104019456996406,4198,4198,26,26,0,0,0,161.46153846153845,187,395,471.5
DOPC_chole_mRNA,69,26,0069_R0026,1.0505912008295528,1.0505912008295528,15277,15277,88,88,0,0,0,173.60227272727272,219,688.3295454545455,541.2159090909091
DOPC_chole_mRNA,69,27,0069_R0027,1.563948264871266,1.563948264871266,21125,21125,131,131,0,0,0,161.25954198473283,183,680.6717557251908,567.1374045801526
DOPC_chole_mRNA,69,28,0069_R0028,0.10744682735756789,0.10744682735756789,1369,1369,9,9,0,0,0,152.11111111111111,157,689.6666666666666,567.7777777777778
DOPC_chole_mRNA,69,29,0069_R0029,1.2654848555446885,1.2654848555446885,17716,17716,106,106,0,0,0,167.1320754716981,190,699.2264150943396,574.8679245283018
DOPC_chole_mRNA,69,30,0069_R0030,0.1552009728498203,0.1552009728498203,2010,2010,13,13,0,0,0,154.6153846153846,164,702.6153846153846,590.6923076923077
DOPC_chole_mRNA,70,1,0070_R0001,0.7401892551299122,0.7401892551299122,9754,9754,62,62,0,0,0,157.32258064516128,178,526.3387096774194,171.88709677419354
DOPC_chole_mRNA,70,2,0070_R0002,0.023877072746126198,0.023877072746126198,316,316,2,2,0,0,0,158,161,668.5,206
DOPC_chole_mRNA,70,3,0070_R0003,0.6566195005184704,0.6566195005184704,8500,8500,55,55,0,0,0,154.54545454545453,178,303.6363636363636,252.85454545454544
DOPC_chole_mRNA,70,4,0070_R0004,1.69527216497496,1.69527216497496,22286,22286,142,142,0,0,0,156.94366197183098,173,338.77464788732397,257.21830985915494
DOPC_chole_mRNA,70,5,0070_R0005,0.10744682735756789,0.10744682735756789,1391,1391,9,9,0,0,0,154.55555555555554,158,498,270
DOPC_chole_mRNA,70,6,0070_R0006,0.7879434006221645,0.7879434006221645,10704,10704,66,66,0,0,0,162.1818181818182,179,683.8484848484849,275.93939393939394
DOPC_chole_mRNA,70,7,0070_R0007,0.25070926383432507,0.25070926383432507,3208,3208,21,21,0,0,0,152.76190476190476,159,658,278.85714285714283
DOPC_chole_mRNA,70,8,0070_R0008,0.7879434006221645,0.7879434006221645,10259,10259,66,66,0,0,0,155.43939393939394,166,671.9090909090909,281.40909090909093
DOPC_chole_mRNA,70,9,0070_R0009,0.28652487295351436,0.28652487295351436,3727,3727,24,24,0,0,0,155.29166666666666,165,696.5833333333334,281.4583333333333
DOPC_chole_mRNA,70,10,0070_R0010,2.6981092203122605,2.6981092203122605,39060,39060,226,226,0,0,0,172.83185840707964,217,649.3805309734513,298.5221238938053
DOPC_chole_mRNA,70,11,0070_R0011,7.66454035150651,7.66454035150651,111286,111286,642,642,0,0,0,173.34267912772586,224,569.7990654205607,303.3644859813084
DOPC_chole_mRNA,70,12,0070_R0012,0.1313239001036941,0.1313239001036941,1669,1669,11,11,0,0,0,151.72727272727272,156,627.3636363636364,301.1818181818182
DOPC_chole_mRNA,70,13,0070_R0013,0.023877072746126198,0.023877072746126198,306,306,2,2,0,0,0,153,156,582,312.5
DOPC_chole_mRNA,70,14,0070_R0014,0.35815609119189296,0.35815609119189296,4641,4641,30,30,0,0,0,154.7,164,701.1,316.6
DOPC_chole_mRNA,70,15,0070_R0015,0.5252956004147764,0.5252956004147764,6968,6968,44,44,0,0,0,158.36363636363637,171,675.6136363636364,380.22727272727275
DOPC_chole_mRNA,70,16,0070_R0016,0.19101658196900959,0.19101658196900959,2489,2489,16,16,0,0,0,155.5625,167,689.1875,400.6875
DOPC_chole_mRNA,70,17,0070_R0017,1.9698585015554113,1.9698585015554113,49248.00000000001,49248,165,165,0,0,0,298.4727272727273,695,661.9333333333333,407.830303030303
DOPC_chole_mRNA,70,18,0070_R0018,0.023877072746126198,0.023877072746126198,306,306,2,2,0,0,0,153,154,119,403.5
DOPC_chole_mRNA,70,19,0070_R0019,0.023877072746126198,0.023877072746126198,305,305,2,2,0,0,0,152.5,155,320.5,453
DOPC_chole_mRNA,70,20,0070_R0020,1.587825337617392,1.587825337617392,29043,29043,133,133,0,0,0,218.3684210526316,380,555.9248120300751,482.9624060150376
DOPC_chole_mRNA,70,21,0070_R0021,1.19385363730631,1.19385363730631,16224,16224,100,100,0,0,0,162.24,189,592.3,500.91
DOPC_chole_mRNA,70,22,0070_R0022,0.023877072746126198,0.023877072746126198,307,307,2,2,0,0,0,153.5,155,67.5,527
DOPC_chole_mRNA,70,23,0070_R0023,0.1671395092228834,0.1671395092228834,2209,2209,14,14,0,0,0,157.78571428571428,174,405.2857142857143,585.5
DOPC_chole_mRNA,70,24,0070_R0024,0.1552009728498203,0.1552009728498203,1966,1966,13,13,0,0,0,151.23076923076923,157,362.0769230769231,588.6923076923077
DOPC_chole_mRNA,70,25,0070_R0025,3.987471148603075,3.987471148603075,58352.00000000001,58352,334,334,0,0,0,174.70658682634732,239,196.67365269461078,598.8413173652694
DOPC_chole_mRNA,70,26,0070_R0026,1.4206858283945087,1.4206858283945087,19174,19174,119,119,0,0,0,161.12605042016807,196,180.7983193277311,608.6050420168067
DOPC_chole_mRNA,70,27,0070_R0027,0.0596926818653155,0.0596926818653155,759,759,5,5,0,0,0,151.8,153,160.6,606.2
DOPC_chole_mRNA,70,28,0070_R0028,0.14326243647675718,0.14326243647675718,1912,1912,12,12,0,0,0,159.33333333333334,176,505.5,613
DOPC_chole_mRNA,70,29,0070_R0029,0.023877072746126198,0.023877072746126198,313,313,2,2,0,0,0,156.5,158,178.5,616
DOPC_chole_mRNA,70,30,0070_R0030,0.023877072746126198,0.023877072746126198,307,307,2,2,0,0,0,153.5,154,524,618.5
DOPC_chole_mRNA,70,31,0070_R0031,0.2745863365804513,0.2745863365804513,3966,3966,23,23,0,0,0,172.43478260869566,219,554.304347826087,621.2608695652174
DOPC_chole_mRNA,70,32,0070_R0032,0.2626478002073882,0.2626478002073882,3333,3333,22,22,0,0,0,151.5,162,166.77272727272728,629.6363636363636
DOPC_chole_mRNA,70,33,0070_R0033,0.7998819369952277,0.7879434006221645,10339,10194,67,66,1,0,1,154.45454545454547,167,132.5909090909091,632.3181818181819
DOPC_chole_mRNA,70,34,0070_R0034,2.3399531291203672,2.3399531291203672,31425.000000000004,31425,196,196,0,0,0,160.33163265306123,224,264.16326530612247,642.4438775510204
DOPC_chole_mRNA,70,35,0070_R0035,3.354728720830731,3.354728720830731,47315,47315,281,281,0,0,0,168.38078291814946,196,226.4270462633452,643.5800711743773
DOPC_chole_mRNA,70,36,0070_R0036,0.2745863365804513,0.2745863365804513,3614,3614,23,23,0,0,0,157.1304347826087,172,249.43478260869566,637.9130434782609
DOPC_chole_mRNA,70,37,0070_R0037,0.023877072746126198,0.023877072746126198,305,305,2,2,0,0,0,152.5,153,156.5,637
DOPC_chole_mRNA,70,38,0070_R0038,0.035815609119189296,0.035815609119189296,458,458,3,3,0,0,0,152.66666666666666,155,186.33333333333334,642.3333333333334
DOPC_chole_mRNA,70,39,0070_R0039,0.10744682735756789,0.10744682735756789,1419,1419,9,9,0,0,0,157.66666666666666,162,513.8888888888889,647.6666666666666
DOPC_chole_mRNA,70,40,0070_R0040,0.2984634093265775,0.2984634093265775,4296,4296,25,25,0,0,0,171.84,210,475.96,670.6
DOPC_chole_mRNA,70,41,0070_R0041,0.14326243647675718,0.14326243647675718,1969,1969,12,12,0,0,0,164.08333333333334,176,537.5,672.5
DOPC_chole_mRNA,70,42,0070_R0042,0.1313239001036941,0.1313239001036941,1739,1739,11,11,0,0,0,158.0909090909091,171,617.6363636363636,687.0909090909091
DOPC_chole_mRNA,70,43,0070_R0043,0.047754145492252396,0.047754145492252396,607,607,4,4,0,0,0,151.75,158,663.5,694.5
DOPC_chole_mRNA,71,1,0071_R0001,2.160875083524421,2.160875083524421,30826,30826,181,181,0,0,0,170.30939226519337,197,148.61878453038673,6.298342541436464
DOPC_chole_mRNA,71,2,0071_R0002,0.22683219108819888,0.22683219108819888,2983,2983,19,19,0,0,0,157,166,94.84210526315789,18.526315789473685
DOPC_chole_mRNA,71,3,0071_R0003,0.17907804559594648,0.17907804559594648,2308,2308,15,15,0,0,0,153.86666666666667,162,34.46666666666667,22.133333333333333
DOPC_chole_mRNA,71,4,0071_R0004,0.5014185276686501,0.5014185276686501,6564.999999999999,6565,42,42,0,0,0,156.3095238095238,170,136.3095238095238,24.595238095238095
DOPC_chole_mRNA,71,5,0071_R0005,0.35815609119189296,0.35815609119189296,5754,5754,30,30,0,0,0,191.8,274,144.96666666666667,23.4
DOPC_chole_mRNA,71,6,0071_R0006,0.023877072746126198,0.023877072746126198,309,309,2,2,0,0,0,154.5,156,59.5,35
DOPC_chole_mRNA,71,7,0071_R0007,0.21489365471513577,0.21489365471513577,2811,2811,18,18,0,0,0,156.16666666666666,166,128.94444444444446,36.77777777777778
DOPC_chole_mRNA,71,8,0071_R0008,0.596926818653155,0.596926818653155,7627,7627,50,50,0,0,0,152.54,160,63.58,48.12
DOPC_chole_mRNA,71,9,0071_R0009,0.4059102366841454,0.4059102366841454,5279,5279,34,34,0,0,0,155.26470588235293,169,113.52941176470588,46.26470588235294
DOPC_chole_mRNA,71,10,0071_R0010,0.09550829098450479,0.09550829098450479,1267,1267,8,8,0,0,0,158.375,166,143.125,52.875
DOPC_chole_mRNA,71,11,0071_R0011,0.8356975461144169,0.8356975461144169,11784,11784,70,70,0,0,0,168.34285714285716,202,115.61428571428571,59.8
DOPC_chole_mRNA,71,12,0071_R0012,0.0835697546114417,0.0835697546114417,1077,1077,7,7,0,0,0,153.85714285714286,159,329.2857142857143,68
DOPC_chole_mRNA,71,13,0071_R0013,0.5372341367878395,0.5372341367878395,7109.000000000001,7109,45,45,0,0,0,157.9777777777778,169,61.37777777777778,74.06666666666666
DOPC_chole_mRNA,71,14,0071_R0014,0.3342790184457668,0.3342790184457668,4331,4331,28,28,0,0,0,154.67857142857142,169,108.35714285714286,73.39285714285714
DOPC_chole_mRNA,71,15,0071_R0015,0.2626478002073882,0.2626478002073882,3570,3570,22,22,0,0,0,162.27272727272728,177,335.09090909090907,73.0909090909091
DOPC_chole_mRNA,71,16,0071_R0016,0.41784877305720847,0.41784877305720847,5419,5419,35,35,0,0,0,154.82857142857142,166,263.1714285714286,84.94285714285714
DOPC_chole_mRNA,71,17,0071_R0017,0.9192673007258586,0.9192673007258586,14141,14141,77,77,0,0,0,183.64935064935065,243,54,93.14285714285714
DOPC_chole_mRNA,71,18,0071_R0018,0.46560291854946084,0.46560291854946084,6496,6496,39,39,0,0,0,166.56410256410257,201,209.87179487179486,93.12820512820512
DOPC_chole_mRNA,71,19,0071_R0019,0.8237590097413539,0.8237590097413539,11244,11244,69,69,0,0,0,162.95652173913044,189,282.15942028985506,97.33333333333333
DOPC_chole_mRNA,71,20,0071_R0020,0.955082909845048,0.955082909845048,14460,14460,80,80,0,0,0,180.75,264,88.2125,96.975
DOPC_chole_mRNA,71,21,0071_R0021,0.1552009728498203,0.1552009728498203,2093,2093,13,13,0,0,0,161,172,144.23076923076923,94.38461538461539
DOPC_chole_mRNA,71,22,0071_R0022,0.14326243647675718,0.14326243647675718,1934,1934,12,12,0,0,0,161.16666666666666,178,365.5,96.5
DOPC_chole_mRNA,71,23,0071_R0023,0.14326243647675718,0.14326243647675718,1906,1906,12,12,0,0,0,158.83333333333334,172,241.5,99.5
DOPC_chole_mRNA,71,24,0071_R0024,0.07163121823837859,0.07163121823837859,935,935,6,6,0,0,0,155.83333333333334,165,57.833333333333336,100.83333333333333
DOPC_chole_mRNA,71,25,0071_R0025,0.1552009728498203,0.1552009728498203,2061,2061,13,13,0,0,0,158.53846153846155,171,264.9230769230769,103.38461538461539
DOPC_chole_mRNA,71,26,0071_R0026,0.2626478002073882,0.2626478002073882,3641.9999999999995,3642,22,22,0,0,0,165.54545454545453,184,189.0909090909091,104.9090909090909
DOPC_chole_mRNA,71,27,0071_R0027,0.09550829098450479,0.09550829098450479,1250,1250,8,8,0,0,0,156.25,169,210.125,106.875
DOPC_chole_mRNA,71,28,0071_R0028,1.7549648468402756,1.7549648468402756,24921,24921,147,147,0,0,0,169.53061224489795,202,275.82312925170066,112.94557823129252
DOPC_chole_mRNA,71,29,0071_R0029,0.21489365471513577,0.21489365471513577,2798,2798,18,18,0,0,0,155.44444444444446,165,103.83333333333333,112.72222222222223
DOPC_chole_mRNA,71,30,0071_R0030,0.32234048207270366,0.32234048207270366,4235,4235,27,27,0,0,0,156.85185185185185,166,58.7037037037037,115.96296296296296
DOPC_chole_mRNA,71,31,0071_R0031,0.2984634093265775,0.2984634093265775,3892,3892,25,25,0,0,0,155.68,167,216.4,122.28
DOPC_chole_mRNA,71,32,0071_R0032,1.2177307100524362,1.2177307100524362,17424,17424,102,102,0,0,0,170.8235294117647,271,225.83333333333334,130.61764705882354
DOPC_chole_mRNA,71,33,0071_R0033,0.2626478002073882,0.2626478002073882,3723,3723,22,22,0,0,0,169.22727272727272,205,238.13636363636363,129.45454545454547
DOPC_chole_mRNA,71,34,0071_R0034,1.0147755917103634,1.0147755917103634,13623,13623,85,85,0,0,0,160.27058823529413,179,272.05882352941177,132
DOPC_chole_mRNA,71,35,0071_R0035,0.10744682735756789,0.10744682735756789,1420,1420,9,9,0,0,0,157.77777777777777,169,251,133
DOPC_chole_mRNA,71,36,0071_R0036,3.0801423842502795,3.0801423842502795,42561,42561,258,258,0,0,0,164.96511627906978,251,341.9031007751938,143.3294573643411
DOPC_chole_mRNA,71,37,0071_R0037,0.45366438217639776,0.45366438217639776,6141,6141,38,38,0,0,0,161.60526315789474,181,42.76315789473684,139.57894736842104
DOPC_chole_mRNA,71,38,0071_R0038,0.41784877305720847,0.41784877305720847,5812,5812,35,35,0,0,0,166.05714285714285,188,101.14285714285714,139.22857142857143
DOPC_chole_mRNA,71,39,0071_R0039,0.047754145492252396,0.047754145492252396,612,612,4,4,0,0,0,153,156,393.5,137.5
DOPC_chole_mRNA,71,40,0071_R0040,0.047754145492252396,0.047754145492252396,621,621,4,4,0,0,0,155.25,159,507,142.25
DOPC_chole_mRNA,71,41,0071_R0041,6.184161841246685,6.184161841246685,81388,81388,518,518,0,0,0,157.1196911196911,172,394.35135135135135,156.62741312741312
DOPC_chole_mRNA,71,42,0071_R0042,0.2626478002073882,0.2626478002073882,3762,3762,22,22,0,0,0,171,197,367.3181818181818,150.63636363636363
DOPC_chole_mRNA,71,43,0071_R0043,3.2353433571001,3.2353433571001,45840,45840,271,271,0,0,0,169.15129151291512,206,433.93357933579335,162.81549815498155
DOPC_chole_mRNA,71,44,0071_R0044,0.1552009728498203,0.1552009728498203,1984.9999999999998,1985,13,13,0,0,0,152.69230769230768,156,48.69230769230769,159.76923076923077
DOPC_chole_mRNA,71,45,0071_R0045,0.09550829098450479,0.09550829098450479,1256,1256,8,8,0,0,0,157,166,189.125,171.125
DOPC_chole_mRNA,71,46,0071_R0046,0.25070926383432507,0.25070926383432507,3195,3195,21,21,0,0,0,152.14285714285714,157,413.3333333333333,172
DOPC_chole_mRNA,71,47,0071_R0047,0.023877072746126198,0.023877072746126198,306,306,2,2,0,0,0,153,153,403.5,174
DOPC_chole_mRNA,71,48,0071_R0048,4.154610657825958,4.154610657825958,60439,60439,348,348,0,0,0,173.67528735632183,265,473.6522988505747,185.8764367816092
DOPC_chole_mRNA,71,49,0071_R0049,0.023877072746126198,0.023877072746126198,308,308,2,2,0,0,0,154,157,191,178.5
DOPC_chole_mRNA,71,50,0071_R0050,0.0835697546114417,0.0835697546114417,1068,1068,7,7,0,0,0,152.57142857142858,156,408.7142857142857,178.42857142857142
DOPC_chole_mRNA,71,51,0071_R0051,0.1313239001036941,0.1313239001036941,1668,1668,11,11,0,0,0,151.63636363636363,160,403.27272727272725,180.63636363636363
DOPC_chole_mRNA,71,52,0071_R0052,1.814657528705591,1.814657528705591,25472,25472,152,152,0,0,0,167.57894736842104,212,500.4671052631579,185.14473684210526
DOPC_chole_mRNA,71,53,0071_R0053,0.9431443734719849,0.9431443734719849,13995,13995,79,79,0,0,0,177.15189873417722,225,101.46835443037975,184.39240506329114
DOPC_chole_mRNA,71,54,0071_R0054,0.38203316393801917,0.38203316393801917,5786,5786,32,32,0,0,0,180.8125,244,90.5,188.5
DOPC_chole_mRNA,71,55,0071_R0055,0.25070926383432507,0.25070926383432507,3460.9999999999995,3461,21,21,0,0,0,164.8095238095238,200,95.66666666666667,193.28571428571428
DOPC_chole_mRNA,71,56,0071_R0056,0.09550829098450479,0.09550829098450479,1263,1263,8,8,0,0,0,157.875,165,74,193.5
DOPC_chole_mRNA,71,57,0071_R0057,0.10744682735756789,0.10744682735756789,1379,1379,9,9,0,0,0,153.22222222222223,156,55.77777777777778,199.33333333333334
DOPC_chole_mRNA,71,58,0071_R0058,0.119385363730631,0.119385363730631,1518,1518,10,10,0,0,0,151.8,155,466.2,200.7
DOPC_chole_mRNA,71,59,0071_R0059,0.45366438217639776,0.45366438217639776,6612,6612,38,38,0,0,0,174,228,422.5,203
DOPC_chole_mRNA,71,60,0071_R0060,0.0596926818653155,0.0596926818653155,758,758,5,5,0,0,0,151.6,152,459.2,201.4
DOPC_chole_mRNA,71,61,0071_R0061,10.637235908399221,10.637235908399221,159164,159164,891,891,0,0,0,178.63524130190797,290,490.3726150392817,223.22783389450055
DOPC_chole_mRNA,71,62,0071_R0062,0.22683219108819888,0.22683219108819888,2927,2927,19,19,0,0,0,154.05263157894737,162,475.6842105263158,210.21052631578948
DOPC_chole_mRNA,71,63,0071_R0063,0.19101658196900959,0.19101658196900959,2684,2684,16,16,0,0,0,167.75,196,35.5,215
DOPC_chole_mRNA,71,64,0071_R0064,3.402482866322983,3.402482866322983,47243,47243,285,285,0,0,0,165.76491228070176,223,130.15087719298245,221.43859649122808
DOPC_chole_mRNA,71,65,0071_R0065,3.975532612230012,3.975532612230012,54626.00000000001,54626,333,333,0,0,0,164.04204204204206,189,416.04804804804803,222.9189189189189
DOPC_chole_mRNA,71,66,0071_R0066,0.2745863365804513,0.2626478002073882,3470,3323,23,22,1,0,1,151.04545454545453,157,516.3636363636364,217.27272727272728
DOPC_chole_mRNA,71,67,0071_R0067,0.0835697546114417,0.0835697546114417,1116,1116,7,7,0,0,0,159.42857142857142,166,29,216.71428571428572
DOPC_chole_mRNA,71,68,0071_R0068,0.238770727461262,0.238770727461262,3101,3101,20,20,0,0,0,155.05,163,641.5,221
DOPC_chole_mRNA,71,69,0071_R0069,0.45366438217639776,0.45366438217639776,7146,7146,38,38,0,0,0,188.05263157894737,284,667.7894736842105,221.8421052631579
DOPC_chole_mRNA,71,70,0071_R0070,0.1671395092228834,0.1671395092228834,2282,2282,14,14,0,0,0,163,179,58.285714285714285,222.5
DOPC_chole_mRNA,71,71,0071_R0071,0.25070926383432507,0.25070926383432507,3207,3207,21,21,0,0,0,152.71428571428572,162,516,222.95238095238096
DOPC_chole_mRNA,71,72,0071_R0072,0.22683219108819888,0.22683219108819888,2903,2903,19,19,0,0,0,152.78947368421052,161,616.2105263157895,229.26315789473685
DOPC_chole_mRNA,71,73,0071_R0073,0.17907804559594648,0.17907804559594648,2398,2398,15,15,0,0,0,159.86666666666667,173,530.8,233.13333333333333
DOPC_chole_mRNA,71,74,0071_R0074,1.5997638739904554,1.5997638739904554,20874,20874,134,134,0,0,0,155.77611940298507,169,264.86567164179104,250.11940298507463
DOPC_chole_mRNA,71,75,0071_R0075,0.477541454922524,0.477541454922524,6165,6165,40,40,0,0,0,154.125,168,426.525,254.25
DOPC_chole_mRNA,71,76,0071_R0076,0.023877072746126198,0.023877072746126198,302,302,2,2,0,0,0,151,152,410,268.5
DOPC_chole_mRNA,71,77,0071_R0077,3.020449702384964,3.020449702384964,40890,40890,253,253,0,0,0,161.62055335968378,202,152.61660079051384,284.1818181818182
DOPC_chole_mRNA,71,78,0071_R0078,1.6117024103635185,1.6117024103635185,21454,21454,135,135,0,0,0,158.9185185185185,175,394.76296296296294,283.0814814814815
DOPC_chole_mRNA,71,79,0071_R0079,1.5997638739904554,1.5997638739904554,21193,21193,134,134,0,0,0,158.15671641791045,179,564,288.3059701492537
DOPC_chole_mRNA,71,80,0071_R0080,0.023877072746126198,0.023877072746126198,302,302,2,2,0,0,0,151,151,440,288.5
DOPC_chole_mRNA,71,81,0071_R0081,9.610521780315795,9.610521780315795,144344,144344,805,805,0,0,0,179.30931677018634,354,187.87204968944098,309.7701863354037
DOPC_chole_mRNA,71,82,0071_R0082,5.957329650158487,5.957329650158487,81217,81217,499,499,0,0,0,162.75951903807615,216,371.0080160320641,310.22645290581164
DOPC_chole_mRNA,71,83,0071_R0083,1.1222224190679313,1.1222224190679313,14708.999999999998,14709,94,94,0,0,0,156.4787234042553,177,210.19148936170214,299.86170212765956
DOPC_chole_mRNA,71,84,0071_R0084,1.3729316829022564,1.3729316829022564,17649,17649,115,115,0,0,0,153.4695652173913,165,350.09565217391304,306.11304347826086
DOPC_chole_mRNA,71,85,0071_R0085,4.823168694717492,4.823168694717492,70080,70080,404,404,0,0,0,173.46534653465346,231,59.12871287128713,313.3069306930693
DOPC_chole_mRNA,71,86,0071_R0086,0.6446809641454073,0.6446809641454073,8412,8412,54,54,0,0,0,155.77777777777777,166,398.6296296296296,322.35185185185185
DOPC_chole_mRNA,71,87,0071_R0087,1.6236409467365815,1.6236409467365815,21474,21474,136,136,0,0,0,157.89705882352942,173,389.75735294117646,340.4485294117647
DOPC_chole_mRNA,71,88,0071_R0088,0.07163121823837859,0.07163121823837859,906,906,6,6,0,0,0,151,153,213.5,343
DOPC_chole_mRNA,71,89,0071_R0089,0.0835697546114417,0.0835697546114417,1062,1062,7,7,0,0,0,151.71428571428572,154,411.42857142857144,355.14285714285717
DOPC_chole_mRNA,71,90,0071_R0090,0.023877072746126198,0.023877072746126198,302,302,2,2,0,0,0,151,151,414,357.5
DOPC_chole_mRNA,71,91,0071_R0091,0.0596926818653155,0.0596926818653155,758,758,5,5,0,0,0,151.6,160,257.8,369.6
DOPC_chole_mRNA,71,92,0071_R0092,4.08297943958758,4.08297943958758,70618,70618,342,342,0,0,0,206.48538011695908,354,209.76023391812865,392.50584795321635
DOPC_chole_mRNA,71,93,0071_R0093,2.2683219108819888,2.2683219108819888,32105.000000000004,32105,190,190,0,0,0,168.97368421052633,218,376.3421052631579,389.0315789473684
DOPC_chole_mRNA,71,94,0071_R0094,0.1671395092228834,0.1671395092228834,2162,2162,14,14,0,0,0,154.42857142857142,162,604.5,383.7142857142857
DOPC_chole_mRNA,71,95,0071_R0095,1.4923170466328874,1.4923170466328874,19944,19944,125,125,0,0,0,159.552,202,613.264,395.336
DOPC_chole_mRNA,71,96,0071_R0096,0.5730497459070287,0.5730497459070287,7317,7317,48,48,0,0,0,152.4375,161,42.6875,395.2916666666667
DOPC_chole_mRNA,71,97,0071_R0097,1.5281326557520767,1.5281326557520767,21029,21029,128,128,0,0,0,164.2890625,187,332.859375,398.1796875
DOPC_chole_mRNA,71,98,0071_R0098,9.28818129824309,9.28818129824309,166223,166223,778,778,0,0,0,213.6542416452442,393,187.02956298200513,436.24164524421593
DOPC_chole_mRNA,71,99,0071_R0099,0.1671395092228834,0.1671395092228834,2173,2173,14,14,0,0,0,155.21428571428572,161,5.214285714285714,436.5
DOPC_chole_mRNA,71,100,0071_R0100,0.9073287643527955,0.8595746188605431,11618,11032,76,72,4,0,1,153.22222222222223,165,88.41666666666667,439.7361111111111
DOPC_chole_mRNA,71,101,0071_R0101,0.32234048207270366,0.32234048207270366,4369,4369,27,27,0,0,0,161.8148148148148,183,405.4074074074074,446.962962962963
DOPC_chole_mRNA,71,102,0071_R0102,0.25070926383432507,0.25070926383432507,3261,3261,21,21,0,0,0,155.28571428571428,169,413.04761904761904,450.1904761904762
DOPC_chole_mRNA,71,103,0071_R0103,0.25070926383432507,0.25070926383432507,3208.9999999999995,3209,21,21,0,0,0,152.8095238095238,158,23.19047619047619,454.5238095238095
DOPC_chole_mRNA,71,104,0071_R0104,0.10744682735756789,0.10744682735756789,1375,1375,9,9,0,0,0,152.77777777777777,159,689.3333333333334,453.6666666666667
DOPC_chole_mRNA,71,105,0071_R0105,0.3700946275649561,0.3700946275649561,4789,4789,31,31,0,0,0,154.48387096774192,166,416.93548387096774,458.4193548387097
DOPC_chole_mRNA,71,106,0071_R0106,0.023877072746126198,0.023877072746126198,303,303,2,2,0,0,0,151.5,153,54,461.5
DOPC_chole_mRNA,71,107,0071_R0107,1.5281326557520767,1.5281326557520767,22326,22326,128,128,0,0,0,174.421875,214,699.2265625,472.6640625
DOPC_chole_mRNA,71,108,0071_R0108,0.8834516916066694,0.8834516916066694,13505,13505,74,74,0,0,0,182.5,241,687,497.7972972972973
DOPC_chole_mRNA,71,109,0071_R0109,0.10744682735756789,0.10744682735756789,1382,1382,9,9,0,0,0,153.55555555555554,165,420.55555555555554,543.3333333333334
DOPC_chole_mRNA,71,110,0071_R0110,0.46560291854946084,0.46560291854946084,6173,6173,39,39,0,0,0,158.28205128205127,179,414.2564102564103,550.6666666666666
DOPC_chole_mRNA,71,111,0071_R0111,0.1552009728498203,0.1552009728498203,2018,2018,13,13,0,0,0,155.23076923076923,167,407.84615384615387,590.5384615384615
DOPC_chole_mRNA,71,112,0071_R0112,0.3462175548188299,0.3462175548188299,4591,4591,29,29,0,0,0,158.31034482758622,168,345.41379310344826,604.1034482758621
DOPC_chole_mRNA,71,113,0071_R0113,0.09550829098450479,0.09550829098450479,1219,1219,8,8,0,0,0,152.375,156,670.75,651.5
DOPC_chole_mRNA,71,114,0071_R0114,0.45366438217639776,0.45366438217639776,6996,6996,38,38,0,0,0,184.10526315789474,274,310.3421052631579,692.5526315789474
DOPC_chole_mRNA,72,1,0072_R0001,0.035815609119189296,0.035815609119189296,481,481,3,3,0,0,0,160.33333333333334,163,371,82
DOPC_chole_mRNA,72,2,0072_R0002,0.035815609119189296,0.035815609119189296,482,482,3,3,0,0,0,160.66666666666666,165,375,82
DOPC_chole_mRNA,72,3,0072_R0003,0.10744682735756789,0.10744682735756789,1437,1437,9,9,0,0,0,159.66666666666666,162,370.8888888888889,86.11111111111111
DOPC_chole_mRNA,72,4,0072_R0004,1.9698585015554113,1.9698585015554113,30975.999999999996,30976,165,165,0,0,0,187.73333333333332,241,451.0181818181818,110.92121212121212
DOPC_chole_mRNA,72,5,0072_R0005,16.582627022184646,16.534872876692393,292688,292074,1389,1385,4,0,1,210.8837545126354,452,462.28664259927797,157.71263537906137
DOPC_chole_mRNA,72,6,0072_R0006,2.650355074820008,2.650355074820008,39135,39135,222,222,0,0,0,176.28378378378378,210,346.4054054054054,139.0855855855856
DOPC_chole_mRNA,72,7,0072_R0007,0.32234048207270366,0.32234048207270366,4775,4775,27,27,0,0,0,176.85185185185185,206,132.59259259259258,148.07407407407408
DOPC_chole_mRNA,72,8,0072_R0008,8.404729606636423,8.404729606636423,203493,203493,704,704,0,0,0,289.0525568181818,1170,421.39204545454544,170.1036931818182
DOPC_chole_mRNA,72,9,0072_R0009,0.7879434006221645,0.7879434006221645,10950,10950,66,66,0,0,0,165.9090909090909,180,318.40909090909093,161.96969696969697
DOPC_chole_mRNA,72,10,0072_R0010,0.047754145492252396,0.047754145492252396,638,638,4,4,0,0,0,159.5,163,428,159.25
DOPC_chole_mRNA,72,11,0072_R0011,0.035815609119189296,0.035815609119189296,491,491,3,3,0,0,0,163.66666666666666,167,161.33333333333334,195.33333333333334
DOPC_chole_mRNA,72,12,0072_R0012,1.9817970379284744,1.9817970379284744,28028.999999999996,28029,166,166,0,0,0,168.84939759036143,192,216.7710843373494,212.67469879518072
DOPC_chole_mRNA,72,13,0072_R0013,0.17907804559594648,0.17907804559594648,2530,2530,15,15,0,0,0,168.66666666666666,186,550.4,232.4
DOPC_chole_mRNA,72,14,0072_R0014,0.5611112095339656,0.5611112095339656,9133,9133,47,47,0,0,0,194.31914893617022,274,189.89361702127658,236.2340425531915
DOPC_chole_mRNA,72,15,0072_R0015,0.25070926383432507,0.25070926383432507,3519.0000000000005,3519,21,21,0,0,0,167.57142857142858,186,516.4761904761905,237.61904761904762
DOPC_chole_mRNA,72,16,0072_R0016,0.46560291854946084,0.46560291854946084,6382,6382,39,39,0,0,0,163.64102564102564,177,358.05128205128204,246.92307692307693
DOPC_chole_mRNA,72,17,0072_R0017,0.596926818653155,0.596926818653155,8712,8712,50,50,0,0,0,174.24,221,470.82,252.48
DOPC_chole_mRNA,72,18,0072_R0018,0.3342790184457668,0.3342790184457668,4963,4963,28,28,0,0,0,177.25,225,487.67857142857144,257.32142857142856
DOPC_chole_mRNA,72,19,0072_R0019,0.023877072746126198,0.023877072746126198,327,327,2,2,0,0,0,163.5,164,589,259.5
DOPC_chole_mRNA,72,20,0072_R0020,0.5849882822800918,0.5849882822800918,8140,8140,49,49,0,0,0,166.12244897959184,192,489.0408163265306,270.83673469387753
DOPC_chole_mRNA,72,21,0072_R0021,0.035815609119189296,0.035815609119189296,489,489,3,3,0,0,0,163,165,541,273
DOPC_chole_mRNA,72,22,0072_R0022,0.22683219108819888,0.22683219108819888,3090,3090,19,19,0,0,0,162.6315789473684,175,548.2105263157895,275.36842105263156
DOPC_chole_mRNA,72,23,0072_R0023,0.9312058370989217,0.9312058370989217,13113,13113,78,78,0,0,0,168.1153846153846,197,517.8461538461538,280.0128205128205
DOPC_chole_mRNA,72,24,0072_R0024,0.1313239001036941,0.1313239001036941,1787.0000000000002,1787,11,11,0,0,0,162.45454545454547,174,480.45454545454544,280.3636363636364
DOPC_chole_mRNA,72,25,0072_R0025,0.0835697546114417,0.0835697546114417,1121,1121,7,7,0,0,0,160.14285714285714,166,560.5714285714286,281.2857142857143
DOPC_chole_mRNA,72,26,0072_R0026,0.09550829098450479,0.09550829098450479,1286,1286,8,8,0,0,0,160.75,169,470.875,281.875
DOPC_chole_mRNA,72,27,0072_R0027,105.58441568337005,105.54860007425086,2962898,2962433,8844,8841,3,0,1,335.0789503449836,2776,593.1555253930551,359.8344078724126
DOPC_chole_mRNA,72,28,0072_R0028,0.22683219108819888,0.22683219108819888,3076,3076,19,19,0,0,0,161.89473684210526,171,564.9473684210526,288.89473684210526
DOPC_chole_mRNA,72,29,0072_R0029,0.047754145492252396,0.047754145492252396,640,640,4,4,0,0,0,160,161,479.5,292
DOPC_chole_mRNA,72,30,0072_R0030,1.3371160737830672,1.3371160737830672,22395,22395,112,112,0,0,0,199.95535714285714,351,564.1160714285714,309.6875
DOPC_chole_mRNA,72,31,0072_R0031,0.023877072746126198,0.023877072746126198,325,325,2,2,0,0,0,162.5,163,659.5,314
DOPC_chole_mRNA,72,32,0072_R0032,0.023877072746126198,0.023877072746126198,320,320,2,2,0,0,0,160,161,564.5,322
DOPC_chole_mRNA,72,33,0072_R0033,1.0267141280834264,1.0267141280834264,15634.999999999998,15635,86,86,0,0,0,181.80232558139534,222,262,382.56976744186045
DOPC_chole_mRNA,72,34,0072_R0034,0.7640663278760383,0.7640663278760383,10886,10886,64,64,0,0,0,170.09375,194,689.359375,423.203125
DOPC_chole_mRNA,72,35,0072_R0035,0.023877072746126198,0.023877072746126198,325,325,2,2,0,0,0,162.5,164,666,424.5
DOPC_chole_mRNA,72,36,0072_R0036,6.315485741350379,6.303547204977316,90883,90732,529,528,1,0,1,171.8409090909091,214,655.3181818181819,443.72159090909093
DOPC_chole_mRNA,72,37,0072_R0037,2.566785320208566,2.566785320208566,45800,45800,215,215,0,0,0,213.02325581395348,367,545.0232558139535,450.0232558139535
DOPC_chole_mRNA,72,38,0072_R0038,0.46560291854946084,0.46560291854946084,6407,6407,39,39,0,0,0,164.28205128205127,181,262.0769230769231,440.97435897435895
DOPC_chole_mRNA,72,39,0072_R0039,1.7191492377210862,1.7191492377210862,24092,24092,144,144,0,0,0,167.30555555555554,190,189.69444444444446,447.00694444444446
DOPC_chole_mRNA,72,40,0072_R0040,0.035815609119189296,0.035815609119189296,484,484,3,3,0,0,0,161.33333333333334,163,200.33333333333334,456
DOPC_chole_mRNA,72,41,0072_R0041,0.17907804559594648,0.17907804559594648,2436,2436,15,15,0,0,0,162.4,167,198.46666666666667,468.3333333333333
DOPC_chole_mRNA,72,42,0072_R0042,0.0596926818653155,0.0596926818653155,799,799,5,5,0,0,0,159.8,162,588.8,470.6
DOPC_chole_mRNA,72,43,0072_R0043,0.023877072746126198,0.023877072746126198,319,319,2,2,0,0,0,159.5,160,591.5,473
DOPC_chole_mRNA,72,44,0072_R0044,0.6446809641454073,0.6446809641454073,11057,11057,54,54,0,0,0,204.75925925925927,338,641.7962962962963,500.25925925925924
DOPC_chole_mRNA,72,45,0072_R0045,0.035815609119189296,0.035815609119189296,481,481,3,3,0,0,0,160.33333333333334,162,565.6666666666666,503.6666666666667
DOPC_chole_mRNA,72,46,0072_R0046,0.10744682735756789,0.10744682735756789,1479,1479,9,9,0,0,0,164.33333333333334,179,333,507
DOPC_chole_mRNA,72,47,0072_R0047,0.035815609119189296,0.035815609119189296,479,479,3,3,0,0,0,159.66666666666666,160,566.6666666666666,508.6666666666667
DOPC_chole_mRNA,72,48,0072_R0048,0.023877072746126198,0.023877072746126198,325,325,2,2,0,0,0,162.5,165,314.5,510
DOPC_chole_mRNA,72,49,0072_R0049,0.0596926818653155,0.0596926818653155,852,852,5,5,0,0,0,170.4,179,703,516
DOPC_chole_mRNA,72,50,0072_R0050,0.10744682735756789,0.10744682735756789,1443,1443,9,9,0,0,0,160.33333333333334,169,593.8888888888889,522.5555555555555
DOPC_chole_mRNA,72,51,0072_R0051,1.4206858283945087,1.4206858283945087,21235,21235,119,119,0,0,0,178.4453781512605,243,691.1260504201681,541.9243697478992
DOPC_chole_mRNA,72,52,0072_R0052,0.4059102366841454,0.4059102366841454,5457,5457,34,34,0,0,0,160.5,166,339.02941176470586,542.7647058823529
DOPC_chole_mRNA,72,53,0072_R0053,0.3104019456996406,0.3104019456996406,4236,4236,26,26,0,0,0,162.92307692307693,170,326.4230769230769,544.1538461538462
DOPC_chole_mRNA,72,54,0072_R0054,0.3700946275649561,0.3700946275649561,5358,5358,31,31,0,0,0,172.83870967741936,204,363.64516129032256,553.8709677419355
DOPC_chole_mRNA,72,55,0072_R0055,0.5730497459070287,0.5730497459070287,7783,7783,48,48,0,0,0,162.14583333333334,175,366.9791666666667,569.5208333333334
DOPC_chole_mRNA,72,56,0072_R0056,0.17907804559594648,0.17907804559594648,2580,2580,15,15,0,0,0,172,190,683.5333333333333,569.6666666666666
DOPC_chole_mRNA,72,57,0072_R0057,0.17907804559594648,0.17907804559594648,2454,2454,15,15,0,0,0,163.6,174,352.53333333333336,570.8666666666667
DOPC_chole_mRNA,72,58,0072_R0058,0.2029551183420727,0.2029551183420727,3040,3040,17,17,0,0,0,178.8235294117647,217,470.47058823529414,606.6470588235294
DOPC_chole_mRNA,72,59,0072_R0059,0.21489365471513577,0.21489365471513577,3228,3228,18,18,0,0,0,179.33333333333334,213,458.5,611
DOPC_chole_mRNA,72,60,0072_R0060,0.2029551183420727,0.2029551183420727,2859,2859,17,17,0,0,0,168.1764705882353,190,702.1764705882352,633.2941176470588
DOPC_chole_mRNA,72,61,0072_R0061,0.0835697546114417,0.0835697546114417,1141,1141,7,7,0,0,0,163,171,508.2857142857143,635
DOPC_chole_mRNA,72,62,0072_R0062,0.1313239001036941,0.1313239001036941,1917,1917,11,11,0,0,0,174.27272727272728,189,454.8181818181818,639.1818181818181
DOPC_chole_mRNA,73,1,0073_R0001,0.1313239001036941,0.1313239001036941,1685,1685,11,11,0,0,0,153.1818181818182,158,516.7272727272727,11.181818181818182
DOPC_chole_mRNA,73,2,0073_R0002,0.7401892551299122,0.7401892551299122,9707,9707,62,62,0,0,0,156.56451612903226,167,528.016129032258,18.483870967741936
DOPC_chole_mRNA,73,3,0073_R0003,0.047754145492252396,0.047754145492252396,604,604,4,4,0,0,0,151,152,515.5,15
DOPC_chole_mRNA,73,4,0073_R0004,0.035815609119189296,0.035815609119189296,452,452,3,3,0,0,0,150.66666666666666,152,514,17
DOPC_chole_mRNA,73,5,0073_R0005,1.2893619282908146,1.2893619282908146,18361,18361,108,108,0,0,0,170.00925925925927,205,495.99074074074076,24.36111111111111
DOPC_chole_mRNA,73,6,0073_R0006,0.22683219108819888,0.22683219108819888,2897.0000000000005,2897,19,19,0,0,0,152.47368421052633,160,322.7894736842105,26.57894736842105
DOPC_chole_mRNA,73,7,0073_R0007,0.10744682735756789,0.10744682735756789,1396,1396,9,9,0,0,0,155.11111111111111,165,522,26
DOPC_chole_mRNA,73,8,0073_R0008,0.119385363730631,0.119385363730631,1592,1592,10,10,0,0,0,159.2,174,375.7,29.3
DOPC_chole_mRNA,73,9,0073_R0009,0.6088653550262181,0.6088653550262181,8098,8098,51,51,0,0,0,158.7843137254902,174,398,33.627450980392155
DOPC_chole_mRNA,73,10,0073_R0010,1.0147755917103634,1.0147755917103634,13937,13937,85,85,0,0,0,163.96470588235294,191,565.4941176470588,39.68235294117647
DOPC_chole_mRNA,73,11,0073_R0011,0.21489365471513577,0.21489365471513577,2745,2745,18,18,0,0,0,152.5,162,401.1111111111111,42.27777777777778
DOPC_chole_mRNA,73,12,0073_R0012,0.0596926818653155,0.0596926818653155,753,753,5,5,0,0,0,150.6,153,332.2,49.6
DOPC_chole_mRNA,73,13,0073_R0013,0.07163121823837859,0.07163121823837859,911,911,6,6,0,0,0,151.83333333333334,154,423,51.166666666666664
DOPC_chole_mRNA,73,14,0073_R0014,0.035815609119189296,0.035815609119189296,458,458,3,3,0,0,0,152.66666666666666,155,478.3333333333333,51.333333333333336
DOPC_chole_mRNA,73,15,0073_R0015,0.1671395092228834,0.1671395092228834,2254,2254,14,14,0,0,0,161,178,665.5,89.28571428571429
DOPC_chole_mRNA,73,16,0073_R0016,0.28652487295351436,0.28652487295351436,3726,3726,24,24,0,0,0,155.25,165,563.625,92.54166666666667
DOPC_chole_mRNA,73,17,0073_R0017,2.38770727461262,2.38770727461262,34016,34016,200,200,0,0,0,170.08,197,167.56,117.18
DOPC_chole_mRNA,73,18,0073_R0018,1.181915100933247,1.181915100933247,17302,17302,99,99,0,0,0,174.76767676767676,221,149.24242424242425,131.06060606060606
DOPC_chole_mRNA,73,19,0073_R0019,2.7339248294314498,2.7339248294314498,38702,38702,229,229,0,0,0,169.00436681222706,199,688.1965065502184,179.8646288209607
DOPC_chole_mRNA,73,20,0073_R0020,0.023877072746126198,0.023877072746126198,304,304,2,2,0,0,0,152,154,9,177.5
DOPC_chole_mRNA,73,21,0073_R0021,0.035815609119189296,0.035815609119189296,452,452,3,3,0,0,0,150.66666666666666,151,12.333333333333334,178.66666666666666
DOPC_chole_mRNA,73,22,0073_R0022,0.119385363730631,0.10744682735756789,1510,1364,10,9,1,0,1,151.55555555555554,159,76.77777777777777,214.11111111111111
DOPC_chole_mRNA,73,23,0073_R0023,0.035815609119189296,0.035815609119189296,452,452,3,3,0,0,0,150.66666666666666,152,72.66666666666667,215.66666666666666
DOPC_chole_mRNA,73,24,0073_R0024,1.3013004646638777,1.3013004646638777,18782,18782,109,109,0,0,0,172.3119266055046,231,360.0183486238532,227.1834862385321
DOPC_chole_mRNA,73,25,0073_R0025,0.38203316393801917,0.38203316393801917,4961,4961,32,32,0,0,0,155.03125,164,341.9375,231.46875
DOPC_chole_mRNA,73,26,0073_R0026,5.157447713163259,5.1455091767901955,70297,70148,432,431,1,0,1,162.75638051044083,190,258.6890951276102,252.5243619489559
DOPC_chole_mRNA,73,27,0073_R0027,0.22683219108819888,0.22683219108819888,2948,2948,19,19,0,0,0,155.1578947368421,167,330,242.6315789473684
DOPC_chole_mRNA,73,28,0073_R0028,1.074468273575679,1.074468273575679,14774,14774,90,90,0,0,0,164.15555555555557,186,277.8666666666667,258.31111111111113
DOPC_chole_mRNA,73,29,0073_R0029,1.9459814288092852,1.9459814288092852,29138,29138,163,163,0,0,0,178.76073619631902,223,355.62576687116564,261.82208588957053
DOPC_chole_mRNA,73,30,0073_R0030,0.10744682735756789,0.10744682735756789,1405,1405,9,9,0,0,0,156.11111111111111,167,338.8888888888889,262.6666666666667
DOPC_chole_mRNA,73,31,0073_R0031,0.22683219108819888,0.22683219108819888,2897.0000000000005,2897,19,19,0,0,0,152.47368421052633,161,268.5263157894737,295.63157894736844
DOPC_chole_mRNA,73,32,0073_R0032,1.4803785102598244,1.4803785102598244,21034,21034,124,124,0,0,0,169.6290322580645,211,283.76612903225805,313.7096774193548
DOPC_chole_mRNA,73,33,0073_R0033,0.596926818653155,0.596926818653155,7967,7967,50,50,0,0,0,159.34,175,295,319.48
DOPC_chole_mRNA,73,34,0073_R0034,7.425769624045247,7.401892551299121,126411.99999999999,126118,622,620,2,0,1,203.41612903225806,606,44.561290322580646,360
DOPC_chole_mRNA,73,35,0073_R0035,0.1313239001036941,0.1313239001036941,1669,1669,11,11,0,0,0,151.72727272727272,155,65.45454545454545,350.8181818181818
DOPC_chole_mRNA,73,36,0073_R0036,0.023877072746126198,0.023877072746126198,310,310,2,2,0,0,0,155,157,60.5,353
DOPC_chole_mRNA,73,37,0073_R0037,0.3700946275649561,0.3700946275649561,5277,5277,31,31,0,0,0,170.2258064516129,204,188.70967741935485,377.38709677419354
DOPC_chole_mRNA,73,38,0073_R0038,0.5491726731609026,0.5491726731609026,7151,7151,46,46,0,0,0,155.45652173913044,165,155.82608695652175,438.4347826086956
DOPC_chole_mRNA,73,39,0073_R0039,0.0835697546114417,0.0835697546114417,1068,1068,7,7,0,0,0,152.57142857142858,155,153.71428571428572,448.7142857142857
DOPC_chole_mRNA,73,40,0073_R0040,1.205792173679373,1.205792173679373,15820.999999999998,15821,101,101,0,0,0,156.64356435643563,171,367.8514851485148,459.33663366336634
DOPC_chole_mRNA,73,41,0073_R0041,0.047754145492252396,0.047754145492252396,610,610,4,4,0,0,0,152.5,155,59.5,458.5
DOPC_chole_mRNA,73,42,0073_R0042,0.21489365471513577,0.21489365471513577,2832,2832,18,18,0,0,0,157.33333333333334,167,455.8888888888889,473.8888888888889
DOPC_chole_mRNA,73,43,0073_R0043,0.6208038913992812,0.6208038913992812,8167.000000000001,8167,52,52,0,0,0,157.05769230769232,178,230.96153846153845,476.8269230769231
DOPC_chole_mRNA,73,44,0073_R0044,0.09550829098450479,0.09550829098450479,1237,1237,8,8,0,0,0,154.625,161,453.875,486.875
DOPC_chole_mRNA,73,45,0073_R0045,1.1222224190679313,1.1222224190679313,14672,14672,94,94,0,0,0,156.08510638297872,178,254.03191489361703,496.1595744680851
DOPC_chole_mRNA,73,46,0073_R0046,0.39397170031108225,0.39397170031108225,5133,5133,33,33,0,0,0,155.54545454545453,169,443.42424242424244,505.24242424242425
DOPC_chole_mRNA,73,47,0073_R0047,0.035815609119189296,0.035815609119189296,459,459,3,3,0,0,0,153,160,644.6666666666666,503.3333333333333
DOPC_chole_mRNA,73,48,0073_R0048,0.047754145492252396,0.047754145492252396,621,621,4,4,0,0,0,155.25,161,337.5,515.5
DOPC_chole_mRNA,73,49,0073_R0049,0.22683219108819888,0.22683219108819888,2944,2944,19,19,0,0,0,154.94736842105263,162,393.63157894736844,522.7368421052631
DOPC_chole_mRNA,73,50,0073_R0050,0.8595746188605431,0.8595746188605431,11712,11712,72,72,0,0,0,162.66666666666666,192,147.18055555555554,566.875
DOPC_chole_mRNA,73,51,0073_R0051,0.39397170031108225,0.39397170031108225,5048,5048,33,33,0,0,0,152.96969696969697,160,492.57575757575756,570.9090909090909
DOPC_chole_mRNA,73,52,0073_R0052,0.7043736460107228,0.7043736460107228,9339,9339,59,59,0,0,0,158.28813559322035,174,216.64406779661016,575.3728813559322
DOPC_chole_mRNA,73,53,0073_R0053,0.3104019456996406,0.3104019456996406,3943.9999999999995,3944,26,26,0,0,0,151.69230769230768,158,519.9615384615385,617.1153846153846
DOPC_chole_mRNA,73,54,0073_R0054,1.086406809948742,1.086406809948742,14277,14277,91,91,0,0,0,156.8901098901099,174,146.0989010989011,671.8461538461538
DOPC_chole_mRNA,73,55,0073_R0055,0.0596926818653155,0.0596926818653155,777,777,5,5,0,0,0,155.4,161,667.2,693.6
DOPC_chole_mRNA,74,1,0074_R0001,0.2984634093265775,0.2984634093265775,3967,3967,25,25,0,0,0,158.68,164,599,35.12
DOPC_chole_mRNA,74,2,0074_R0002,0.4417258458033347,0.4417258458033347,6137,6137,37,37,0,0,0,165.86486486486487,183,574.6486486486486,148.43243243243242
DOPC_chole_mRNA,74,3,0074_R0003,0.1552009728498203,0.1552009728498203,2103,2103,13,13,0,0,0,161.76923076923077,166,559.3846153846154,153.6153846153846
DOPC_chole_mRNA,74,4,0074_R0004,0.035815609119189296,0.035815609119189296,481,481,3,3,0,0,0,160.33333333333334,165,23.666666666666668,197.33333333333334
DOPC_chole_mRNA,74,5,0074_R0005,0.047754145492252396,0.047754145492252396,642,642,4,4,0,0,0,160.5,163,85.5,206.25
DOPC_chole_mRNA,74,6,0074_R0006,0.4059102366841454,0.4059102366841454,5544,5544,34,34,0,0,0,163.05882352941177,176,52.38235294117647,380.88235294117646
DOPC_chole_mRNA,74,7,0074_R0007,12.893619282908148,12.893619282908148,244823,244823,1080,1080,0,0,0,226.68796296296296,536,318.3574074074074,395.69537037037037
DOPC_chole_mRNA,74,8,0074_R0008,12.141491491405171,12.141491491405171,250575,250575,1017,1017,0,0,0,246.38643067846607,901,374.31465093412,405.3992133726647
DOPC_chole_mRNA,74,9,0074_R0009,0.09550829098450479,0.09550829098450479,1279,1279,8,8,0,0,0,159.875,163,337,392
DOPC_chole_mRNA,74,10,0074_R0010,0.48947999129558706,0.48947999129558706,6569,6569,41,41,0,0,0,160.21951219512195,171,61.951219512195124,398.7073170731707
DOPC_chole_mRNA,74,11,0074_R0011,0.21489365471513577,0.21489365471513577,2888,2888,18,18,0,0,0,160.44444444444446,169,208.66666666666666,408.8333333333333
DOPC_chole_mRNA,74,12,0074_R0012,0.4059102366841454,0.4059102366841454,5716,5716,34,34,0,0,0,168.11764705882354,192,601,411.2647058823529
DOPC_chole_mRNA,74,13,0074_R0013,0.6566195005184704,0.6566195005184704,9082,9082,55,55,0,0,0,165.12727272727273,179,588.9454545454546,418.6909090909091
DOPC_chole_mRNA,74,14,0074_R0014,0.8237590097413539,0.8237590097413539,11228,11228,69,69,0,0,0,162.7246376811594,178,531.1594202898551,422.42028985507244
DOPC_chole_mRNA,74,15,0074_R0015,0.25070926383432507,0.25070926383432507,3328,3328,21,21,0,0,0,158.47619047619048,166,209.1904761904762,433.9047619047619
DOPC_chole_mRNA,74,16,0074_R0016,0.3104019456996406,0.3104019456996406,4225,4225,26,26,0,0,0,162.5,174,386.0769230769231,435.6923076923077
DOPC_chole_mRNA,74,17,0074_R0017,0.19101658196900959,0.19101658196900959,2598,2598,16,16,0,0,0,162.375,179,237.625,452
DOPC_chole_mRNA,74,18,0074_R0018,0.2029551183420727,0.2029551183420727,2769,2769,17,17,0,0,0,162.88235294117646,171,199.41176470588235,457.5882352941176
DOPC_chole_mRNA,74,19,0074_R0019,0.07163121823837859,0.07163121823837859,959,959,6,6,0,0,0,159.83333333333334,167,159.66666666666666,458.1666666666667
DOPC_chole_mRNA,74,20,0074_R0020,0.035815609119189296,0.035815609119189296,480,480,3,3,0,0,0,160,161,373.6666666666667,460.3333333333333
DOPC_chole_mRNA,74,21,0074_R0021,1.790780455959465,1.790780455959465,27240,27240,150,150,0,0,0,181.6,247,160.30666666666667,473.35333333333335
DOPC_chole_mRNA,74,22,0074_R0022,6.2319159867389375,6.2199774503658745,154099,153948,522,521,1,0,1,295.4856046065259,879,470.06333973128596,476.46257197696735
DOPC_chole_mRNA,74,23,0074_R0023,0.14326243647675718,0.14326243647675718,1993,1993,12,12,0,0,0,166.08333333333334,176,395.25,475.6666666666667
DOPC_chole_mRNA,74,24,0074_R0024,0.023877072746126198,0.023877072746126198,321,321,2,2,0,0,0,160.5,162,582.5,476
DOPC_chole_mRNA,74,25,0074_R0025,0.8834516916066694,0.8834516916066694,13787,13787,74,74,0,0,0,186.3108108108108,247,234.2027027027027,482.44594594594594
DOPC_chole_mRNA,74,26,0074_R0026,0.21489365471513577,0.21489365471513577,3003,3003,18,18,0,0,0,166.83333333333334,181,176.27777777777777,484.1666666666667
DOPC_chole_mRNA,74,27,0074_R0027,0.5611112095339656,0.5611112095339656,8518,8518,47,47,0,0,0,181.2340425531915,233,171.53191489361703,492.4255319148936
DOPC_chole_mRNA,74,28,0074_R0028,0.477541454922524,0.477541454922524,6493,6493,40,40,0,0,0,162.325,175,248.7,493.65
DOPC_chole_mRNA,74,29,0074_R0029,0.42978730943027155,0.42978730943027155,6568,6568,36,36,0,0,0,182.44444444444446,233,210.5,498.5
DOPC_chole_mRNA,74,30,0074_R0030,0.28652487295351436,0.28652487295351436,3905,3905,24,24,0,0,0,162.70833333333334,178,399.125,502.6666666666667
DOPC_chole_mRNA,74,31,0074_R0031,0.6924351096376598,0.6924351096376598,9787,9787,58,58,0,0,0,168.74137931034483,186,143.6206896551724,508.2241379310345
DOPC_chole_mRNA,74,32,0074_R0032,0.2745863365804513,0.2745863365804513,3879.9999999999995,3880,23,23,0,0,0,168.69565217391303,190,208.7826086956522,506.9130434782609
DOPC_chole_mRNA,74,33,0074_R0033,0.0835697546114417,0.0835697546114417,1112,1112,7,7,0,0,0,158.85714285714286,163,226.85714285714286,509.42857142857144
DOPC_chole_mRNA,74,34,0074_R0034,0.0835697546114417,0.0835697546114417,1125,1125,7,7,0,0,0,160.71428571428572,167,161,511
DOPC_chole_mRNA,74,35,0074_R0035,0.1552009728498203,0.1552009728498203,2114,2114,13,13,0,0,0,162.6153846153846,173,180.92307692307693,514.3076923076923
DOPC_chole_mRNA,74,36,0074_R0036,0.3342790184457668,0.3342790184457668,4556,4556,28,28,0,0,0,162.71428571428572,178,165.39285714285714,524.0357142857143
DOPC_chole_mRNA,74,37,0074_R0037,0.596926818653155,0.596926818653155,8332,8332,50,50,0,0,0,166.64,183,178.38,525.92
DOPC_chole_mRNA,74,38,0074_R0038,4.966431131194249,4.954492594821186,70791,70636,416,415,1,0,1,170.20722891566265,204,573.2746987951807,544.7180722891567
DOPC_chole_mRNA,74,39,0074_R0039,0.41784877305720847,0.41784877305720847,5859,5859,35,35,0,0,0,167.4,184,245.0857142857143,533.9142857142857
DOPC_chole_mRNA,74,40,0074_R0040,0.28652487295351436,0.28652487295351436,3999,3999,24,24,0,0,0,166.625,185,237.625,536.25
DOPC_chole_mRNA,74,41,0074_R0041,0.477541454922524,0.477541454922524,6405,6405,40,40,0,0,0,160.125,169,217.75,544.8
DOPC_chole_mRNA,74,42,0074_R0042,0.4059102366841454,0.4059102366841454,6040,6040,34,34,0,0,0,177.64705882352942,213,231.64705882352942,543.5
DOPC_chole_mRNA,74,43,0074_R0043,0.22683219108819888,0.22683219108819888,3112,3112,19,19,0,0,0,163.78947368421052,181,586,543.2105263157895
DOPC_chole_mRNA,74,44,0074_R0044,0.2626478002073882,0.2626478002073882,3703,3703,22,22,0,0,0,168.3181818181818,192,240.9090909090909,549.0909090909091
DOPC_chole_mRNA,74,45,0074_R0045,0.8356975461144169,0.8356975461144169,11929,11929,70,70,0,0,0,170.4142857142857,192,596.9714285714285,558.0571428571428
DOPC_chole_mRNA,74,46,0074_R0046,0.7043736460107228,0.7043736460107228,9764,9764,59,59,0,0,0,165.4915254237288,184,661.2203389830509,560.2372881355932
DOPC_chole_mRNA,74,47,0074_R0047,3.3069745753384785,3.3069745753384785,50980,50980,277,277,0,0,0,184.043321299639,282,632.0180505415162,565.9277978339351
DOPC_chole_mRNA,74,48,0074_R0048,4.978369667567312,4.858984303836682,72825,71295,417,407,10,0,1,175.17199017199016,253,603.4275184275184,579.3267813267813
DOPC_chole_mRNA,74,49,0074_R0049,10.100001771611382,10.100001771611382,175075,175075,846,846,0,0,0,206.94444444444446,751,464.2730496453901,593.7825059101655
DOPC_chole_mRNA,74,50,0074_R0050,0.035815609119189296,0.035815609119189296,485,485,3,3,0,0,0,161.66666666666666,164,604,592
DOPC_chole_mRNA,74,51,0074_R0051,2.7219862930583867,2.7219862930583867,40795,40795,228,228,0,0,0,178.92543859649123,225,668.3333333333334,601.1008771929825
DOPC_chole_mRNA,74,52,0074_R0052,1.587825337617392,1.587825337617392,21681,21681,133,133,0,0,0,163.01503759398497,182,599.9473684210526,598.6541353383459
DOPC_chole_mRNA,74,53,0074_R0053,0.19101658196900959,0.19101658196900959,2700,2700,16,16,0,0,0,168.75,186,415.5,595
DOPC_chole_mRNA,74,54,0074_R0054,0.0835697546114417,0.0835697546114417,1113,1113,7,7,0,0,0,159,162,614.5714285714286,598.1428571428571
DOPC_chole_mRNA,74,55,0074_R0055,1.7549648468402756,1.7549648468402756,25406,25406,147,147,0,0,0,172.82993197278913,212,441.2108843537415,615.2380952380952
DOPC_chole_mRNA,74,56,0074_R0056,0.3104019456996406,0.3104019456996406,4589,4589,26,26,0,0,0,176.5,216,501.34615384615387,613.3461538461538
DOPC_chole_mRNA,74,57,0074_R0057,16.29610214923113,16.29610214923113,291783,291783,1365,1365,0,0,0,213.76043956043955,737,511.1377289377289,644.9663003663004
DOPC_chole_mRNA,74,58,0074_R0058,0.023877072746126198,0.023877072746126198,326,326,2,2,0,0,0,163,165,700,636.5
DOPC_chole_mRNA,74,59,0074_R0059,0.14326243647675718,0.14326243647675718,1922,1922,12,12,0,0,0,160.16666666666666,167,445.0833333333333,655.9166666666666
DOPC_chole_mRNA,74,60,0074_R0060,0.035815609119189296,0.035815609119189296,480,480,3,3,0,0,0,160,162,441.3333333333333,660
DOPC_chole_mRNA,74,61,0074_R0061,0.047754145492252396,0.047754145492252396,643,643,4,4,0,0,0,160.75,161,525.5,670.5
DOPC_chole_mRNA,74,62,0074_R0062,0.023877072746126198,0.023877072746126198,317,317,2,2,0,0,0,158.5,159,535.5,669
DOPC_chole_mRNA,74,63,0074_R0063,0.10744682735756789,0.10744682735756789,1490,1490,9,9,0,0,0,165.55555555555554,174,409,683
DOPC_chole_mRNA,74,64,0074_R0064,1.5042555830059505,1.5042555830059505,27207,27207,126,126,0,0,0,215.92857142857142,354,549.968253968254,692.7063492063492
DOPC_chole_mRNA,74,65,0074_R0065,0.7640663278760383,0.7640663278760383,11676,11676,64,64,0,0,0,182.4375,219,580.171875,690.859375
DOPC_chole_mRNA,74,66,0074_R0066,0.238770727461262,0.238770727461262,3297,3297,20,20,0,0,0,164.85,178,612.45,692.3
DOPG_chole_mRNA,75,1,0075_R0001,0.4059102366841454,0.4059102366841454,5290,5290,34,34,0,0,0,155.58823529411765,168,540.4117647058823,139.73529411764707
DOPG_chole_mRNA,75,2,0075_R0002,0.1313239001036941,0.1313239001036941,1720,1720,11,11,0,0,0,156.36363636363637,165,419.09090909090907,308.3636363636364
DOPG_chole_mRNA,75,3,0075_R0003,0.0835697546114417,0.0835697546114417,1087,1087,7,7,0,0,0,155.28571428571428,164,423.2857142857143,313
DOPG_chole_mRNA,75,4,0075_R0004,0.023877072746126198,0.023877072746126198,299,299,2,2,0,0,0,149.5,150,94.5,341
DOPG_chole_mRNA,75,5,0075_R0005,1.2535463191716254,1.2535463191716254,16560,16560,105,105,0,0,0,157.71428571428572,171,423.87619047619046,385.18095238095236
DOPG_chole_mRNA,75,6,0075_R0006,0.0596926818653155,0.0596926818653155,748,748,5,5,0,0,0,149.6,151,439.6,382.8
DOPG_chole_mRNA,75,7,0075_R0007,0.8118204733682908,0.8118204733682908,10472,10472,68,68,0,0,0,154,163,439.2647058823529,396.20588235294116
DOPG_chole_mRNA,75,8,0075_R0008,5.802128677308666,5.77825160456254,77637,77344,486,484,2,0,1,159.80165289256198,190,325.3223140495868,416.0206611570248
DOPG_chole_mRNA,75,9,0075_R0009,0.023877072746126198,0.023877072746126198,304,304,2,2,0,0,0,152,153,428.5,407
DOPG_chole_mRNA,75,10,0075_R0010,0.7163121823837859,0.7163121823837859,9644,9644,60,60,0,0,0,160.73333333333332,179,419.15,419.53333333333336
DOPG_chole_mRNA,75,11,0075_R0011,0.17907804559594648,0.17907804559594648,2284,2284,15,15,0,0,0,152.26666666666668,157,592.6,422.06666666666666
DOPG_chole_mRNA,75,12,0075_R0012,0.32234048207270366,0.32234048207270366,4162,4162,27,27,0,0,0,154.14814814814815,165,339.18518518518516,427.4074074074074
DOPG_chole_mRNA,75,13,0075_R0013,2.8055560476698282,2.8055560476698282,38179,38179,235,235,0,0,0,162.46382978723403,196,423.6,440.9489361702128
DOPG_chole_mRNA,75,14,0075_R0014,0.38203316393801917,0.38203316393801917,4871,4871,32,32,0,0,0,152.21875,157,360.5625,457.71875
DOPG_chole_mRNA,75,15,0075_R0015,0.023877072746126198,0.023877072746126198,303,303,2,2,0,0,0,151.5,152,361.5,462
DOPG_chole_mRNA,75,16,0075_R0016,0.238770727461262,0.238770727461262,3213,3213,20,20,0,0,0,160.65,179,156.1,489.05
DOPG_chole_mRNA,75,17,0075_R0017,0.46560291854946084,0.46560291854946084,7001.000000000001,7001,39,39,0,0,0,179.51282051282053,255,467.7692307692308,524.6923076923077
DOPG_chole_mRNA,75,18,0075_R0018,0.14326243647675718,0.14326243647675718,1841,1841,12,12,0,0,0,153.41666666666666,159,456,525.5
DOPG_chole_mRNA,75,19,0075_R0019,0.2626478002073882,0.2626478002073882,3403,3403,22,22,0,0,0,154.6818181818182,162,466.22727272727275,535.5454545454545
DOPG_chole_mRNA,75,20,0075_R0020,0.09550829098450479,0.09550829098450479,1214,1214,8,8,0,0,0,151.75,156,471.5,535.375
DOPG_chole_mRNA,75,21,0075_R0021,5.43203404974371,5.420095513370647,80531,80385,455,454,1,0,1,177.05947136563876,273,12.396475770925111,565.9162995594713
DOPG_chole_mRNA,75,22,0075_R0022,2.507092638343251,2.4712770292240616,32509.999999999996,32071,210,207,3,0,1,154.93236714975845,186,71.3913043478261,573.5507246376811
DOPG_chole_mRNA,75,23,0075_R0023,2.793617511296765,2.793617511296765,37476,37476,234,234,0,0,0,160.15384615384616,179,49.957264957264954,579.0811965811965
DOPG_chole_mRNA,75,24,0075_R0024,0.047754145492252396,0.047754145492252396,612,612,4,4,0,0,0,153,155,82,585.75
DOPG_chole_mRNA,75,25,0075_R0025,0.38203316393801917,0.38203316393801917,5477,5477,32,32,0,0,0,171.15625,228,38.65625,594.96875
DOPG_chole_mRNA,75,26,0075_R0026,0.023877072746126198,0.023877072746126198,304,304,2,2,0,0,0,152,152,0,599.5
DOPG_chole_mRNA,75,27,0075_R0027,0.0835697546114417,0.0835697546114417,1072,1072,7,7,0,0,0,153.14285714285714,158,388,610.7142857142857
DOPG_chole_mRNA,76,1,0076_R0001,0.8118204733682908,0.8118204733682908,13991,13991,68,68,0,0,0,205.75,371,266.7647058823529,19.529411764705884
DOPG_chole_mRNA,76,2,0076_R0002,0.25070926383432507,0.25070926383432507,3656,3656,21,21,0,0,0,174.0952380952381,214,507,143
DOPG_chole_mRNA,76,3,0076_R0003,0.035815609119189296,0.035815609119189296,456,456,3,3,0,0,0,152,153,348.3333333333333,164.33333333333334
DOPG_chole_mRNA,76,4,0076_R0004,0.10744682735756789,0.10744682735756789,1442,1442,9,9,0,0,0,160.22222222222223,177,379.22222222222223,165.44444444444446
DOPG_chole_mRNA,76,5,0076_R0005,0.46560291854946084,0.46560291854946084,6156,6156,39,39,0,0,0,157.84615384615384,178,329.5128205128205,201.97435897435898
DOPG_chole_mRNA,76,6,0076_R0006,0.2984634093265775,0.2984634093265775,4367,4367,25,25,0,0,0,174.68,230,528.6,200.96
DOPG_chole_mRNA,76,7,0076_R0007,0.4059102366841454,0.4059102366841454,5425,5425,34,34,0,0,0,159.55882352941177,180,502,212.7941176470588
DOPG_chole_mRNA,76,8,0076_R0008,0.047754145492252396,0.047754145492252396,603,603,4,4,0,0,0,150.75,152,215.5,258.5
DOPG_chole_mRNA,76,9,0076_R0009,0.5849882822800918,0.5849882822800918,8713,8713,49,49,0,0,0,177.81632653061226,272,251.53061224489795,323.51020408163265
DOPG_chole_mRNA,76,10,0076_R0010,6.93628963274966,6.912412560003534,103682,103394,581,579,2,0,1,178.573402417962,554,218.32642487046633,341.46459412780655
DOPG_chole_mRNA,76,11,0076_R0011,0.119385363730631,0.119385363730631,1526,1526,10,10,0,0,0,152.6,157,237.8,329.1
DOPG_chole_mRNA,76,12,0076_R0012,0.238770727461262,0.238770727461262,3180,3180,20,20,0,0,0,159,179,197.25,331.45
DOPG_chole_mRNA,76,13,0076_R0013,0.07163121823837859,0.07163121823837859,928,928,6,6,0,0,0,154.66666666666666,157,225.66666666666666,330.5
DOPG_chole_mRNA,76,14,0076_R0014,0.119385363730631,0.119385363730631,1559,1559,10,10,0,0,0,155.9,166,236,334.8
DOPG_chole_mRNA,76,15,0076_R0015,0.07163121823837859,0.07163121823837859,936,936,6,6,0,0,0,156,163,247.5,339
DOPG_chole_mRNA,76,16,0076_R0016,0.119385363730631,0.119385363730631,1594,1594,10,10,0,0,0,159.4,181,127.8,345
DOPG_chole_mRNA,76,17,0076_R0017,0.023877072746126198,0.023877072746126198,307,307,2,2,0,0,0,153.5,154,197,355.5
DOPG_chole_mRNA,76,18,0076_R0018,0.477541454922524,0.477541454922524,8256,8256,40,40,0,0,0,206.4,337,627.8,358.075
DOPG_chole_mRNA,76,19,0076_R0019,0.119385363730631,0.119385363730631,1570,1570,10,10,0,0,0,157,173,492.8,431.5
DOPG_chole_mRNA,76,20,0076_R0020,0.238770727461262,0.238770727461262,3171,3171,20,20,0,0,0,158.55,171,100.05,464.25
DOPG_chole_mRNA,76,21,0076_R0021,0.047754145492252396,0.047754145492252396,617,617,4,4,0,0,0,154.25,157,391.75,474.75
DOPG_chole_mRNA,76,22,0076_R0022,0.2984634093265775,0.2984634093265775,3908,3908,25,25,0,0,0,156.32,170,190.88,477.04
DOPG_chole_mRNA,76,23,0076_R0023,0.2029551183420727,0.2029551183420727,2591,2591,17,17,0,0,0,152.41176470588235,159,101.52941176470588,498
DOPG_chole_mRNA,76,24,0076_R0024,0.2029551183420727,0.2029551183420727,2727,2727,17,17,0,0,0,160.41176470588235,179,337.6470588235294,507.47058823529414
DOPG_chole_mRNA,76,25,0076_R0025,0.047754145492252396,0.047754145492252396,618,618,4,4,0,0,0,154.5,156,115.75,509.75
DOPG_chole_mRNA,76,26,0076_R0026,0.09550829098450479,0.09550829098450479,1223,1223,8,8,0,0,0,152.875,159,356.375,514.25
DOPG_chole_mRNA,76,27,0076_R0027,0.17907804559594648,0.17907804559594648,2353,2353,15,15,0,0,0,156.86666666666667,169,354.73333333333335,520.3333333333334
DOPG_chole_mRNA,76,28,0076_R0028,0.25070926383432507,0.25070926383432507,3473.9999999999995,3474,21,21,0,0,0,165.42857142857142,198,290.6190476190476,522.7619047619048
DOPG_chole_mRNA,76,29,0076_R0029,0.32234048207270366,0.32234048207270366,4685,4685,27,27,0,0,0,173.5185185185185,232,276.5925925925926,529.7407407407408
DOPG_chole_mRNA,76,30,0076_R0030,0.41784877305720847,0.41784877305720847,6655,6655,35,35,0,0,0,190.14285714285714,279,627.4285714285714,533.2285714285714
DOPG_chole_mRNA,76,31,0076_R0031,0.22683219108819888,0.22683219108819888,3242,3242,19,19,0,0,0,170.6315789473684,202,608.6315789473684,543.7894736842105
DOPG_chole_mRNA,76,32,0076_R0032,0.14326243647675718,0.14326243647675718,1891,1891,12,12,0,0,0,157.58333333333334,166,383.6666666666667,561.75
DOPG_chole_mRNA,76,33,0076_R0033,0.047754145492252396,0.047754145492252396,615,615,4,4,0,0,0,153.75,161,574.5,561.5
DOPG_chole_mRNA,76,34,0076_R0034,0.0835697546114417,0.0835697546114417,1102,1102,7,7,0,0,0,157.42857142857142,168,13,583.2857142857143
DOPG_chole_mRNA,76,35,0076_R0035,0.047754145492252396,0.047754145492252396,616,616,4,4,0,0,0,154,156,479.5,582.5
DOPG_chole_mRNA,76,36,0076_R0036,0.047754145492252396,0.047754145492252396,618,618,4,4,0,0,0,154.5,157,484.75,603
DOPG_chole_mRNA,76,37,0076_R0037,0.5372341367878395,0.5372341367878395,6884.000000000001,6884,45,45,0,0,0,152.9777777777778,160,631,621
DOPG_chole_mRNA,76,38,0076_R0038,0.477541454922524,0.477541454922524,6182,6182,40,40,0,0,0,154.55,168,619.525,631.75
DOPG_chole_mRNA,76,39,0076_R0039,0.10744682735756789,0.10744682735756789,1364,1364,9,9,0,0,0,151.55555555555554,154,645,631.6666666666666
DOPG_chole_mRNA,76,40,0076_R0040,0.1552009728498203,0.1552009728498203,1999,1999,13,13,0,0,0,153.76923076923077,161,654.3846153846154,633.6153846153846
DOPG_chole_mRNA,76,41,0076_R0041,0.023877072746126198,0.023877072746126198,306,306,2,2,0,0,0,153,154,649,633.5
DOPG_chole_mRNA,76,42,0076_R0042,0.728250718756849,0.728250718756849,9270,9270,61,61,0,0,0,151.9672131147541,159,664.8360655737705,637.7868852459017
DOPG_chole_mRNA,76,43,0076_R0043,0.09550829098450479,0.09550829098450479,1216,1216,8,8,0,0,0,152,154,627.625,642.125
DOPG_chole_mRNA,76,44,0076_R0044,0.10744682735756789,0.10744682735756789,1446,1446,9,9,0,0,0,160.66666666666666,173,309,653
DOPG_chole_mRNA,76,45,0076_R0045,0.1313239001036941,0.1313239001036941,1724,1724,11,11,0,0,0,156.72727272727272,166,592,665
DOPG_chole_mRNA,76,46,0076_R0046,0.035815609119189296,0.035815609119189296,465,465,3,3,0,0,0,155,157,610,678
DOPG_chole_mRNA,76,47,0076_R0047,0.4059102366841454,0.4059102366841454,5333,5333,34,34,0,0,0,156.85294117647058,173,604.0294117647059,682.5294117647059
DOPG_chole_mRNA,76,48,0076_R0048,0.1552009728498203,0.1552009728498203,2081,2081,13,13,0,0,0,160.07692307692307,178,90.46153846153847,690.1538461538462
DOPG_chole_mRNA,76,49,0076_R0049,0.1313239001036941,0.1313239001036941,1714,1714,11,11,0,0,0,155.8181818181818,166,644.6363636363636,691.9090909090909
DOPG_chole_mRNA,77,1,0077_R0001,0.07163121823837859,0.07163121823837859,939,939,6,6,0,0,0,156.5,162,509.1666666666667,2.8333333333333335
DOPG_chole_mRNA,77,2,0077_R0002,0.119385363730631,0.119385363730631,1521,1521,10,10,0,0,0,152.1,158,359.8,25.5
DOPG_chole_mRNA,77,3,0077_R0003,0.09550829098450479,0.09550829098450479,1231,1231,8,8,0,0,0,153.875,161,553.75,32.75
DOPG_chole_mRNA,77,4,0077_R0004,0.07163121823837859,0.07163121823837859,915,915,6,6,0,0,0,152.5,159,560.5,42
DOPG_chole_mRNA,77,5,0077_R0005,0.047754145492252396,0.047754145492252396,621,621,4,4,0,0,0,155.25,161,123.5,51.5
DOPG_chole_mRNA,77,6,0077_R0006,0.035815609119189296,0.035815609119189296,454,454,3,3,0,0,0,151.33333333333334,152,584.3333333333334,105.33333333333333
DOPG_chole_mRNA,77,7,0077_R0007,0.1671395092228834,0.1671395092228834,2204,2204,14,14,0,0,0,157.42857142857142,169,611.9285714285714,120.28571428571429
DOPG_chole_mRNA,77,8,0077_R0008,0.119385363730631,0.119385363730631,1568,1568,10,10,0,0,0,156.8,167,437,133.2
DOPG_chole_mRNA,77,9,0077_R0009,0.17907804559594648,0.17907804559594648,2421,2421,15,15,0,0,0,161.4,182,443.53333333333336,134.86666666666667
DOPG_chole_mRNA,77,10,0077_R0010,2.2444448381358626,2.2444448381358626,29956,29956,188,188,0,0,0,159.3404255319149,178,477.73936170212767,143.87234042553192
DOPG_chole_mRNA,77,11,0077_R0011,0.22683219108819888,0.22683219108819888,3112,3112,19,19,0,0,0,163.78947368421052,193,437.10526315789474,154
DOPG_chole_mRNA,77,12,0077_R0012,0.596926818653155,0.596926818653155,7823.999999999999,7824,50,50,0,0,0,156.48,165,512.66,155.92
DOPG_chole_mRNA,77,13,0077_R0013,0.21489365471513577,0.21489365471513577,2805,2805,18,18,0,0,0,155.83333333333334,172,474.22222222222223,155.72222222222223
DOPG_chole_mRNA,77,14,0077_R0014,0.5014185276686501,0.5014185276686501,6711,6711,42,42,0,0,0,159.78571428571428,194,405.23809523809524,162.54761904761904
DOPG_chole_mRNA,77,15,0077_R0015,0.35815609119189296,0.35815609119189296,5243,5243,30,30,0,0,0,174.76666666666668,212,187.73333333333332,162.7
DOPG_chole_mRNA,77,16,0077_R0016,0.967021446218111,0.9431443734719849,15084.999999999998,14800,81,79,2,0,1,187.34177215189874,294,484.8987341772152,169.65822784810126
DOPG_chole_mRNA,77,17,0077_R0017,0.17907804559594648,0.17907804559594648,2278,2278,15,15,0,0,0,151.86666666666667,159,609.8666666666667,168.6
DOPG_chole_mRNA,77,18,0077_R0018,0.035815609119189296,0.035815609119189296,465,465,3,3,0,0,0,155,157,504.6666666666667,172.66666666666666
DOPG_chole_mRNA,77,19,0077_R0019,0.1313239001036941,0.1313239001036941,1720,1720,11,11,0,0,0,156.36363636363637,161,451.90909090909093,176.36363636363637
DOPG_chole_mRNA,77,20,0077_R0020,0.1313239001036941,0.1313239001036941,1746,1746,11,11,0,0,0,158.72727272727272,170,461.54545454545456,179.1818181818182
DOPG_chole_mRNA,77,21,0077_R0021,0.1552009728498203,0.1552009728498203,2110,2110,13,13,0,0,0,162.30769230769232,181,529.6153846153846,182.3846153846154
DOPG_chole_mRNA,77,22,0077_R0022,0.5372341367878395,0.5372341367878395,7441.999999999999,7442,45,45,0,0,0,165.37777777777777,192,451.7111111111111,188.9777777777778
DOPG_chole_mRNA,77,23,0077_R0023,0.0596926818653155,0.0596926818653155,793,793,5,5,0,0,0,158.6,165,546.6,185.8
DOPG_chole_mRNA,77,24,0077_R0024,0.1313239001036941,0.1313239001036941,1685,1685,11,11,0,0,0,153.1818181818182,161,180.8181818181818,189.1818181818182
DOPG_chole_mRNA,77,25,0077_R0025,0.4417258458033347,0.4417258458033347,5782,5782,37,37,0,0,0,156.27027027027026,165,567.918918918919,193.48648648648648
DOPG_chole_mRNA,77,26,0077_R0026,0.3700946275649561,0.3700946275649561,4863,4863,31,31,0,0,0,156.8709677419355,166,609.7096774193549,192.3548387096774
DOPG_chole_mRNA,77,27,0077_R0027,0.3462175548188299,0.3462175548188299,4878,4878,29,29,0,0,0,168.20689655172413,204,450.6551724137931,201.27586206896552
DOPG_chole_mRNA,77,28,0077_R0028,1.6236409467365815,1.6236409467365815,27551,27551,136,136,0,0,0,202.5808823529412,450,453.5147058823529,218.39705882352942
DOPG_chole_mRNA,77,29,0077_R0029,1.2535463191716254,1.2535463191716254,17896,17896,105,105,0,0,0,170.43809523809523,255,439.0095238095238,215.23809523809524
DOPG_chole_mRNA,77,30,0077_R0030,0.1671395092228834,0.1671395092228834,2229,2229,14,14,0,0,0,159.21428571428572,177,584.5,210.28571428571428
DOPG_chole_mRNA,77,31,0077_R0031,0.14326243647675718,0.14326243647675718,1898,1898,12,12,0,0,0,158.16666666666666,172,662.0833333333334,215.83333333333334
DOPG_chole_mRNA,77,32,0077_R0032,0.047754145492252396,0.047754145492252396,616,616,4,4,0,0,0,154,156,458.5,224.5
DOPG_chole_mRNA,77,33,0077_R0033,0.035815609119189296,0.035815609119189296,458,458,3,3,0,0,0,152.66666666666666,154,581.3333333333334,237.33333333333334
DOPG_chole_mRNA,77,34,0077_R0034,0.3342790184457668,0.3342790184457668,4438,4438,28,28,0,0,0,158.5,174,636.25,261.89285714285717
DOPG_chole_mRNA,77,35,0077_R0035,0.10744682735756789,0.10744682735756789,1422,1422,9,9,0,0,0,158,164,167.88888888888889,268.6666666666667
DOPG_chole_mRNA,77,36,0077_R0036,0.10744682735756789,0.10744682735756789,1385,1385,9,9,0,0,0,153.88888888888889,159,617.1111111111111,272.3333333333333
DOPG_chole_mRNA,77,37,0077_R0037,0.047754145492252396,0.047754145492252396,610,610,4,4,0,0,0,152.5,156,632.5,271.5
DOPG_chole_mRNA,77,38,0077_R0038,0.09550829098450479,0.09550829098450479,1232,1232,8,8,0,0,0,154,155,168.625,274.75
DOPG_chole_mRNA,77,39,0077_R0039,0.1671395092228834,0.1671395092228834,2175,2175,14,14,0,0,0,155.35714285714286,168,598.8571428571429,275.07142857142856
DOPG_chole_mRNA,77,40,0077_R0040,0.09550829098450479,0.09550829098450479,1251,1251,8,8,0,0,0,156.375,160,627.875,276.125
DOPG_chole_mRNA,77,41,0077_R0041,0.32234048207270366,0.32234048207270366,4284,4284,27,27,0,0,0,158.66666666666666,174,616.5555555555555,285.22222222222223
DOPG_chole_mRNA,77,42,0077_R0042,0.035815609119189296,0.035815609119189296,460,460,3,3,0,0,0,153.33333333333334,156,419.6666666666667,295.6666666666667
DOPG_chole_mRNA,77,43,0077_R0043,0.14326243647675718,0.14326243647675718,1840,1840,12,12,0,0,0,153.33333333333334,161,408.1666666666667,298.5
DOPG_chole_mRNA,77,44,0077_R0044,0.0596926818653155,0.0596926818653155,758,758,5,5,0,0,0,151.6,154,418.2,299.2
DOPG_chole_mRNA,77,45,0077_R0045,1.3490546101561303,1.3490546101561303,18016,18016,113,113,0,0,0,159.43362831858408,178,451.94690265486724,314.60176991150445
DOPG_chole_mRNA,77,46,0077_R0046,0.035815609119189296,0.035815609119189296,452,452,3,3,0,0,0,150.66666666666666,153,436.3333333333333,366.6666666666667
DOPG_chole_mRNA,77,47,0077_R0047,0.22683219108819888,0.22683219108819888,3046,3046,19,19,0,0,0,160.31578947368422,177,68.57894736842105,376.6842105263158
DOPG_chole_mRNA,77,48,0077_R0048,0.047754145492252396,0.047754145492252396,616,616,4,4,0,0,0,154,158,69.5,385.5
DOPG_chole_mRNA,77,49,0077_R0049,4.08297943958758,4.0710409032145165,63499,63354,342,341,1,0,1,185.78885630498533,365,92.8533724340176,396.3841642228739
DOPG_chole_mRNA,77,50,0077_R0050,0.38203316393801917,0.38203316393801917,4854,4854,32,32,0,0,0,151.6875,158,367.34375,402.40625
DOPG_chole_mRNA,77,51,0077_R0051,0.46560291854946084,0.46560291854946084,5927,5927,39,39,0,0,0,151.97435897435898,160,402.02564102564105,410.12820512820514
DOPG_chole_mRNA,77,52,0077_R0052,0.09550829098450479,0.09550829098450479,1221,1221,8,8,0,0,0,152.625,164,364.875,407.625
DOPG_chole_mRNA,77,53,0077_R0053,1.910165819690096,1.910165819690096,25186,25186,160,160,0,0,0,157.4125,177,489.65,422.45
DOPG_chole_mRNA,77,54,0077_R0054,0.023877072746126198,0.023877072746126198,305,305,2,2,0,0,0,152.5,153,480.5,421
DOPG_chole_mRNA,77,55,0077_R0055,0.035815609119189296,0.035815609119189296,459,459,3,3,0,0,0,153,157,367.6666666666667,428.3333333333333
DOPG_chole_mRNA,77,56,0077_R0056,0.035815609119189296,0.035815609119189296,454,454,3,3,0,0,0,151.33333333333334,152,371.6666666666667,432.3333333333333
DOPG_chole_mRNA,77,57,0077_R0057,0.023877072746126198,0.023877072746126198,309,309,2,2,0,0,0,154.5,157,492.5,437.5
DOPG_chole_mRNA,77,58,0077_R0058,0.3700946275649561,0.32234048207270366,4659,4078,31,27,4,0,1,151.03703703703704,156,498.22222222222223,440.037037037037
DOPG_chole_mRNA,77,59,0077_R0059,0.1552009728498203,0.1552009728498203,1961,1961,13,13,0,0,0,150.84615384615384,156,367.61538461538464,442.15384615384613
DOPG_chole_mRNA,77,60,0077_R0060,0.39397170031108225,0.39397170031108225,5238,5238,33,33,0,0,0,158.72727272727272,178,383.27272727272725,451.6969696969697
DOPG_chole_mRNA,77,61,0077_R0061,1.2654848555446885,1.2654848555446885,16593,16593,106,106,0,0,0,156.53773584905662,171,411.45283018867923,482.97169811320754
DOPG_chole_mRNA,77,62,0077_R0062,0.0835697546114417,0.0835697546114417,1058,1058,7,7,0,0,0,151.14285714285714,153,77.42857142857143,484
DOPG_chole_mRNA,77,63,0077_R0063,0.39397170031108225,0.39397170031108225,5072,5072,33,33,0,0,0,153.6969696969697,161,77.81818181818181,491.42424242424244
DOPG_chole_mRNA,77,64,0077_R0064,0.3462175548188299,0.3462175548188299,5355,5355,29,29,0,0,0,184.6551724137931,265,686.4137931034483,496.2758620689655
DOPG_chole_mRNA,77,65,0077_R0065,0.023877072746126198,0.023877072746126198,306,306,2,2,0,0,0,153,154,89.5,495
DOPG_chole_mRNA,77,66,0077_R0066,0.023877072746126198,0.023877072746126198,305,305,2,2,0,0,0,152.5,155,92.5,496
DOPG_chole_mRNA,77,67,0077_R0067,0.035815609119189296,0.035815609119189296,456,456,3,3,0,0,0,152,155,78.66666666666667,497.6666666666667
DOPG_chole_mRNA,77,68,0077_R0068,0.023877072746126198,0.023877072746126198,308,308,2,2,0,0,0,154,157,87,505.5
DOPG_chole_mRNA,77,69,0077_R0069,1.8504731378247803,1.8504731378247803,25557,25557,155,155,0,0,0,164.88387096774193,211,276.93548387096774,522.5096774193548
DOPG_chole_mRNA,77,70,0077_R0070,0.119385363730631,0.119385363730631,1521,1521,10,10,0,0,0,152.1,154,277,538.8
DOPG_chole_mRNA,77,71,0077_R0071,0.119385363730631,0.119385363730631,1515,1515,10,10,0,0,0,151.5,155,47,540.7
DOPG_chole_mRNA,77,72,0077_R0072,0.09550829098450479,0.09550829098450479,1225,1225,8,8,0,0,0,153.125,156,633.875,542.125
DOPG_chole_mRNA,77,73,0077_R0073,0.38203316393801917,0.38203316393801917,5279,5279,32,32,0,0,0,164.96875,195,189.375,546.84375
DOPG_chole_mRNA,77,74,0077_R0074,0.1671395092228834,0.1671395092228834,2168,2168,14,14,0,0,0,154.85714285714286,166,215.85714285714286,578.0714285714286
DOPG_chole_mRNA,77,75,0077_R0075,0.17907804559594648,0.17907804559594648,2382,2382,15,15,0,0,0,158.8,171,226.33333333333334,580.6666666666666
DOPG_chole_mRNA,77,76,0077_R0076,0.023877072746126198,0.023877072746126198,308,308,2,2,0,0,0,154,155,3.5,591
DOPG_chole_mRNA,77,77,0077_R0077,0.3342790184457668,0.3342790184457668,4492,4492,28,28,0,0,0,160.42857142857142,173,212.5,600.5
DOPG_chole_mRNA,77,78,0077_R0078,0.2626478002073882,0.2626478002073882,3615,3615,22,22,0,0,0,164.3181818181818,191,516.5,626.1818181818181
DOPG_chole_mRNA,77,79,0077_R0079,0.17907804559594648,0.17907804559594648,2345,2345,15,15,0,0,0,156.33333333333334,168,495.1333333333333,639.3333333333334
DOPG_chole_mRNA,77,80,0077_R0080,0.047754145492252396,0.047754145492252396,602,602,4,4,0,0,0,150.5,152,546.5,649.5
DOPG_chole_mRNA,77,81,0077_R0081,0.10744682735756789,0.10744682735756789,1399,1399,9,9,0,0,0,155.44444444444446,163,446,662
DOPG_chole_mRNA,77,82,0077_R0082,0.1552009728498203,0.1552009728498203,2068,2068,13,13,0,0,0,159.07692307692307,174,425.38461538461536,685.6153846153846
DOPG_chole_mRNA,78,1,0078_R0001,0.1671395092228834,0.1671395092228834,2168,2168,14,14,0,0,0,154.85714285714286,162,253.92857142857142,23.142857142857142
DOPG_chole_mRNA,78,2,0078_R0002,0.023877072746126198,0.023877072746126198,309,309,2,2,0,0,0,154.5,155,261,23.5
DOPG_chole_mRNA,78,3,0078_R0003,0.023877072746126198,0.023877072746126198,308,308,2,2,0,0,0,154,154,249,26.5
DOPG_chole_mRNA,78,4,0078_R0004,0.0596926818653155,0.0596926818653155,780,780,5,5,0,0,0,156,160,253.2,27.4
DOPG_chole_mRNA,78,5,0078_R0005,0.21489365471513577,0.21489365471513577,2988,2988,18,18,0,0,0,166,181,262.3333333333333,30.444444444444443
DOPG_chole_mRNA,78,6,0078_R0006,0.1552009728498203,0.1552009728498203,2059,2059,13,13,0,0,0,158.3846153846154,171,249.6153846153846,31.615384615384617
DOPG_chole_mRNA,78,7,0078_R0007,0.48947999129558706,0.48947999129558706,6466,6466,41,41,0,0,0,157.70731707317074,176,356.9024390243902,129.65853658536585
DOPG_chole_mRNA,78,8,0078_R0008,0.023877072746126198,0.023877072746126198,312,312,2,2,0,0,0,156,157,543,130.5
DOPG_chole_mRNA,78,9,0078_R0009,0.6804965732645967,0.6804965732645967,9231,9231,57,57,0,0,0,161.94736842105263,190,256.10526315789474,184.40350877192984
DOPG_chole_mRNA,78,10,0078_R0010,0.25070926383432507,0.25070926383432507,3195,3195,21,21,0,0,0,152.14285714285714,163,544.4285714285714,206.14285714285714
DOPG_chole_mRNA,78,11,0078_R0011,0.07163121823837859,0.07163121823837859,921,921,6,6,0,0,0,153.5,157,283.1666666666667,215.83333333333334
DOPG_chole_mRNA,78,12,0078_R0012,4.620213576375419,4.608275040002356,71540,71394,387,386,1,0,1,184.95854922279793,293,286.2746113989637,233.8238341968912
DOPG_chole_mRNA,78,13,0078_R0013,0.09550829098450479,0.09550829098450479,1258,1258,8,8,0,0,0,157.25,166,395.875,237.875
DOPG_chole_mRNA,78,14,0078_R0014,0.14326243647675718,0.14326243647675718,1892,1892,12,12,0,0,0,157.66666666666666,164,75,263.5
DOPG_chole_mRNA,78,15,0078_R0015,0.2984634093265775,0.2984634093265775,4106,4106,25,25,0,0,0,164.24,186,220.8,304.56
DOPG_chole_mRNA,78,16,0078_R0016,2.4951541019701877,2.4951541019701877,37990,37990,209,209,0,0,0,181.77033492822966,355,536.9617224880383,377.17224880382776
DOPG_chole_mRNA,78,17,0078_R0017,0.1552009728498203,0.1552009728498203,1963,1963,13,13,0,0,0,151,153,204.6153846153846,389.6923076923077
DOPG_chole_mRNA,78,18,0078_R0018,0.09550829098450479,0.09550829098450479,1219,1219,8,8,0,0,0,152.375,156,224.875,397.625
DOPG_chole_mRNA,78,19,0078_R0019,1.2416077827985623,1.2416077827985623,15928,15928,104,104,0,0,0,153.15384615384616,167,263.34615384615387,409.47115384615387
DOPG_chole_mRNA,78,20,0078_R0020,0.0596926818653155,0.0596926818653155,779,779,5,5,0,0,0,155.8,161,488.2,429.6
DOPG_chole_mRNA,78,21,0078_R0021,0.28652487295351436,0.28652487295351436,3702,3702,24,24,0,0,0,154.25,167,658.375,483.375
DOPG_chole_mRNA,78,22,0078_R0022,6.960166705495787,6.363239886842631,98439,91192,583,533,50,0,1,171.09193245778613,290,674.2307692307693,497.5609756097561
DOPG_chole_mRNA,78,23,0078_R0023,0.3462175548188299,0.3462175548188299,4758,4758,29,29,0,0,0,164.06896551724137,191,656.2758620689655,490.9310344827586
DOPG_chole_mRNA,78,24,0078_R0024,0.07163121823837859,0.07163121823837859,929,929,6,6,0,0,0,154.83333333333334,161,690.5,490
DOPG_chole_mRNA,78,25,0078_R0025,1.2416077827985623,1.2416077827985623,18319,18319,104,104,0,0,0,176.14423076923077,274,648.125,501.27884615384613
DOPG_chole_mRNA,78,26,0078_R0026,0.023877072746126198,0.023877072746126198,305,305,2,2,0,0,0,152.5,153,660,496.5
DOPG_chole_mRNA,78,27,0078_R0027,0.0596926818653155,0.0596926818653155,776,776,5,5,0,0,0,155.2,158,656.6,501.2
DOPG_chole_mRNA,78,28,0078_R0028,0.023877072746126198,0.023877072746126198,302,302,2,2,0,0,0,151,153,434,516.5
DOPG_chole_mRNA,78,29,0078_R0029,0.2029551183420727,0.2029551183420727,2597,2597,17,17,0,0,0,152.76470588235293,158,596.9411764705883,526.7058823529412
DOPG_chole_mRNA,78,30,0078_R0030,7.389954014926058,7.389954014926058,109987,109987,619,619,0,0,0,177.68497576736672,497,589.3909531502424,545.9741518578352
DOPG_chole_mRNA,78,31,0078_R0031,0.0596926818653155,0.0596926818653155,771,771,5,5,0,0,0,154.2,156,139.6,559.8
DOPG_chole_mRNA,78,32,0078_R0032,0.0835697546114417,0.0835697546114417,1090,1090,7,7,0,0,0,155.71428571428572,165,576,562.2857142857143
DOPG_chole_mRNA,78,33,0078_R0033,0.5372341367878395,0.5372341367878395,8181.000000000001,8181,45,45,0,0,0,181.8,241,596.6,570.6444444444444
DOPG_chole_mRNA,78,34,0078_R0034,0.023877072746126198,0.023877072746126198,308,308,2,2,0,0,0,154,156,436.5,605
DOPG_chole_mRNA,78,35,0078_R0035,0.023877072746126198,0.023877072746126198,309,309,2,2,0,0,0,154.5,159,460,606.5
DOPG_chole_mRNA,78,36,0078_R0036,0.023877072746126198,0.023877072746126198,302,302,2,2,0,0,0,151,152,403.5,610
DOPG_chole_mRNA,78,37,0078_R0037,0.1671395092228834,0.1671395092228834,2123,2123,14,14,0,0,0,151.64285714285714,154,431.5,619.7142857142857
DOPG_chole_mRNA,78,38,0078_R0038,0.035815609119189296,0.035815609119189296,455,455,3,3,0,0,0,151.66666666666666,154,435.6666666666667,618.6666666666666
DOPG_chole_mRNA,78,39,0078_R0039,0.07163121823837859,0.07163121823837859,933,933,6,6,0,0,0,155.5,161,73.5,622
DOPG_chole_mRNA,78,40,0078_R0040,0.38203316393801917,0.38203316393801917,4850,4850,32,32,0,0,0,151.5625,158,431.4375,627.6875
DOPG_chole_mRNA,78,41,0078_R0041,0.023877072746126198,0.023877072746126198,307,307,2,2,0,0,0,153.5,156,435.5,623.5
DOPG_chole_mRNA,78,42,0078_R0042,0.7521277915029753,0.7521277915029753,10002,10002,63,63,0,0,0,158.76190476190476,176,420.6031746031746,641.2063492063492
DOPG_chole_mRNA,78,43,0078_R0043,0.32234048207270366,0.32234048207270366,4624,4624,27,27,0,0,0,171.25925925925927,212,360.8888888888889,644.5185185185185
DOPG_chole_mRNA,78,44,0078_R0044,0.14326243647675718,0.14326243647675718,1835,1835,12,12,0,0,0,152.91666666666666,161,398.75,647.4166666666666
DOPG_chole_mRNA,78,45,0078_R0045,0.6566195005184704,0.6566195005184704,8579,8579,55,55,0,0,0,155.98181818181817,175,407.23636363636365,650
DOPG_chole_mRNA,78,46,0078_R0046,1.0983453463218051,1.0983453463218051,14452,14452,92,92,0,0,0,157.08695652173913,173,380.5652173913044,655.8695652173913
DOPG_chole_mRNA,78,47,0078_R0047,0.0835697546114417,0.0835697546114417,1088,1088,7,7,0,0,0,155.42857142857142,160,416.57142857142856,656.5714285714286
DOPG_chole_mRNA,78,48,0078_R0048,0.023877072746126198,0.023877072746126198,308,308,2,2,0,0,0,154,157,403,665.5
DOPG_chole_mRNA,78,49,0078_R0049,0.2745863365804513,0.2745863365804513,3761,3761,23,23,0,0,0,163.52173913043478,187,346.5217391304348,690.3913043478261
DOPG_chole_mRNA,78,50,0078_R0050,1.0028370553373003,1.0028370553373003,13545,13545,84,84,0,0,0,161.25,190,332.9761904761905,693.5595238095239
DOPG_chole_mRNA,79,1,0079_R0001,0.07163121823837859,0.07163121823837859,979,979,6,6,0,0,0,163.16666666666666,174,634,0.5
DOPG_chole_mRNA,79,2,0079_R0002,0.19101658196900959,0.19101658196900959,2582,2582,16,16,0,0,0,161.375,176,531,22.5
DOPG_chole_mRNA,79,3,0079_R0003,0.047754145492252396,0.047754145492252396,612,612,4,4,0,0,0,153,159,632.5,26.5
DOPG_chole_mRNA,79,4,0079_R0004,0.22683219108819888,0.22683219108819888,2934,2934,19,19,0,0,0,154.42105263157896,170,542.2105263157895,29.05263157894737
DOPG_chole_mRNA,79,5,0079_R0005,0.25070926383432507,0.25070926383432507,3525,3525,21,21,0,0,0,167.85714285714286,215,642,31
DOPG_chole_mRNA,79,6,0079_R0006,0.047754145492252396,0.047754145492252396,614,614,4,4,0,0,0,153.5,156,537.5,35.5
DOPG_chole_mRNA,79,7,0079_R0007,0.035815609119189296,0.035815609119189296,460,460,3,3,0,0,0,153.33333333333334,157,653.6666666666666,46.666666666666664
DOPG_chole_mRNA,79,8,0079_R0008,0.2745863365804513,0.2745863365804513,3997.0000000000005,3997,23,23,0,0,0,173.7826086956522,222,643.7826086956521,52.608695652173914
DOPG_chole_mRNA,79,9,0079_R0009,0.1671395092228834,0.1671395092228834,2286,2286,14,14,0,0,0,163.28571428571428,175,342.2142857142857,56.357142857142854
DOPG_chole_mRNA,79,10,0079_R0010,0.0835697546114417,0.0835697546114417,1111,1111,7,7,0,0,0,158.71428571428572,167,537,59.714285714285715
DOPG_chole_mRNA,79,11,0079_R0011,0.1552009728498203,0.1552009728498203,2098,2098,13,13,0,0,0,161.3846153846154,183,640.3846153846154,62.38461538461539
DOPG_chole_mRNA,79,12,0079_R0012,0.1671395092228834,0.1671395092228834,2345,2345,14,14,0,0,0,167.5,197,644.7142857142857,78.5
DOPG_chole_mRNA,79,13,0079_R0013,0.047754145492252396,0.047754145492252396,607,607,4,4,0,0,0,151.75,154,461.75,95
DOPG_chole_mRNA,79,14,0079_R0014,0.5611112095339656,0.5611112095339656,7726,7726,47,47,0,0,0,164.38297872340425,192,454.06382978723406,105.14893617021276
DOPG_chole_mRNA,79,15,0079_R0015,0.047754145492252396,0.047754145492252396,624,624,4,4,0,0,0,156,163,57.5,109.5
DOPG_chole_mRNA,79,16,0079_R0016,0.1313239001036941,0.1313239001036941,1734,1734,11,11,0,0,0,157.63636363636363,164,67.0909090909091,110.63636363636364
DOPG_chole_mRNA,79,17,0079_R0017,0.0596926818653155,0.0596926818653155,767,767,5,5,0,0,0,153.4,158,74.8,110.6
DOPG_chole_mRNA,79,18,0079_R0018,0.047754145492252396,0.047754145492252396,611,611,4,4,0,0,0,152.75,155,630.5,114.5
DOPG_chole_mRNA,79,19,0079_R0019,1.086406809948742,1.086406809948742,15679,15679,91,91,0,0,0,172.2967032967033,206,417.1098901098901,119.85714285714286
DOPG_chole_mRNA,79,20,0079_R0020,0.035815609119189296,0.035815609119189296,459,459,3,3,0,0,0,153,155,58.666666666666664,116.66666666666667
DOPG_chole_mRNA,79,21,0079_R0021,0.1671395092228834,0.1671395092228834,2230,2230,14,14,0,0,0,159.28571428571428,184,89.35714285714286,118.07142857142857
DOPG_chole_mRNA,79,22,0079_R0022,0.238770727461262,0.238770727461262,3125,3125,20,20,0,0,0,156.25,177,47.7,125.8
DOPG_chole_mRNA,79,23,0079_R0023,0.023877072746126198,0.023877072746126198,299,299,2,2,0,0,0,149.5,150,89.5,124
DOPG_chole_mRNA,79,24,0079_R0024,0.0596926818653155,0.0596926818653155,761,761,5,5,0,0,0,152.2,158,67.8,129.4
DOPG_chole_mRNA,79,25,0079_R0025,0.2029551183420727,0.2029551183420727,2817,2817,17,17,0,0,0,165.7058823529412,193,261.5882352941176,133.88235294117646
DOPG_chole_mRNA,79,26,0079_R0026,0.0596926818653155,0.0596926818653155,771,771,5,5,0,0,0,154.2,160,65.6,147.2
DOPG_chole_mRNA,79,27,0079_R0027,6.721395978034525,6.673641832542272,105826,105251,563,559,4,0,1,188.2844364937388,530,117.82826475849731,184.43470483005368
DOPG_chole_mRNA,79,28,0079_R0028,0.238770727461262,0.238770727461262,3059,3059,20,20,0,0,0,152.95,161,115,200.75
DOPG_chole_mRNA,79,29,0079_R0029,0.0596926818653155,0.0596926818653155,789,789,5,5,0,0,0,157.8,160,420.6,200.2
DOPG_chole_mRNA,79,30,0079_R0030,0.238770727461262,0.238770727461262,3207,3207,20,20,0,0,0,160.35,177,554.4,262.75
DOPG_chole_mRNA,79,31,0079_R0031,0.023877072746126198,0.023877072746126198,300,300,2,2,0,0,0,150,150,400.5,301
DOPG_chole_mRNA,79,32,0079_R0032,0.2984634093265775,0.2984634093265775,4125,4125,25,25,0,0,0,165,199,400.28,323.12
DOPG_chole_mRNA,79,33,0079_R0033,1.5281326557520767,1.5281326557520767,29597,29597,128,128,0,0,0,231.2265625,632,296.5625,368.1015625
DOPG_chole_mRNA,79,34,0079_R0034,0.047754145492252396,0.047754145492252396,598,598,4,4,0,0,0,149.5,150,390.5,373
DOPG_chole_mRNA,79,35,0079_R0035,0.047754145492252396,0.047754145492252396,607,607,4,4,0,0,0,151.75,154,406.5,383.5
DOPG_chole_mRNA,79,36,0079_R0036,0.023877072746126198,0.023877072746126198,301,301,2,2,0,0,0,150.5,152,394,387.5
DOPG_chole_mRNA,79,37,0079_R0037,0.047754145492252396,0.047754145492252396,606,606,4,4,0,0,0,151.5,156,162.75,396
DOPG_chole_mRNA,79,38,0079_R0038,0.6088653550262181,0.6088653550262181,8068,8068,51,51,0,0,0,158.19607843137254,180,418.1372549019608,401.3333333333333
DOPG_chole_mRNA,79,39,0079_R0039,0.119385363730631,0.119385363730631,1506,1506,10,10,0,0,0,150.6,155,367.6,414.2
DOPG_chole_mRNA,79,40,0079_R0040,0.0596926818653155,0.0596926818653155,754,754,5,5,0,0,0,150.8,153,377.4,421.2
DOPG_chole_mRNA,79,41,0079_R0041,0.1313239001036941,0.1313239001036941,1658,1658,11,11,0,0,0,150.72727272727272,156,302.54545454545456,423.27272727272725
DOPG_chole_mRNA,79,42,0079_R0042,0.39397170031108225,0.39397170031108225,5518,5518,33,33,0,0,0,167.21212121212122,202,659.8787878787879,431.3030303030303
DOPG_chole_mRNA,79,43,0079_R0043,0.3462175548188299,0.3462175548188299,5117,5117,29,29,0,0,0,176.44827586206895,224,500.6896551724138,448.55172413793105
DOPG_chole_mRNA,79,44,0079_R0044,0.5252956004147764,0.5252956004147764,6652,6652,44,44,0,0,0,151.1818181818182,159,277.6818181818182,449.5
DOPG_chole_mRNA,79,45,0079_R0045,0.8237590097413539,0.8237590097413539,10498,10498,69,69,0,0,0,152.14492753623188,161,260.7536231884058,453.57971014492756
DOPG_chole_mRNA,79,46,0079_R0046,0.023877072746126198,0.023877072746126198,308,308,2,2,0,0,0,154,157,536.5,454
DOPG_chole_mRNA,79,47,0079_R0047,0.07163121823837859,0.07163121823837859,922,922,6,6,0,0,0,153.66666666666666,159,521.5,464
DOPG_chole_mRNA,79,48,0079_R0048,0.28652487295351436,0.28652487295351436,4145,4145,24,24,0,0,0,172.70833333333334,225,514.5,468.5
DOPG_chole_mRNA,79,49,0079_R0049,0.2626478002073882,0.2626478002073882,3746,3746,22,22,0,0,0,170.27272727272728,211,552.0909090909091,475.09090909090907
DOPG_chole_mRNA,79,50,0079_R0050,1.0267141280834264,1.0267141280834264,14473,14473,86,86,0,0,0,168.2906976744186,219,464.1860465116279,480.5813953488372
DOPG_chole_mRNA,79,51,0079_R0051,0.4059102366841454,0.4059102366841454,6268,6268,34,34,0,0,0,184.35294117647058,278,504.5,489.29411764705884
DOPG_chole_mRNA,79,52,0079_R0052,0.047754145492252396,0.047754145492252396,623,623,4,4,0,0,0,155.75,161,526.75,490
DOPG_chole_mRNA,79,53,0079_R0053,0.2626478002073882,0.2626478002073882,3650,3650,22,22,0,0,0,165.9090909090909,195,460.04545454545456,492.6818181818182
DOPG_chole_mRNA,79,54,0079_R0054,0.238770727461262,0.238770727461262,3151,3151,20,20,0,0,0,157.55,174,200.65,498.65
DOPG_chole_mRNA,79,55,0079_R0055,0.22683219108819888,0.22683219108819888,3066,3066,19,19,0,0,0,161.3684210526316,185,518.3684210526316,500.2631578947368
DOPG_chole_mRNA,79,56,0079_R0056,0.35815609119189296,0.35815609119189296,5142,5142,30,30,0,0,0,171.4,226,372.5,507
DOPG_chole_mRNA,79,57,0079_R0057,0.9431443734719849,0.9431443734719849,14118,14118,79,79,0,0,0,178.70886075949366,254,539.3291139240506,507.5822784810127
DOPG_chole_mRNA,79,58,0079_R0058,0.119385363730631,0.119385363730631,1551,1551,10,10,0,0,0,155.1,160,470,507.5
DOPG_chole_mRNA,79,59,0079_R0059,0.035815609119189296,0.035815609119189296,455,455,3,3,0,0,0,151.66666666666666,152,519.3333333333334,506.6666666666667
DOPG_chole_mRNA,79,60,0079_R0060,0.6208038913992812,0.6208038913992812,10482,10482,52,52,0,0,0,201.57692307692307,342,459.5769230769231,512.4423076923077
DOPG_chole_mRNA,79,61,0079_R0061,0.6804965732645967,0.6804965732645967,11481,11481,57,57,0,0,0,201.42105263157896,384,569.8245614035088,513.6666666666666
DOPG_chole_mRNA,79,62,0079_R0062,0.48947999129558706,0.48947999129558706,6329,6329,41,41,0,0,0,154.3658536585366,169,337.9268292682927,515.2682926829268
DOPG_chole_mRNA,79,63,0079_R0063,0.0596926818653155,0.0596926818653155,755,755,5,5,0,0,0,151,154,331.8,514
DOPG_chole_mRNA,79,64,0079_R0064,0.10744682735756789,0.10744682735756789,1386,1386,9,9,0,0,0,154,159,506.3333333333333,518.4444444444445
DOPG_chole_mRNA,79,65,0079_R0065,0.047754145492252396,0.047754145492252396,618,618,4,4,0,0,0,154.5,157,555.5,519.5
DOPG_chole_mRNA,79,66,0079_R0066,0.38203316393801917,0.38203316393801917,5023,5023,32,32,0,0,0,156.96875,171,416.125,525.1875
DOPG_chole_mRNA,79,67,0079_R0067,0.047754145492252396,0.047754145492252396,605,605,4,4,0,0,0,151.25,154,536.5,522.5
DOPG_chole_mRNA,79,68,0079_R0068,0.0596926818653155,0.0596926818653155,758,758,5,5,0,0,0,151.6,155,472,525
DOPG_chole_mRNA,79,69,0079_R0069,0.023877072746126198,0.023877072746126198,302,302,2,2,0,0,0,151,151,409,525.5
DOPG_chole_mRNA,79,70,0079_R0070,0.477541454922524,0.477541454922524,6074,6074,40,40,0,0,0,151.85,159,256.95,531.975
DOPG_chole_mRNA,79,71,0079_R0071,0.8118204733682908,0.8118204733682908,11652,11652,68,68,0,0,0,171.35294117647058,245,424.8235294117647,543.6911764705883
DOPG_chole_mRNA,79,72,0079_R0072,1.5997638739904554,1.5997638739904554,25956,25956,134,134,0,0,0,193.70149253731344,411,204.13432835820896,555.5746268656717
DOPG_chole_mRNA,79,73,0079_R0073,0.119385363730631,0.119385363730631,1574,1574,10,10,0,0,0,157.4,168,391.2,549
DOPG_chole_mRNA,79,74,0079_R0074,0.2626478002073882,0.2626478002073882,3473,3473,22,22,0,0,0,157.86363636363637,176,436.6818181818182,552.2727272727273
DOPG_chole_mRNA,79,75,0079_R0075,0.119385363730631,0.119385363730631,1582,1582,10,10,0,0,0,158.2,168,410.8,554
DOPG_chole_mRNA,79,76,0079_R0076,0.14326243647675718,0.14326243647675718,1863,1863,12,12,0,0,0,155.25,167,400.5,555.5
DOPG_chole_mRNA,79,77,0079_R0077,0.035815609119189296,0.035815609119189296,455,455,3,3,0,0,0,151.66666666666666,154,333.3333333333333,556.6666666666666
DOPG_chole_mRNA,79,78,0079_R0078,0.5133570640417132,0.5133570640417132,7843,7843,43,43,0,0,0,182.3953488372093,280,446.95348837209303,562.3023255813954
DOPG_chole_mRNA,79,79,0079_R0079,1.2893619282908146,1.2893619282908146,17307,17307,108,108,0,0,0,160.25,196,230.9351851851852,567.4166666666666
DOPG_chole_mRNA,79,80,0079_R0080,0.39397170031108225,0.39397170031108225,5796,5796,33,33,0,0,0,175.63636363636363,238,541.8181818181819,574.030303030303
DOPG_chole_mRNA,79,81,0079_R0081,0.14326243647675718,0.14326243647675718,1810,1810,12,12,0,0,0,150.83333333333334,156,552.0833333333334,573.6666666666666
DOPG_chole_mRNA,79,82,0079_R0082,0.14326243647675718,0.14326243647675718,1866,1866,12,12,0,0,0,155.5,170,340.3333333333333,574.25
DOPG_chole_mRNA,79,83,0079_R0083,0.2029551183420727,0.2029551183420727,2773,2773,17,17,0,0,0,163.11764705882354,186,407.4117647058824,576.7647058823529
DOPG_chole_mRNA,79,84,0079_R0084,1.2535463191716254,1.2535463191716254,16364,16364,105,105,0,0,0,155.84761904761905,181,158.1238095238095,599.1142857142858
DOPG_chole_mRNA,79,85,0079_R0085,0.6804965732645967,0.6804965732645967,8851,8851,57,57,0,0,0,155.28070175438597,174,168.49122807017545,612.5964912280701
DOPG_chole_mRNA,79,86,0079_R0086,1.563948264871266,1.563948264871266,20312,20312,131,131,0,0,0,155.05343511450383,168,157.45801526717557,622.6870229007634
DOPG_chole_mRNA,79,87,0079_R0087,0.14326243647675718,0.14326243647675718,1831,1831,12,12,0,0,0,152.58333333333334,162,419.9166666666667,626.1666666666666
DOPG_chole_mRNA,79,88,0079_R0088,0.023877072746126198,0.023877072746126198,302,302,2,2,0,0,0,151,151,608.5,629
DOPG_chole_mRNA,79,89,0079_R0089,0.10744682735756789,0.10744682735756789,1380,1380,9,9,0,0,0,153.33333333333334,160,702.8888888888889,637.6666666666666
DOPG_chole_mRNA,79,90,0079_R0090,2.4951541019701877,2.4951541019701877,36491,36491,209,209,0,0,0,174.5980861244019,253,193.29186602870814,644.3205741626795
DOPG_chole_mRNA,79,91,0079_R0091,0.3104019456996406,0.3104019456996406,4336,4336,26,26,0,0,0,166.76923076923077,216,466.6923076923077,637.7692307692307
DOPG_chole_mRNA,79,92,0079_R0092,0.21489365471513577,0.21489365471513577,2740,2740,18,18,0,0,0,152.22222222222223,161,430.1666666666667,645
DOPG_chole_mRNA,79,93,0079_R0093,0.42978730943027155,0.42978730943027155,6553,6553,36,36,0,0,0,182.02777777777777,260,481.6111111111111,652.1388888888889
DOPG_chole_mRNA,79,94,0079_R0094,0.6446809641454073,0.6446809641454073,9869,9869,54,54,0,0,0,182.75925925925927,276,433.3333333333333,655.0185185185185
DOPG_chole_mRNA,79,95,0079_R0095,2.8533101931620806,2.8533101931620806,38370,38370,239,239,0,0,0,160.5439330543933,189,334.0794979079498,659.2133891213389
DOPG_chole_mRNA,79,96,0079_R0096,0.047754145492252396,0.047754145492252396,605,605,4,4,0,0,0,151.25,155,198.5,654.5
DOPG_chole_mRNA,79,97,0079_R0097,0.38203316393801917,0.38203316393801917,5526,5526,32,32,0,0,0,172.6875,226,210.5,661.5
DOPG_chole_mRNA,79,98,0079_R0098,0.0596926818653155,0.0596926818653155,757,757,5,5,0,0,0,151.4,155,186.6,664.8
DOPG_chole_mRNA,79,99,0079_R0099,0.28652487295351436,0.28652487295351436,4285,4285,24,24,0,0,0,178.54166666666666,233,3,669.7083333333334
DOPG_chole_mRNA,79,100,0079_R0100,0.14326243647675718,0.14326243647675718,1852,1852,12,12,0,0,0,154.33333333333334,162,354.9166666666667,671.1666666666666
DOPG_chole_mRNA,79,101,0079_R0101,0.023877072746126198,0.023877072746126198,303,303,2,2,0,0,0,151.5,154,219,673.5
DOPG_chole_mRNA,79,102,0079_R0102,0.023877072746126198,0.023877072746126198,298,298,2,2,0,0,0,149,151,221.5,674
DOPG_chole_mRNA,79,103,0079_R0103,0.07163121823837859,0.07163121823837859,918,918,6,6,0,0,0,153,159,502.1666666666667,676.3333333333334
DOPG_chole_mRNA,79,104,0079_R0104,3.73676188476875,3.73676188476875,57277,57277,313,313,0,0,0,182.99361022364218,238,200.3961661341853,687.8306709265175
DOPG_chole_mRNA,79,105,0079_R0105,0.023877072746126198,0.023877072746126198,306,306,2,2,0,0,0,153,158,460.5,690
DOPG_chole_mRNA,80,1,0080_R0001,0.047754145492252396,0.047754145492252396,613,613,4,4,0,0,0,153.25,154,169.5,1
DOPG_chole_mRNA,80,2,0080_R0002,0.3462175548188299,0.3462175548188299,5024,5024,29,29,0,0,0,173.24137931034483,228,168.41379310344828,24.448275862068964
DOPG_chole_mRNA,80,3,0080_R0003,0.46560291854946084,0.46560291854946084,6092,6092,39,39,0,0,0,156.2051282051282,168,43.794871794871796,71.58974358974359
DOPG_chole_mRNA,80,4,0080_R0004,0.21489365471513577,0.21489365471513577,2746,2746,18,18,0,0,0,152.55555555555554,162,35.22222222222222,75.94444444444444
DOPG_chole_mRNA,80,5,0080_R0005,0.047754145492252396,0.047754145492252396,611,611,4,4,0,0,0,152.75,154,43.75,78.25
DOPG_chole_mRNA,80,6,0080_R0006,0.9908985189642372,0.9908985189642372,13572,13572,83,83,0,0,0,163.51807228915663,189,134.09638554216866,90.43373493975903
DOPG_chole_mRNA,80,7,0080_R0007,0.2984634093265775,0.2984634093265775,4313,4313,25,25,0,0,0,172.52,215,211.6,96.96
DOPG_chole_mRNA,80,8,0080_R0008,0.035815609119189296,0.035815609119189296,455,455,3,3,0,0,0,151.66666666666666,155,182,109
DOPG_chole_mRNA,80,9,0080_R0009,0.19101658196900959,0.19101658196900959,2584,2584,16,16,0,0,0,161.5,178,315.25,179.375
DOPG_chole_mRNA,80,10,0080_R0010,0.22683219108819888,0.22683219108819888,3156,3156,19,19,0,0,0,166.10526315789474,186,236.05263157894737,209.3684210526316
DOPG_chole_mRNA,80,11,0080_R0011,0.1313239001036941,0.1313239001036941,1710.9999999999998,1711,11,11,0,0,0,155.54545454545453,163,702.0909090909091,236.36363636363637
DOPG_chole_mRNA,80,12,0080_R0012,0.10744682735756789,0.10744682735756789,1412,1412,9,9,0,0,0,156.88888888888889,164,537.7777777777778,249.44444444444446
DOPG_chole_mRNA,80,13,0080_R0013,0.07163121823837859,0.07163121823837859,948,948,6,6,0,0,0,158,165,439.5,250
DOPG_chole_mRNA,80,14,0080_R0014,0.19101658196900959,0.19101658196900959,2498,2498,16,16,0,0,0,156.125,166,530.6875,251.625
DOPG_chole_mRNA,80,15,0080_R0015,0.023877072746126198,0.023877072746126198,305,305,2,2,0,0,0,152.5,154,35,261.5
DOPG_chole_mRNA,80,16,0080_R0016,0.3700946275649561,0.3700946275649561,4896,4896,31,31,0,0,0,157.93548387096774,170,4.548387096774194,279.5483870967742
DOPG_chole_mRNA,80,17,0080_R0017,0.0835697546114417,0.0835697546114417,1076,1076,7,7,0,0,0,153.71428571428572,158,303.42857142857144,297.42857142857144
DOPG_chole_mRNA,80,18,0080_R0018,0.84763608248748,0.84763608248748,11549,11549,71,71,0,0,0,162.66197183098592,187,591.0140845070423,313.3521126760563
DOPG_chole_mRNA,80,19,0080_R0019,0.21489365471513577,0.21489365471513577,2765,2765,18,18,0,0,0,153.61111111111111,163,684.8333333333334,311.22222222222223
DOPG_chole_mRNA,80,20,0080_R0020,0.2745863365804513,0.2745863365804513,3624,3624,23,23,0,0,0,157.56521739130434,174,611.4347826086956,314.60869565217394
DOPG_chole_mRNA,80,21,0080_R0021,0.023877072746126198,0.023877072746126198,304,304,2,2,0,0,0,152,152,283,314.5
DOPG_chole_mRNA,80,22,0080_R0022,3.127896529742532,3.127896529742532,54600,54600,262,262,0,0,0,208.3969465648855,528,668.4847328244275,329.2709923664122
DOPG_chole_mRNA,80,23,0080_R0023,0.035815609119189296,0.035815609119189296,461,461,3,3,0,0,0,153.66666666666666,156,287.3333333333333,321.3333333333333
DOPG_chole_mRNA,80,24,0080_R0024,0.023877072746126198,0.023877072746126198,305,305,2,2,0,0,0,152.5,153,612,323.5
DOPG_chole_mRNA,80,25,0080_R0025,0.2626478002073882,0.2626478002073882,3535,3535,22,22,0,0,0,160.6818181818182,180,100.4090909090909,354
DOPG_chole_mRNA,80,26,0080_R0026,0.07163121823837859,0.07163121823837859,927,927,6,6,0,0,0,154.5,160,106,358.5
DOPG_chole_mRNA,80,27,0080_R0027,0.119385363730631,0.119385363730631,1568,1568,10,10,0,0,0,156.8,163,647.8,359.5
DOPG_chole_mRNA,80,28,0080_R0028,0.21489365471513577,0.21489365471513577,2905,2905,18,18,0,0,0,161.38888888888889,182,99.88888888888889,360.72222222222223
DOPG_chole_mRNA,80,29,0080_R0029,0.9073287643527955,0.9073287643527955,13509,13509,76,76,0,0,0,177.75,258,586.9078947368421,365.14473684210526
DOPG_chole_mRNA,80,30,0080_R0030,0.3700946275649561,0.3700946275649561,5332,5332,31,31,0,0,0,172,220,595.4193548387096,363.4516129032258
DOPG_chole_mRNA,80,31,0080_R0031,0.0596926818653155,0.0596926818653155,779,779,5,5,0,0,0,155.8,161,563.4,366.2
DOPG_chole_mRNA,80,32,0080_R0032,1.587825337617392,1.587825337617392,24311,24311,133,133,0,0,0,182.78947368421052,307,603.4661654135339,373.8646616541353
DOPG_chole_mRNA,80,33,0080_R0033,0.047754145492252396,0.047754145492252396,628,628,4,4,0,0,0,157,160,574.5,368.5
DOPG_chole_mRNA,80,34,0080_R0034,0.6208038913992812,0.6208038913992812,8185,8185,52,52,0,0,0,157.40384615384616,176,695.5769230769231,389.9423076923077
DOPG_chole_mRNA,80,35,0080_R0035,1.205792173679373,1.19385363730631,15538.000000000002,15392,101,100,1,0,1,153.92,167,681.72,390.59
DOPG_chole_mRNA,80,36,0080_R0036,0.023877072746126198,0.023877072746126198,305,305,2,2,0,0,0,152.5,153,691,388.5
DOPG_chole_mRNA,80,37,0080_R0037,0.07163121823837859,0.07163121823837859,919,919,6,6,0,0,0,153.16666666666666,155,455.6666666666667,395.3333333333333
DOPG_chole_mRNA,80,38,0080_R0038,0.14326243647675718,0.14326243647675718,1867,1867,12,12,0,0,0,155.58333333333334,166,272.5,420.5
DOPG_chole_mRNA,80,39,0080_R0039,1.9698585015554113,1.9698585015554113,44666,44666,165,165,0,0,0,270.7030303030303,860,299.4727272727273,494.8121212121212
DOPG_chole_mRNA,80,40,0080_R0040,0.023877072746126198,0.023877072746126198,304,304,2,2,0,0,0,152,154,396,520.5
DOPG_chole_mRNA,80,41,0080_R0041,0.023877072746126198,0.023877072746126198,303,303,2,2,0,0,0,151.5,152,404,526.5
DOPG_chole_mRNA,80,42,0080_R0042,0.2984634093265775,0.2984634093265775,4002.0000000000005,4002,25,25,0,0,0,160.08,185,5.52,529.6
DOPG_chole_mRNA,80,43,0080_R0043,11.28191687254463,10.840191026741294,170129,164744,945,908,37,0,1,181.43612334801762,501,408.88546255506606,550.4856828193832
DOPG_chole_mRNA,80,44,0080_R0044,0.41784877305720847,0.41784877305720847,5979,5979,35,35,0,0,0,170.82857142857142,209,380.0571428571429,554.0857142857143
DOPG_chole_mRNA,80,45,0080_R0045,0.3462175548188299,0.3462175548188299,4591,4591,29,29,0,0,0,158.31034482758622,174,430.7931034482759,566.0344827586207
DOPG_chole_mRNA,80,46,0080_R0046,0.6566195005184704,0.6566195005184704,8376,8376,55,55,0,0,0,152.29090909090908,158,232,568.1636363636363
DOPG_chole_mRNA,80,47,0080_R0047,0.32234048207270366,0.32234048207270366,4998,4998,27,27,0,0,0,185.11111111111111,249,125.07407407407408,568.4074074074074
DOPG_chole_mRNA,80,48,0080_R0048,0.047754145492252396,0.047754145492252396,605,605,4,4,0,0,0,151.25,152,388.75,573
DOPG_chole_mRNA,80,49,0080_R0049,0.5252956004147764,0.5252956004147764,7219,7219,44,44,0,0,0,164.0681818181818,212,413.27272727272725,575.6136363636364
DOPG_chole_mRNA,80,50,0080_R0050,5.217140395028574,5.121632104044069,69736,68569,437,429,8,0,1,159.83449883449885,211,404.4918414918415,594.4708624708625
DOPG_chole_mRNA,80,51,0080_R0051,0.10744682735756789,0.10744682735756789,1368,1368,9,9,0,0,0,152,156,415.77777777777777,583.3333333333334
DOPG_chole_mRNA,80,52,0080_R0052,0.0596926818653155,0.0596926818653155,763,763,5,5,0,0,0,152.6,154,415.6,589.6
DOPG_chole_mRNA,80,53,0080_R0053,0.047754145492252396,0.047754145492252396,617,617,4,4,0,0,0,154.25,158,165.5,605.5
DOPG_chole_mRNA,80,54,0080_R0054,0.119385363730631,0.119385363730631,1579,1579,10,10,0,0,0,157.9,167,415.8,612.5
DOPG_chole_mRNA,80,55,0080_R0055,1.2893619282908146,1.2893619282908146,17924,17924,108,108,0,0,0,165.96296296296296,212,159.9814814814815,623.8055555555555
DOPG_chole_mRNA,80,56,0080_R0056,0.1552009728498203,0.1552009728498203,1982,1982,13,13,0,0,0,152.46153846153845,157,170.3846153846154,632.6923076923077
DOPG_chole_mRNA,80,57,0080_R0057,0.2745863365804513,0.2745863365804513,3803,3803,23,23,0,0,0,165.34782608695653,193,149.6086956521739,637.5652173913044
DOPG_chole_mRNA,80,58,0080_R0058,1.074468273575679,1.074468273575679,16114,16114,90,90,0,0,0,179.04444444444445,255,171.0222222222222,641.1666666666666
DOPG_chole_mRNA,80,59,0080_R0059,0.047754145492252396,0.047754145492252396,613,613,4,4,0,0,0,153.25,158,346.5,674.5
DOPG_chole_mRNA,81,1,0081_R0001,0.39397170031108225,0.39397170031108225,5072,5072,33,33,0,0,0,153.6969696969697,164,31.303030303030305,4.515151515151516
DOPG_chole_mRNA,81,2,0081_R0002,0.07163121823837859,0.07163121823837859,959,959,6,6,0,0,0,159.83333333333334,168,463.1666666666667,16.166666666666668
DOPG_chole_mRNA,81,3,0081_R0003,0.023877072746126198,0.023877072746126198,310,310,2,2,0,0,0,155,159,462.5,27
DOPG_chole_mRNA,81,4,0081_R0004,0.48947999129558706,0.48947999129558706,6689.999999999999,6690,41,41,0,0,0,163.17073170731706,209,458.4878048780488,37.73170731707317
DOPG_chole_mRNA,81,5,0081_R0005,0.22683219108819888,0.22683219108819888,3359,3359,19,19,0,0,0,176.78947368421052,218,563.7894736842105,91
DOPG_chole_mRNA,81,6,0081_R0006,0.023877072746126198,0.023877072746126198,313,313,2,2,0,0,0,156.5,160,504,134.5
DOPG_chole_mRNA,81,7,0081_R0007,0.19101658196900959,0.19101658196900959,2437,2437,16,16,0,0,0,152.3125,157,554.8125,224.1875
DOPG_chole_mRNA,81,8,0081_R0008,0.3104019456996406,0.3104019456996406,4358,4358,26,26,0,0,0,167.6153846153846,187,590.1538461538462,237.42307692307693
DOPG_chole_mRNA,81,9,0081_R0009,0.023877072746126198,0.023877072746126198,308,308,2,2,0,0,0,154,155,38.5,255
DOPG_chole_mRNA,81,10,0081_R0010,0.1552009728498203,0.1552009728498203,2027.0000000000002,2027,13,13,0,0,0,155.92307692307693,167,525.5384615384615,270.84615384615387
DOPG_chole_mRNA,81,11,0081_R0011,0.41784877305720847,0.41784877305720847,5655,5655,35,35,0,0,0,161.57142857142858,182,11.571428571428571,286.9142857142857
DOPG_chole_mRNA,81,12,0081_R0012,0.035815609119189296,0.035815609119189296,458,458,3,3,0,0,0,152.66666666666666,156,648.6666666666666,297.3333333333333
DOPG_chole_mRNA,81,13,0081_R0013,0.14326243647675718,0.14326243647675718,1896,1896,12,12,0,0,0,158,170,0.4166666666666667,310.5833333333333
DOPG_chole_mRNA,81,14,0081_R0014,0.28652487295351436,0.28652487295351436,3930,3930,24,24,0,0,0,163.75,190,546.0416666666666,310.2916666666667
DOPG_chole_mRNA,81,15,0081_R0015,0.17907804559594648,0.17907804559594648,2482,2482,15,15,0,0,0,165.46666666666667,185,8.066666666666666,320.73333333333335
DOPG_chole_mRNA,81,16,0081_R0016,1.802718992332528,1.802718992332528,24473,24473,151,151,0,0,0,162.0728476821192,184,441.42384105960264,373.80132450331126
DOPG_chole_mRNA,81,17,0081_R0017,0.047754145492252396,0.047754145492252396,615,615,4,4,0,0,0,153.75,160,324,376.5
DOPG_chole_mRNA,81,18,0081_R0018,0.035815609119189296,0.035815609119189296,459,459,3,3,0,0,0,153,155,316.3333333333333,376.3333333333333
DOPG_chole_mRNA,81,19,0081_R0019,0.7163121823837859,0.7163121823837859,13536,13536,60,60,0,0,0,225.6,491,572.1833333333333,394.18333333333334
DOPG_chole_mRNA,81,20,0081_R0020,0.0835697546114417,0.0835697546114417,1067,1067,7,7,0,0,0,152.42857142857142,159,125.28571428571429,399.42857142857144
DOPG_chole_mRNA,81,21,0081_R0021,0.1313239001036941,0.1313239001036941,1741,1741,11,11,0,0,0,158.27272727272728,168,31.636363636363637,408.54545454545456
DOPG_chole_mRNA,81,22,0081_R0022,0.6327424277723442,0.6327424277723442,9485,9485,53,53,0,0,0,178.96226415094338,240,323.6792452830189,410.54716981132077
DOPG_chole_mRNA,81,23,0081_R0023,0.023877072746126198,0.023877072746126198,306,306,2,2,0,0,0,153,155,478.5,408.5
DOPG_chole_mRNA,81,24,0081_R0024,0.10744682735756789,0.10744682735756789,1387,1387,9,9,0,0,0,154.11111111111111,159,517.1111111111111,412.3333333333333
DOPG_chole_mRNA,81,25,0081_R0025,0.035815609119189296,0.035815609119189296,461,461,3,3,0,0,0,153.66666666666666,156,480.6666666666667,420.6666666666667
DOPG_chole_mRNA,81,26,0081_R0026,0.1313239001036941,0.1313239001036941,1674,1674,11,11,0,0,0,152.1818181818182,155,491.45454545454544,424.54545454545456
DOPG_chole_mRNA,81,27,0081_R0027,0.14326243647675718,0.14326243647675718,1841,1841,12,12,0,0,0,153.41666666666666,158,422.5,432.75
DOPG_chole_mRNA,81,28,0081_R0028,0.023877072746126198,0.023877072746126198,313,313,2,2,0,0,0,156.5,158,142,449.5
DOPG_chole_mRNA,81,29,0081_R0029,0.5252956004147764,0.5252956004147764,8554,8554,44,44,0,0,0,194.4090909090909,294,161.1818181818182,451.95454545454544
DOPG_chole_mRNA,81,30,0081_R0030,0.119385363730631,0.119385363730631,1572,1572,10,10,0,0,0,157.2,167,426.2,458.5
DOPG_chole_mRNA,81,31,0081_R0031,0.07163121823837859,0.07163121823837859,919,919,6,6,0,0,0,153.16666666666666,156,465.5,460
DOPG_chole_mRNA,81,32,0081_R0032,2.793617511296765,2.793617511296765,46154,46154,234,234,0,0,0,197.23931623931625,282,667.6752136752136,467.56410256410254
DOPG_chole_mRNA,81,33,0081_R0033,0.035815609119189296,0.035815609119189296,466,466,3,3,0,0,0,155.33333333333334,156,71.66666666666667,489.3333333333333
DOPG_chole_mRNA,81,34,0081_R0034,0.09550829098450479,0.09550829098450479,1227,1227,8,8,0,0,0,153.375,157,376.75,501
DOPG_chole_mRNA,81,35,0081_R0035,1.5042555830059505,1.5042555830059505,19673,19673,126,126,0,0,0,156.13492063492063,173,349.6190476190476,520.2936507936508
DOPG_chole_mRNA,81,36,0081_R0036,0.19101658196900959,0.19101658196900959,2488,2488,16,16,0,0,0,155.5,163,302.5625,516.5625
DOPG_chole_mRNA,81,37,0081_R0037,0.9789599825911741,0.9789599825911741,12634,12634,82,82,0,0,0,154.0731707317073,170,334.6707317073171,523.439024390244
DOPG_chole_mRNA,81,38,0081_R0038,1.575886801244329,1.563948264871266,20352,20204,132,131,1,0,1,154.2290076335878,167,102.90076335877863,525.1832061068702
DOPG_chole_mRNA,81,39,0081_R0039,0.023877072746126198,0.023877072746126198,302,302,2,2,0,0,0,151,151,310.5,520
DOPG_chole_mRNA,81,40,0081_R0040,0.047754145492252396,0.047754145492252396,611,611,4,4,0,0,0,152.75,154,324.25,521.75
DOPG_chole_mRNA,81,41,0081_R0041,0.047754145492252396,0.047754145492252396,605,605,4,4,0,0,0,151.25,152,318.75,524
DOPG_chole_mRNA,81,42,0081_R0042,0.3104019456996406,0.3104019456996406,4034.9999999999995,4035,26,26,0,0,0,155.19230769230768,163,338.5,540.6538461538462
DOPG_chole_mRNA,81,43,0081_R0043,0.5372341367878395,0.5372341367878395,7007,7007,45,45,0,0,0,155.7111111111111,163,105.26666666666667,549.4444444444445
DOPG_chole_mRNA,81,44,0081_R0044,1.456501437513698,1.456501437513698,22888,22888,122,122,0,0,0,187.60655737704917,266,233.79508196721312,563.6229508196722
DOPG_chole_mRNA,81,45,0081_R0045,1.5520097284982028,1.5520097284982028,22800,22800,130,130,0,0,0,175.3846153846154,221,123.33076923076923,580.4384615384615
DOPG_chole_mRNA,81,46,0081_R0046,0.2626478002073882,0.2626478002073882,3388,3388,22,22,0,0,0,154,161,90.31818181818181,602.7727272727273
DOPG_chole_mRNA,81,47,0081_R0047,1.6355794831096446,1.6355794831096446,24286,24286,137,137,0,0,0,177.27007299270073,301,319.53284671532845,616.2043795620438
DOPG_chole_mRNA,81,48,0081_R0048,0.1552009728498203,0.1552009728498203,2135,2135,13,13,0,0,0,164.23076923076923,181,305.15384615384613,623.4615384615385
DOPG_chole_mRNA,81,49,0081_R0049,0.09550829098450479,0.09550829098450479,1239,1239,8,8,0,0,0,154.875,168,358.125,626.125
DOPG_chole_mRNA,81,50,0081_R0050,1.0028370553373003,1.0028370553373003,15683,15683,84,84,0,0,0,186.70238095238096,284,366.9166666666667,630.6071428571429
DOPG_chole_mRNA,81,51,0081_R0051,0.5252956004147764,0.5252956004147764,8830,8830,44,44,0,0,0,200.6818181818182,326,279.8863636363636,638.7954545454545
DOPG_chole_mRNA,81,52,0081_R0052,0.047754145492252396,0.047754145492252396,625,625,4,4,0,0,0,156.25,159,297.5,645.5
DOPG_chole_mRNA,81,53,0081_R0053,0.3462175548188299,0.3462175548188299,5018,5018,29,29,0,0,0,173.0344827586207,226,291.9655172413793,658.0344827586207
DOPG_chole_mRNA,82,1,0082_R0001,0.0596926818653155,0.0596926818653155,768,768,5,5,0,0,0,153.6,156,582.8,48.6
DOPG_chole_mRNA,82,2,0082_R0002,0.19101658196900959,0.19101658196900959,2462,2462,16,16,0,0,0,153.875,161,625.4375,62.875
DOPG_chole_mRNA,82,3,0082_R0003,0.0596926818653155,0.0596926818653155,786,786,5,5,0,0,0,157.2,163,140.8,113.4
DOPG_chole_mRNA,82,4,0082_R0004,4.632152112748482,4.512766749017851,61257.99999999999,59801,388,378,10,0,1,158.2037037037037,186,390.9153439153439,234.12698412698413
DOPG_chole_mRNA,82,5,0082_R0005,0.5372341367878395,0.5372341367878395,6993,6993,45,45,0,0,0,155.4,168,507.9111111111111,230.48888888888888
DOPG_chole_mRNA,82,6,0082_R0006,0.1313239001036941,0.1313239001036941,1736,1736,11,11,0,0,0,157.8181818181818,166,494.90909090909093,228.63636363636363
DOPG_chole_mRNA,82,7,0082_R0007,0.1552009728498203,0.1552009728498203,2005,2005,13,13,0,0,0,154.23076923076923,163,516.3846153846154,232.3846153846154
DOPG_chole_mRNA,82,8,0082_R0008,1.0505912008295528,1.0505912008295528,14179,14179,88,88,0,0,0,161.125,204,514.3295454545455,245.9090909090909
DOPG_chole_mRNA,82,9,0082_R0009,0.1313239001036941,0.1313239001036941,1716,1716,11,11,0,0,0,156,165,498.54545454545456,239.36363636363637
DOPG_chole_mRNA,82,10,0082_R0010,0.42978730943027155,0.42978730943027155,5829,5829,36,36,0,0,0,161.91666666666666,185,498.0833333333333,249.19444444444446
DOPG_chole_mRNA,82,11,0082_R0011,0.1671395092228834,0.1671395092228834,2285,2285,14,14,0,0,0,163.21428571428572,186,564,273.5
DOPG_chole_mRNA,82,12,0082_R0012,0.32234048207270366,0.32234048207270366,4190,4190,27,27,0,0,0,155.1851851851852,167,403.8888888888889,312.3703703703704
DOPG_chole_mRNA,82,13,0082_R0013,0.0596926818653155,0.0596926818653155,768,768,5,5,0,0,0,153.6,157,520.2,312.4
DOPG_chole_mRNA,82,14,0082_R0014,0.25070926383432507,0.238770727461262,3181,3035,21,20,1,0,1,151.75,158,460.3,332.65
DOPG_chole_mRNA,82,15,0082_R0015,1.4206858283945087,1.4206858283945087,18938,18938,119,119,0,0,0,159.14285714285714,175,456.85714285714283,347.65546218487395
DOPG_chole_mRNA,82,16,0082_R0016,1.1102838826948682,1.1102838826948682,15032,15032,93,93,0,0,0,161.63440860215053,177,458.4301075268817,362.9462365591398
DOPG_chole_mRNA,82,17,0082_R0017,3.868085784872444,3.868085784872444,53179,53179,324,324,0,0,0,164.1327160493827,188,330.5,374.47222222222223
DOPG_chole_mRNA,82,18,0082_R0018,5.443972586116773,5.443972586116773,78210,78210,456,456,0,0,0,171.51315789473685,214,465.2127192982456,388.6074561403509
DOPG_chole_mRNA,82,19,0082_R0019,0.8834516916066694,0.8834516916066694,11775,11775,74,74,0,0,0,159.1216216216216,179,342.86486486486484,384.1081081081081
DOPG_chole_mRNA,82,20,0082_R0020,0.9789599825911741,0.9789599825911741,12949,12949,82,82,0,0,0,157.91463414634146,173,354.6951219512195,388.5853658536585
DOPG_chole_mRNA,82,21,0082_R0021,2.053428256166853,2.053428256166853,31747.000000000004,31747,172,172,0,0,0,184.57558139534885,259,436.5406976744186,392.66279069767444
DOPG_chole_mRNA,82,22,0082_R0022,0.6446809641454073,0.6327424277723442,8298,8154,54,53,1,0,1,153.8490566037736,165,305.811320754717,391.79245283018867
DOPG_chole_mRNA,82,23,0082_R0023,0.07163121823837859,0.07163121823837859,915,915,6,6,0,0,0,152.5,158,365,401.8333333333333
DOPG_chole_mRNA,82,24,0082_R0024,1.6475180194827077,1.6475180194827077,22595.999999999996,22596,138,138,0,0,0,163.7391304347826,185,293.8840579710145,409.42028985507244
DOPG_chole_mRNA,82,25,0082_R0025,0.10744682735756789,0.10744682735756789,1369,1369,9,9,0,0,0,152.11111111111111,159,361.3333333333333,406
DOPG_chole_mRNA,82,26,0082_R0026,0.9789599825911741,0.9789599825911741,13259,13259,82,82,0,0,0,161.6951219512195,186,477.4390243902439,411.4634146341463
DOPG_chole_mRNA,82,27,0082_R0027,2.0295511834207267,2.0295511834207267,31329.999999999996,31330,170,170,0,0,0,184.2941176470588,251,463.7470588235294,417.9647058823529
DOPG_chole_mRNA,82,28,0082_R0028,0.1671395092228834,0.1671395092228834,2141,2141,14,14,0,0,0,152.92857142857142,161,378.7857142857143,416
DOPG_chole_mRNA,82,29,0082_R0029,0.023877072746126198,0.023877072746126198,306,306,2,2,0,0,0,153,154,319,426.5
DOPG_chole_mRNA,82,30,0082_R0030,0.047754145492252396,0.047754145492252396,608,608,4,4,0,0,0,152,154,312.75,430.75
DOPG_chole_mRNA,82,31,0082_R0031,0.09550829098450479,0.09550829098450479,1258,1258,8,8,0,0,0,157.25,170,180.125,441.125
DOPG_chole_mRNA,82,32,0082_R0032,0.42978730943027155,0.42978730943027155,5471,5471,36,36,0,0,0,151.97222222222223,159,280.94444444444446,446.55555555555554
DOPG_chole_mRNA,82,33,0082_R0033,0.047754145492252396,0.047754145492252396,609,609,4,4,0,0,0,152.25,155,288.5,446
DOPG_chole_mRNA,82,34,0082_R0034,2.280260447255052,2.280260447255052,32667,32667,191,191,0,0,0,171.03141361256544,270,331.83769633507853,451.94240837696333
DOPG_chole_mRNA,82,35,0082_R0035,0.5133570640417132,0.5133570640417132,6604,6604,43,43,0,0,0,153.58139534883722,163,365.51162790697674,448.13953488372096
DOPG_chole_mRNA,82,36,0082_R0036,6.172223304873622,6.172223304873622,92673,92673,517,517,0,0,0,179.25145067698259,251,314.7330754352031,476.93810444874276
DOPG_chole_mRNA,82,37,0082_R0037,0.09550829098450479,0.09550829098450479,1220,1220,8,8,0,0,0,152.5,158,336.625,478.125
DOPG_chole_mRNA,82,38,0082_R0038,0.22683219108819888,0.22683219108819888,3059,3059,19,19,0,0,0,161,181,221.78947368421052,484
DOPG_chole_mRNA,82,39,0082_R0039,0.1552009728498203,0.1552009728498203,1976,1976,13,13,0,0,0,152,159,202.53846153846155,495
DOPG_chole_mRNA,82,40,0082_R0040,0.07163121823837859,0.07163121823837859,915,915,6,6,0,0,0,152.5,159,247.16666666666666,504.3333333333333
DOPG_chole_mRNA,82,41,0082_R0041,0.0835697546114417,0.0835697546114417,1063,1063,7,7,0,0,0,151.85714285714286,155,334,504
DOPG_chole_mRNA,82,42,0082_R0042,3.856147248499381,3.856147248499381,51386.00000000001,51386,323,323,0,0,0,159.08978328173376,179,183.4829721362229,527.0495356037152
DOPG_chole_mRNA,82,43,0082_R0043,0.41784877305720847,0.41784877305720847,5731,5731,35,35,0,0,0,163.74285714285713,190,301.65714285714284,539.5428571428571
DOPG_chole_mRNA,82,44,0082_R0044,0.0835697546114417,0.0835697546114417,1104,1104,7,7,0,0,0,157.71428571428572,165,204.14285714285714,547.7142857142857
DOPG_chole_mRNA,82,45,0082_R0045,0.0596926818653155,0.0596926818653155,780,780,5,5,0,0,0,156,163,585.4,548.8
DOPG_chole_mRNA,82,46,0082_R0046,0.28652487295351436,0.28652487295351436,4115,4115,24,24,0,0,0,171.45833333333334,212,496,554.2916666666666
DOPG_chole_mRNA,82,47,0082_R0047,0.0835697546114417,0.0835697546114417,1089,1089,7,7,0,0,0,155.57142857142858,165,49.714285714285715,565.5714285714286
DOPG_chole_mRNA,82,48,0082_R0048,0.07163121823837859,0.07163121823837859,938,938,6,6,0,0,0,156.33333333333334,167,481.5,569
DOPG_chole_mRNA,82,49,0082_R0049,0.09550829098450479,0.09550829098450479,1260,1260,8,8,0,0,0,157.5,165,241,588.5
DOPG_chole_mRNA,82,50,0082_R0050,0.42978730943027155,0.42978730943027155,5841,5841,36,36,0,0,0,162.25,186,253.5,592.1111111111111
DOPG_chole_mRNA,82,51,0082_R0051,0.07163121823837859,0.07163121823837859,925,925,6,6,0,0,0,154.16666666666666,158,573.5,596
DOPG_chole_mRNA,82,52,0082_R0052,0.035815609119189296,0.035815609119189296,464,464,3,3,0,0,0,154.66666666666666,159,330.6666666666667,596.3333333333334
DOPG_chole_mRNA,82,53,0082_R0053,0.047754145492252396,0.047754145492252396,618,618,4,4,0,0,0,154.5,159,254.5,598.5
DOPG_chole_mRNA,82,54,0082_R0054,0.5730497459070287,0.5730497459070287,7389,7389,48,48,0,0,0,153.9375,166,59.958333333333336,616.375
DOPG_chole_mRNA,82,55,0082_R0055,0.84763608248748,0.84763608248748,10981,10981,71,71,0,0,0,154.66197183098592,167,70.87323943661971,653.3802816901408
DOPG_chole_mRNA,82,56,0082_R0056,0.3104019456996406,0.3104019456996406,4183,4183,26,26,0,0,0,160.8846153846154,188,263.88461538461536,657.1923076923077
DOPG_chole_mRNA,82,57,0082_R0057,0.14326243647675718,0.14326243647675718,1940,1940,12,12,0,0,0,161.66666666666666,178,275.25,660.6666666666666
DOPG_chole_mRNA,82,58,0082_R0058,0.10744682735756789,0.10744682735756789,1401,1401,9,9,0,0,0,155.66666666666666,163,466,665
DOPG_chole_mRNA,82,59,0082_R0059,0.023877072746126198,0.023877072746126198,310,310,2,2,0,0,0,155,158,441,671.5
DOPG_chole_mRNA,82,60,0082_R0060,0.035815609119189296,0.035815609119189296,458,458,3,3,0,0,0,152.66666666666666,158,431,672.6666666666666
DOPG_chole_mRNA,82,61,0082_R0061,0.035815609119189296,0.035815609119189296,454,454,3,3,0,0,0,151.33333333333334,152,435.6666666666667,674.6666666666666
DOPG_chole_mRNA,82,62,0082_R0062,0.1313239001036941,0.1313239001036941,1695,1695,11,11,0,0,0,154.0909090909091,158,440.8181818181818,685.9090909090909
DOPG_chole_mRNA,82,63,0082_R0063,0.2029551183420727,0.2029551183420727,2624,2624,17,17,0,0,0,154.35294117647058,162,444.70588235294116,691.1764705882352
DOPG_chole_mRNA,82,64,0082_R0064,0.023877072746126198,0.023877072746126198,303,303,2,2,0,0,0,151.5,154,456,694.5
DOPG_chole_mRNA,83,1,0083_R0001,0.09550829098450479,0.09550829098450479,1226,1226,8,8,0,0,0,153.25,162,188.25,46.375
DOPG_chole_mRNA,83,2,0083_R0002,0.6924351096376598,0.6924351096376598,9175,9175,58,58,0,0,0,158.18965517241378,174,183.3448275862069,55.06896551724138
DOPG_chole_mRNA,83,3,0083_R0003,0.023877072746126198,0.023877072746126198,304,304,2,2,0,0,0,152,155,580,103.5
DOPG_chole_mRNA,83,4,0083_R0004,0.25070926383432507,0.25070926383432507,3192,3192,21,21,0,0,0,152,159,310.9047619047619,124.66666666666667
DOPG_chole_mRNA,83,5,0083_R0005,0.0835697546114417,0.0835697546114417,1078,1078,7,7,0,0,0,154,159,628.7142857142857,178.42857142857142
DOPG_chole_mRNA,83,6,0083_R0006,0.28652487295351436,0.28652487295351436,3691,3691,24,24,0,0,0,153.79166666666666,168,630.625,195.375
DOPG_chole_mRNA,83,7,0083_R0007,0.14326243647675718,0.14326243647675718,1827,1827,12,12,0,0,0,152.25,157,626.5833333333334,203.41666666666666
DOPG_chole_mRNA,83,8,0083_R0008,0.119385363730631,0.119385363730631,1537,1537,10,10,0,0,0,153.7,158,623.6,207.8
DOPG_chole_mRNA,83,9,0083_R0009,0.1671395092228834,0.1671395092228834,2230,2230,14,14,0,0,0,159.28571428571428,173,628.5,211.71428571428572
DOPG_chole_mRNA,83,10,0083_R0010,0.047754145492252396,0.047754145492252396,611,611,4,4,0,0,0,152.75,156,632,236.75
DOPG_chole_mRNA,83,11,0083_R0011,1.2416077827985623,1.2416077827985623,15865.000000000002,15865,104,104,0,0,0,152.54807692307693,163,373.63461538461536,281.61538461538464
DOPG_chole_mRNA,83,12,0083_R0012,0.41784877305720847,0.41784877305720847,5298,5298,35,35,0,0,0,151.37142857142857,158,379.2857142857143,292.45714285714286
DOPG_chole_mRNA,83,13,0083_R0013,0.17907804559594648,0.17907804559594648,2348,2348,15,15,0,0,0,156.53333333333333,166,619.9333333333333,313.4
DOPG_chole_mRNA,83,14,0083_R0014,0.1552009728498203,0.1552009728498203,2009,2009,13,13,0,0,0,154.53846153846155,159,596,318.6923076923077
DOPG_chole_mRNA,83,15,0083_R0015,0.48947999129558706,0.48947999129558706,6311.999999999999,6312,41,41,0,0,0,153.9512195121951,167,611.2926829268292,320.0243902439024
DOPG_chole_mRNA,83,16,0083_R0016,0.17907804559594648,0.17907804559594648,2390,2390,15,15,0,0,0,159.33333333333334,175,440.8666666666667,330.46666666666664
DOPG_chole_mRNA,83,17,0083_R0017,0.047754145492252396,0.047754145492252396,615,615,4,4,0,0,0,153.75,160,239.5,334
DOPG_chole_mRNA,83,18,0083_R0018,0.2029551183420727,0.2029551183420727,2562,2562,17,17,0,0,0,150.7058823529412,159,113.76470588235294,349.2352941176471
DOPG_chole_mRNA,83,19,0083_R0019,1.3132390010369408,1.3132390010369408,19775,19775,110,110,0,0,0,179.77272727272728,281,597.5727272727273,366.76363636363635
DOPG_chole_mRNA,83,20,0083_R0020,0.4059102366841454,0.4059102366841454,6172,6172,34,34,0,0,0,181.52941176470588,249,610.7941176470588,363.0882352941176
DOPG_chole_mRNA,83,21,0083_R0021,0.09550829098450479,0.09550829098450479,1219,1219,8,8,0,0,0,152.375,158,356.125,363.5
DOPG_chole_mRNA,83,22,0083_R0022,0.1671395092228834,0.1671395092228834,2153,2153,14,14,0,0,0,153.78571428571428,160,494.14285714285717,383.42857142857144
DOPG_chole_mRNA,83,23,0083_R0023,0.09550829098450479,0.09550829098450479,1260,1260,8,8,0,0,0,157.5,165,447.125,387.125
DOPG_chole_mRNA,83,24,0083_R0024,0.477541454922524,0.477541454922524,6142,6142,40,40,0,0,0,153.55,160,479.175,389.775
DOPG_chole_mRNA,83,25,0083_R0025,0.5014185276686501,0.5014185276686501,8121,8121,42,42,0,0,0,193.35714285714286,284,559.9047619047619,390.54761904761904
DOPG_chole_mRNA,83,26,0083_R0026,0.035815609119189296,0.035815609119189296,451,451,3,3,0,0,0,150.33333333333334,151,462.6666666666667,392.3333333333333
DOPG_chole_mRNA,83,27,0083_R0027,0.0835697546114417,0.0835697546114417,1056,1056,7,7,0,0,0,150.85714285714286,153,475.7142857142857,395.14285714285717
DOPG_chole_mRNA,83,28,0083_R0028,0.32234048207270366,0.32234048207270366,4072,4072,27,27,0,0,0,150.8148148148148,155,461.1111111111111,399.55555555555554
DOPG_chole_mRNA,83,29,0083_R0029,0.035815609119189296,0.035815609119189296,453,453,3,3,0,0,0,151,152,464.6666666666667,398
DOPG_chole_mRNA,83,30,0083_R0030,0.17907804559594648,0.17907804559594648,2326,2326,15,15,0,0,0,155.06666666666666,172,367.06666666666666,409.8666666666667
DOPG_chole_mRNA,83,31,0083_R0031,0.0596926818653155,0.0596926818653155,773,773,5,5,0,0,0,154.6,159,389,417
DOPG_chole_mRNA,83,32,0083_R0032,0.2984634093265775,0.2984634093265775,4018,4018,25,25,0,0,0,160.72,181,406.16,425.64
DOPG_chole_mRNA,83,33,0083_R0033,0.1552009728498203,0.1552009728498203,1999,1999,13,13,0,0,0,153.76923076923077,160,414.6923076923077,433.46153846153845
DOPG_chole_mRNA,83,34,0083_R0034,0.047754145492252396,0.047754145492252396,623,623,4,4,0,0,0,155.75,164,699.5,446.5
DOPG_chole_mRNA,83,35,0083_R0035,0.0835697546114417,0.0835697546114417,1093,1093,7,7,0,0,0,156.14285714285714,164,311.2857142857143,467
DOPG_chole_mRNA,83,36,0083_R0036,0.047754145492252396,0.047754145492252396,613,613,4,4,0,0,0,153.25,156,66.75,471.75
DOPG_chole_mRNA,83,37,0083_R0037,0.17907804559594648,0.17907804559594648,2438,2438,15,15,0,0,0,162.53333333333333,193,153.4,473.4
DOPG_chole_mRNA,83,38,0083_R0038,0.32234048207270366,0.32234048207270366,4354,4354,27,27,0,0,0,161.25925925925927,188,292.44444444444446,484.25925925925924
DOPG_chole_mRNA,83,39,0083_R0039,0.035815609119189296,0.035815609119189296,462,462,3,3,0,0,0,154,157,52.666666666666664,489
DOPG_chole_mRNA,83,40,0083_R0040,0.1313239001036941,0.1313239001036941,1659,1659,11,11,0,0,0,150.8181818181818,154,4.2727272727272725,495.54545454545456
DOPG_chole_mRNA,83,41,0083_R0041,0.22683219108819888,0.22683219108819888,2918,2918,19,19,0,0,0,153.57894736842104,162,17.57894736842105,496.1578947368421
DOPG_chole_mRNA,83,42,0083_R0042,0.023877072746126198,0.023877072746126198,302,302,2,2,0,0,0,151,153,8.5,497
DOPG_chole_mRNA,83,43,0083_R0043,0.10744682735756789,0.10744682735756789,1373,1373,9,9,0,0,0,152.55555555555554,160,0.6666666666666666,500
DOPG_chole_mRNA,83,44,0083_R0044,0.035815609119189296,0.035815609119189296,456,456,3,3,0,0,0,152,155,68.33333333333333,498.3333333333333
DOPG_chole_mRNA,83,45,0083_R0045,0.48947999129558706,0.48947999129558706,7718,7718,41,41,0,0,0,188.2439024390244,286,109,500.7560975609756
DOPG_chole_mRNA,83,46,0083_R0046,0.5491726731609026,0.5491726731609026,7846,7846,46,46,0,0,0,170.56521739130434,216,241.02173913043478,501.3695652173913
DOPG_chole_mRNA,83,47,0083_R0047,0.119385363730631,0.119385363730631,1523,1523,10,10,0,0,0,152.3,157,230.8,506.7
DOPG_chole_mRNA,83,48,0083_R0048,0.023877072746126198,0.023877072746126198,306,306,2,2,0,0,0,153,155,269,508.5
DOPG_chole_mRNA,83,49,0083_R0049,0.047754145492252396,0.047754145492252396,608,608,4,4,0,0,0,152,153,154,520
DOPG_chole_mRNA,83,50,0083_R0050,0.2984634093265775,0.2984634093265775,4287,4287,25,25,0,0,0,171.48,216,427.6,546.72
DOPG_chole_mRNA,83,51,0083_R0051,3.7248233483956867,3.7009462756495606,49449,49155,312,310,2,0,1,158.56451612903226,191,116.44193548387096,562.4387096774194
DOPG_chole_mRNA,83,52,0083_R0052,0.023877072746126198,0.023877072746126198,317,317,2,2,0,0,0,158.5,159,309,650.5
DOPG_chole_mRNA,83,53,0083_R0053,0.1552009728498203,0.1552009728498203,2057,2057,13,13,0,0,0,158.23076923076923,170,314.61538461538464,656.6153846153846
DOPG_chole_mRNA,83,54,0083_R0054,0.3342790184457668,0.3342790184457668,4479,4479,28,28,0,0,0,159.96428571428572,176,490.7142857142857,661.6785714285714
DOPG_chole_mRNA,83,55,0083_R0055,0.3462175548188299,0.3462175548188299,4856,4856,29,29,0,0,0,167.44827586206895,200,482.44827586206895,673.4137931034483
DOPG_chole_mRNA,83,56,0083_R0056,3.9039013939916334,3.9039013939916334,53322.99999999999,53323,327,327,0,0,0,163.06727828746176,192,377.60550458715596,683.9418960244649
DOPG_chole_mRNA,83,57,0083_R0057,0.2029551183420727,0.2029551183420727,2697,2697,17,17,0,0,0,158.64705882352942,174,475.4117647058824,674.1176470588235
DOPG_chole_mRNA,83,58,0083_R0058,0.0835697546114417,0.0835697546114417,1078,1078,7,7,0,0,0,154,159,411.57142857142856,692.2857142857143
DOPG_chole_mRNA,84,1,0084_R0001,0.0835697546114417,0.0835697546114417,1125,1125,7,7,0,0,0,160.71428571428572,168,645.1428571428571,63.285714285714285
DOPG_chole_mRNA,84,2,0084_R0002,0.1552009728498203,0.1552009728498203,2009,2009,13,13,0,0,0,154.53846153846155,161,617.3846153846154,74.23076923076923
DOPG_chole_mRNA,84,3,0084_R0003,0.023877072746126198,0.023877072746126198,305,305,2,2,0,0,0,152.5,154,632,81.5
DOPG_chole_mRNA,84,4,0084_R0004,0.023877072746126198,0.023877072746126198,306,306,2,2,0,0,0,153,158,599.5,87
DOPG_chole_mRNA,84,5,0084_R0005,0.17907804559594648,0.17907804559594648,2284,2284,15,15,0,0,0,152.26666666666668,161,606.5333333333333,89
DOPG_chole_mRNA,84,6,0084_R0006,0.07163121823837859,0.07163121823837859,911,911,6,6,0,0,0,151.83333333333334,160,600.3333333333334,92.5
DOPG_chole_mRNA,84,7,0084_R0007,1.934042892436222,1.922104356063159,26165,26019,162,161,1,0,1,161.6086956521739,210,622.0807453416149,101.90683229813665
DOPG_chole_mRNA,84,8,0084_R0008,0.0596926818653155,0.0596926818653155,787,787,5,5,0,0,0,157.4,164,576.4,97.8
DOPG_chole_mRNA,84,9,0084_R0009,0.1552009728498203,0.1552009728498203,1997,1997,13,13,0,0,0,153.6153846153846,163,624.8461538461538,113.07692307692308
DOPG_chole_mRNA,84,10,0084_R0010,0.0835697546114417,0.0835697546114417,1087,1087,7,7,0,0,0,155.28571428571428,159,629.7142857142857,115.42857142857143
DOPG_chole_mRNA,84,11,0084_R0011,0.2745863365804513,0.2745863365804513,3796,3796,23,23,0,0,0,165.04347826086956,187,622.5652173913044,208.08695652173913
DOPG_chole_mRNA,84,12,0084_R0012,0.1552009728498203,0.1552009728498203,2023,2023,13,13,0,0,0,155.6153846153846,164,367.9230769230769,291.38461538461536
DOPG_chole_mRNA,84,13,0084_R0013,0.2029551183420727,0.2029551183420727,2834,2834,17,17,0,0,0,166.7058823529412,186,622.8823529411765,320.4117647058824
DOPG_chole_mRNA,84,14,0084_R0014,0.38203316393801917,0.38203316393801917,5027,5027,32,32,0,0,0,157.09375,170,646,356.8125
DOPG_chole_mRNA,84,15,0084_R0015,0.119385363730631,0.119385363730631,1512,1512,10,10,0,0,0,151.2,157,413.5,357.2
DOPG_chole_mRNA,84,16,0084_R0016,0.023877072746126198,0.023877072746126198,302,302,2,2,0,0,0,151,151,409.5,357.5
DOPG_chole_mRNA,84,17,0084_R0017,0.8237590097413539,0.8237590097413539,10499,10499,69,69,0,0,0,152.15942028985506,159,251.2463768115942,371.0869565217391
DOPG_chole_mRNA,84,18,0084_R0018,0.7760048642491014,0.7760048642491014,10097,10097,65,65,0,0,0,155.33846153846153,167,425.9230769230769,408.7230769230769
DOPG_chole_mRNA,84,19,0084_R0019,1.19385363730631,1.19385363730631,19072,19072,100,100,0,0,0,190.72,328,511.88,445.74
DOPG_chole_mRNA,84,20,0084_R0020,1.2893619282908146,1.2893619282908146,17271,17271,108,108,0,0,0,159.91666666666666,184,438.19444444444446,452.212962962963
DOPG_chole_mRNA,84,21,0084_R0021,0.9192673007258586,0.9192673007258586,12517,12517,77,77,0,0,0,162.55844155844156,184,529.5974025974026,561.8311688311688
DOPG_chole_mRNA,84,22,0084_R0022,0.22683219108819888,0.22683219108819888,2901,2901,19,19,0,0,0,152.68421052631578,169,532.6842105263158,609.1578947368421
DOPG_chole_mRNA,84,23,0084_R0023,0.2745863365804513,0.2745863365804513,3484,3484,23,23,0,0,0,151.47826086956522,155,506.04347826086956,613.2173913043479
DOPG_chole_mRNA,84,24,0084_R0024,0.023877072746126198,0.023877072746126198,299,299,2,2,0,0,0,149.5,150,538.5,613.5
DOPG_chole_mRNA,84,25,0084_R0025,4.751537476479114,4.751537476479114,61280,61280,398,398,0,0,0,153.96984924623115,167,519.0603015075377,636.3768844221106
DOPG_chole_mRNA,84,26,0084_R0026,11.24610126342544,11.24610126342544,159819,159819,942,942,0,0,0,169.65923566878982,200,596.8885350318471,677.6804670912951
DOPG_chole_mRNA,84,27,0084_R0027,0.07163121823837859,0.07163121823837859,907,907,6,6,0,0,0,151.16666666666666,153,578.8333333333334,662
DOPG_chole_mRNA,84,28,0084_R0028,0.0596926818653155,0.0596926818653155,767,767,5,5,0,0,0,153.4,155,495.2,675.4
DOPG_chole_mRNA,85,1,0085_R0001,0.023877072746126198,0.023877072746126198,307,307,2,2,0,0,0,153.5,156,505.5,90.5
DOPG_chole_mRNA,85,2,0085_R0002,0.0596926818653155,0.0596926818653155,764,764,5,5,0,0,0,152.8,158,295.2,152.6
DOPG_chole_mRNA,85,3,0085_R0003,0.14326243647675718,0.14326243647675718,1821,1821,12,12,0,0,0,151.75,156,622.5833333333334,315.8333333333333
DOPG_chole_mRNA,85,4,0085_R0004,1.3609931465291933,1.3609931465291933,19014,19014,114,114,0,0,0,166.78947368421052,200,284.3421052631579,327.2719298245614
DOPG_chole_mRNA,85,5,0085_R0005,0.1313239001036941,0.1313239001036941,1666.9999999999998,1667,11,11,0,0,0,151.54545454545453,158,297.45454545454544,328.6363636363636
DOPG_chole_mRNA,85,6,0085_R0006,0.14326243647675718,0.14326243647675718,1832,1832,12,12,0,0,0,152.66666666666666,155,327.1666666666667,328.0833333333333
DOPG_chole_mRNA,85,7,0085_R0007,1.1699765645601836,1.1699765645601836,15911,15911,98,98,0,0,0,162.35714285714286,185,410.48979591836735,336.5612244897959
DOPG_chole_mRNA,85,8,0085_R0008,1.0147755917103634,1.0147755917103634,13090,13090,85,85,0,0,0,154,174,304.1294117647059,345.8941176470588
DOPG_chole_mRNA,85,9,0085_R0009,0.1671395092228834,0.1671395092228834,2125,2125,14,14,0,0,0,151.78571428571428,160,424.57142857142856,350.57142857142856
DOPG_chole_mRNA,85,10,0085_R0010,1.934042892436222,1.922104356063159,25707,25562,162,161,1,0,1,158.77018633540374,179,432.6024844720497,366.832298136646
DOPG_chole_mRNA,85,11,0085_R0011,0.0835697546114417,0.0835697546114417,1063,1063,7,7,0,0,0,151.85714285714286,154,252.85714285714286,371.85714285714283
DOPG_chole_mRNA,85,12,0085_R0012,0.09550829098450479,0.09550829098450479,1258,1258,8,8,0,0,0,157.25,167,644.875,379.125
DOPG_chole_mRNA,85,13,0085_R0013,0.22683219108819888,0.22683219108819888,2871,2871,19,19,0,0,0,151.10526315789474,155,277.8421052631579,385.05263157894734
DOPG_chole_mRNA,85,14,0085_R0014,0.14326243647675718,0.14326243647675718,1900,1900,12,12,0,0,0,158.33333333333334,172,692.5,409
DOPG_chole_mRNA,85,15,0085_R0015,0.07163121823837859,0.07163121823837859,913,913,6,6,0,0,0,152.16666666666666,155,290,413.5
DOPG_chole_mRNA,85,16,0085_R0016,0.0596926818653155,0.0596926818653155,759,759,5,5,0,0,0,151.8,156,286.2,415.4
DOPG_chole_mRNA,85,17,0085_R0017,0.035815609119189296,0.035815609119189296,469,469,3,3,0,0,0,156.33333333333334,158,318.3333333333333,416.6666666666667
DOPG_chole_mRNA,85,18,0085_R0018,0.047754145492252396,0.047754145492252396,622,622,4,4,0,0,0,155.5,164,263.5,442.5
DOPG_chole_mRNA,85,19,0085_R0019,1.7191492377210862,1.7191492377210862,25698,25698,144,144,0,0,0,178.45833333333334,224,273.75,450.7291666666667
DOPG_chole_mRNA,85,20,0085_R0020,0.14326243647675718,0.14326243647675718,1886,1886,12,12,0,0,0,157.16666666666666,168,190.25,461.5833333333333
DOPG_chole_mRNA,85,21,0085_R0021,3.020449702384964,3.020449702384964,41957,41957,253,253,0,0,0,165.83794466403162,217,346.42292490118575,486.1897233201581
DOPG_chole_mRNA,85,22,0085_R0022,0.035815609119189296,0.035815609119189296,457,457,3,3,0,0,0,152.33333333333334,153,307,486.3333333333333
DOPG_chole_mRNA,85,23,0085_R0023,0.477541454922524,0.477541454922524,6346,6346,40,40,0,0,0,158.65,172,401.275,497.35
DOPG_chole_mRNA,85,24,0085_R0024,0.023877072746126198,0.023877072746126198,306,306,2,2,0,0,0,153,154,243.5,497
DOPG_chole_mRNA,85,25,0085_R0025,0.035815609119189296,0.035815609119189296,456,456,3,3,0,0,0,152,154,241.66666666666666,500.6666666666667
DOPG_chole_mRNA,85,26,0085_R0026,0.17907804559594648,0.17907804559594648,2358,2358,15,15,0,0,0,157.2,170,266.8666666666667,512.5333333333333
DOPG_chole_mRNA,85,27,0085_R0027,0.023877072746126198,0.023877072746126198,305,305,2,2,0,0,0,152.5,155,317.5,516
DOPG_chole_mRNA,85,28,0085_R0028,0.1671395092228834,0.1671395092228834,2154,2154,14,14,0,0,0,153.85714285714286,158,320.35714285714283,520.0714285714286
DOPG_chole_mRNA,85,29,0085_R0029,1.0983453463218051,1.0983453463218051,13980.999999999998,13981,92,92,0,0,0,151.9673913043478,163,232.1304347826087,561.4565217391304
DOPG_chole_mRNA,85,30,0085_R0030,0.39397170031108225,0.39397170031108225,5182,5182,33,33,0,0,0,157.03030303030303,169,269.3636363636364,565.6666666666666
DOPG_chole_mRNA,85,31,0085_R0031,0.09550829098450479,0.09550829098450479,1246,1246,8,8,0,0,0,155.75,163,254.875,584.125
DOPG_chole_mRNA,85,32,0085_R0032,0.047754145492252396,0.047754145492252396,620,620,4,4,0,0,0,155,162,344,590.75
DOPG_chole_mRNA,85,33,0085_R0033,0.0835697546114417,0.0835697546114417,1091,1091,7,7,0,0,0,155.85714285714286,160,622.7142857142857,612.1428571428571
DOPG_chole_mRNA,85,34,0085_R0034,2.566785320208566,2.566785320208566,35133,35133,215,215,0,0,0,163.4093023255814,209,553.3767441860465,644.1162790697674
DOPG_chole_mRNA,85,35,0085_R0035,2.984634093265775,2.984634093265775,41539,41539,250,250,0,0,0,166.156,202,567.332,672
DOPG_chole_mRNA,85,36,0085_R0036,1.3848702192753195,1.3848702192753195,18284,18284,116,116,0,0,0,157.6206896551724,168,503.1896551724138,680.3620689655172
DOPG_chole_mRNA,85,37,0085_R0037,0.023877072746126198,0.023877072746126198,309,309,2,2,0,0,0,154.5,156,209.5,676
DOPG_chole_mRNA,85,38,0085_R0038,1.0386526644564895,1.0386526644564895,13809,13809,87,87,0,0,0,158.72413793103448,182,461.0574712643678,691.0919540229885
DOPG_chole_mRNA,85,39,0085_R0039,0.21489365471513577,0.21489365471513577,2739,2739,18,18,0,0,0,152.16666666666666,162,530.6111111111111,688.8888888888889
66DOPC33DOPG_chole_mRNA,86,1,0086_R0001,1.5997638739904554,1.5997638739904554,21567,21567,134,134,0,0,0,160.94776119402985,187,632.6567164179105,5.276119402985074
66DOPC33DOPG_chole_mRNA,86,2,0086_R0002,0.0835697546114417,0.0835697546114417,1069,1069,7,7,0,0,0,152.71428571428572,156,640.7142857142857,0.42857142857142855
66DOPC33DOPG_chole_mRNA,86,3,0086_R0003,1.2416077827985623,1.2416077827985623,17127,17127,104,104,0,0,0,164.68269230769232,186,654.7788461538462,7.855769230769231
66DOPC33DOPG_chole_mRNA,86,4,0086_R0004,8.380852533890296,8.177897415548223,126081.00000000001,123593,702,685,17,0,1,180.42773722627737,361,625.5518248175182,33.71824817518248
66DOPC33DOPG_chole_mRNA,86,5,0086_R0005,0.09550829098450479,0.09550829098450479,1224,1224,8,8,0,0,0,153,158,670.25,36.125
66DOPC33DOPG_chole_mRNA,86,6,0086_R0006,2.7339248294314498,2.7339248294314498,37669,37669,229,229,0,0,0,164.4934497816594,209,670.5938864628821,54.427947598253276
66DOPC33DOPG_chole_mRNA,86,7,0086_R0007,4.811230158344429,4.811230158344429,69595,69595,403,403,0,0,0,172.69230769230768,276,629.3846153846154,76.39950372208436
66DOPC33DOPG_chole_mRNA,86,8,0086_R0008,2.280260447255052,2.280260447255052,34328,34328,191,191,0,0,0,179.72774869109946,241,650.5706806282723,68.8586387434555
66DOPC33DOPG_chole_mRNA,86,9,0086_R0009,1.4087472920214457,1.4087472920214457,18789,18789,118,118,0,0,0,159.22881355932202,177,685.1271186440678,67.78813559322033
66DOPC33DOPG_chole_mRNA,86,10,0086_R0010,1.922104356063159,1.922104356063159,26608,26608,161,161,0,0,0,165.26708074534162,204,679.9378881987577,81.74534161490683
66DOPC33DOPG_chole_mRNA,86,11,0086_R0011,0.7760048642491014,0.7760048642491014,10341,10341,65,65,0,0,0,159.09230769230768,174,645.5538461538462,87.36923076923077
66DOPC33DOPG_chole_mRNA,86,12,0086_R0012,7.939126688086961,7.939126688086961,123694,123694,665,665,0,0,0,186.00601503759398,352,644.3669172932331,110.28721804511278
66DOPC33DOPG_chole_mRNA,86,13,0086_R0013,0.39397170031108225,0.39397170031108225,5180,5180,33,33,0,0,0,156.96969696969697,172,701.2424242424242,110.81818181818181
66DOPC33DOPG_chole_mRNA,86,14,0086_R0014,1.0386526644564895,1.0386526644564895,15835.000000000002,15835,87,87,0,0,0,182.01149425287358,282,672.1724137931035,113.11494252873563
66DOPC33DOPG_chole_mRNA,86,15,0086_R0015,0.1313239001036941,0.1313239001036941,1701,1701,11,11,0,0,0,154.63636363636363,161,693.3636363636364,110.54545454545455
66DOPC33DOPG_chole_mRNA,86,16,0086_R0016,0.9312058370989217,0.9312058370989217,14879,14879,78,78,0,0,0,190.75641025641025,289,136.78205128205127,144.32051282051282
66DOPC33DOPG_chole_mRNA,86,17,0086_R0017,1.5997638739904554,1.5997638739904554,24085,24085,134,134,0,0,0,179.73880597014926,227,696.4328358208955,147.43283582089552
66DOPC33DOPG_chole_mRNA,86,18,0086_R0018,10.923760781352735,10.911822244979673,189383,189236,915,914,1,0,1,207.04157549234137,505,452.01312910284463,168.81619256017507
66DOPC33DOPG_chole_mRNA,86,19,0086_R0019,1.4803785102598244,1.4803785102598244,22721,22721,124,124,0,0,0,183.23387096774192,227,323.30645161290323,162.11290322580646
66DOPC33DOPG_chole_mRNA,86,20,0086_R0020,0.2984634093265775,0.2984634093265775,4033,4033,25,25,0,0,0,161.32,185,702.48,174.12
66DOPC33DOPG_chole_mRNA,86,21,0086_R0021,2.554846783835503,2.554846783835503,36874,36874,214,214,0,0,0,172.30841121495328,210,494.66355140186914,193.7803738317757
66DOPC33DOPG_chole_mRNA,86,22,0086_R0022,0.07163121823837859,0.07163121823837859,922,922,6,6,0,0,0,153.66666666666666,161,477.6666666666667,199.16666666666666
66DOPC33DOPG_chole_mRNA,86,23,0086_R0023,2.0295511834207267,2.0295511834207267,29332,29332,170,170,0,0,0,172.54117647058823,207,507.79411764705884,209.91176470588235
66DOPC33DOPG_chole_mRNA,86,24,0086_R0024,1.181915100933247,1.181915100933247,16434,16434,99,99,0,0,0,166,196,518.2222222222222,227.03030303030303
66DOPC33DOPG_chole_mRNA,86,25,0086_R0025,2.54290824746244,2.54290824746244,40541,40541,213,213,0,0,0,190.33333333333334,287,494.46948356807513,231.15023474178403
66DOPC33DOPG_chole_mRNA,86,26,0086_R0026,0.19101658196900959,0.19101658196900959,2443,2443,16,16,0,0,0,152.6875,160,478.875,226.125
66DOPC33DOPG_chole_mRNA,86,27,0086_R0027,1.4206858283945087,1.4206858283945087,21708,21708,119,119,0,0,0,182.42016806722688,251,510.3529411764706,262.5042016806723
66DOPC33DOPG_chole_mRNA,86,28,0086_R0028,0.2984634093265775,0.2984634093265775,3845.0000000000005,3845,25,25,0,0,0,153.8,164,533.6,285.96
66DOPC33DOPG_chole_mRNA,86,29,0086_R0029,8.154020342802097,8.154020342802097,143300,143300,683,683,0,0,0,209.80966325036604,543,399.5314787701318,298.01024890190337
66DOPC33DOPG_chole_mRNA,86,30,0086_R0030,0.1313239001036941,0.1313239001036941,1663,1663,11,11,0,0,0,151.1818181818182,154,488.09090909090907,288.8181818181818
66DOPC33DOPG_chole_mRNA,86,31,0086_R0031,1.8265960650786541,1.8265960650786541,28518.000000000004,28518,153,153,0,0,0,186.3921568627451,247,457.5947712418301,298.24183006535947
66DOPC33DOPG_chole_mRNA,86,32,0086_R0032,0.047754145492252396,0.047754145492252396,605,605,4,4,0,0,0,151.25,152,506.5,293.5
66DOPC33DOPG_chole_mRNA,86,33,0086_R0033,0.9312058370989217,0.9312058370989217,12083,12083,78,78,0,0,0,154.9102564102564,174,536.7435897435897,316.6666666666667
66DOPC33DOPG_chole_mRNA,86,34,0086_R0034,0.21489365471513577,0.21489365471513577,3121,3121,18,18,0,0,0,173.38888888888889,203,688.2777777777778,352.1111111111111
66DOPC33DOPG_chole_mRNA,86,35,0086_R0035,0.5849882822800918,0.5849882822800918,7440,7440,49,49,0,0,0,151.83673469387756,161,455.40816326530614,400.3673469387755
66DOPC33DOPG_chole_mRNA,86,36,0086_R0036,0.7163121823837859,0.7163121823837859,9759,9759,60,60,0,0,0,162.65,191,566.0666666666667,402.45
66DOPC33DOPG_chole_mRNA,86,37,0086_R0037,0.19101658196900959,0.19101658196900959,2429,2429,16,16,0,0,0,151.8125,154,580.875,410.75
66DOPC33DOPG_chole_mRNA,86,38,0086_R0038,0.09550829098450479,0.09550829098450479,1225,1225,8,8,0,0,0,153.125,160,581.875,416.5
66DOPC33DOPG_chole_mRNA,86,39,0086_R0039,0.035815609119189296,0.035815609119189296,452,452,3,3,0,0,0,150.66666666666666,151,563.3333333333334,417
66DOPC33DOPG_chole_mRNA,86,40,0086_R0040,1.3609931465291933,1.3609931465291933,17972,17972,114,114,0,0,0,157.64912280701753,173,615.8070175438596,421.53508771929825
66DOPC33DOPG_chole_mRNA,86,41,0086_R0041,0.5491726731609026,0.5491726731609026,7149,7149,46,46,0,0,0,155.41304347826087,168,303.5652173913044,427.0869565217391
66DOPC33DOPG_chole_mRNA,86,42,0086_R0042,0.035815609119189296,0.035815609119189296,460,460,3,3,0,0,0,153.33333333333334,157,586.6666666666666,425.6666666666667
66DOPC33DOPG_chole_mRNA,86,43,0086_R0043,0.5730497459070287,0.5730497459070287,7426,7426,48,48,0,0,0,154.70833333333334,163,437.3958333333333,432.625
66DOPC33DOPG_chole_mRNA,86,44,0086_R0044,0.9431443734719849,0.9431443734719849,14215,14215,79,79,0,0,0,179.9367088607595,322,630.2405063291139,440.9367088607595
66DOPC33DOPG_chole_mRNA,86,45,0086_R0045,0.2745863365804513,0.2745863365804513,3541,3541,23,23,0,0,0,153.95652173913044,163,145.7826086956522,442.17391304347825
66DOPC33DOPG_chole_mRNA,86,46,0086_R0046,2.2086292290166734,2.2086292290166734,31210,31210,185,185,0,0,0,168.7027027027027,223,605.6486486486486,455.43243243243245
66DOPC33DOPG_chole_mRNA,86,47,0086_R0047,1.325177537410004,1.325177537410004,17078,17078,111,111,0,0,0,153.85585585585585,164,641.4594594594595,453.72972972972974
66DOPC33DOPG_chole_mRNA,86,48,0086_R0048,0.35815609119189296,0.35815609119189296,4978,4978,30,30,0,0,0,165.93333333333334,197,617.2333333333333,451.93333333333334
66DOPC33DOPG_chole_mRNA,86,49,0086_R0049,0.19101658196900959,0.19101658196900959,2503,2503,16,16,0,0,0,156.4375,169,624,468.5
66DOPC33DOPG_chole_mRNA,86,50,0086_R0050,0.09550829098450479,0.09550829098450479,1261,1261,8,8,0,0,0,157.625,163,213.75,473.375
66DOPC33DOPG_chole_mRNA,86,51,0086_R0051,0.1671395092228834,0.1671395092228834,2197,2197,14,14,0,0,0,156.92857142857142,167,588.3571428571429,474.7857142857143
66DOPC33DOPG_chole_mRNA,86,52,0086_R0052,0.2626478002073882,0.2626478002073882,3406,3406,22,22,0,0,0,154.8181818181818,161,674.5,482.8181818181818
66DOPC33DOPG_chole_mRNA,86,53,0086_R0053,0.25070926383432507,0.25070926383432507,3444,3444,21,21,0,0,0,164,190,597,486
66DOPC33DOPG_chole_mRNA,86,54,0086_R0054,0.967021446218111,0.967021446218111,12392,12392,81,81,0,0,0,152.98765432098764,162,620.1975308641976,492.22222222222223
66DOPC33DOPG_chole_mRNA,86,55,0086_R0055,1.074468273575679,1.074468273575679,14747,14747,90,90,0,0,0,163.85555555555555,201,245.27777777777777,498.31111111111113
66DOPC33DOPG_chole_mRNA,86,56,0086_R0056,0.023877072746126198,0.023877072746126198,307,307,2,2,0,0,0,153.5,155,612,493.5
66DOPC33DOPG_chole_mRNA,86,57,0086_R0057,0.6924351096376598,0.6924351096376598,9416,9416,58,58,0,0,0,162.3448275862069,195,642.7241379310345,502.7758620689655
66DOPC33DOPG_chole_mRNA,86,58,0086_R0058,0.047754145492252396,0.047754145492252396,606,606,4,4,0,0,0,151.5,152,361.5,504
66DOPC33DOPG_chole_mRNA,86,59,0086_R0059,0.023877072746126198,0.023877072746126198,303,303,2,2,0,0,0,151.5,152,375.5,505
66DOPC33DOPG_chole_mRNA,86,60,0086_R0060,0.1671395092228834,0.1671395092228834,2140,2140,14,14,0,0,0,152.85714285714286,157,231.5,515.2142857142857
66DOPC33DOPG_chole_mRNA,86,61,0086_R0061,0.023877072746126198,0.023877072746126198,306,306,2,2,0,0,0,153,154,690,520.5
66DOPC33DOPG_chole_mRNA,86,62,0086_R0062,2.519031174716314,2.519031174716314,37309,37309,211,211,0,0,0,176.81990521327015,236,258.0568720379147,531.2938388625593
66DOPC33DOPG_chole_mRNA,86,63,0086_R0063,0.0835697546114417,0.0835697546114417,1110,1110,7,7,0,0,0,158.57142857142858,168,611,529.2857142857143
66DOPC33DOPG_chole_mRNA,86,64,0086_R0064,1.3132390010369408,1.3132390010369408,17228,17228,110,110,0,0,0,156.61818181818182,173,253.83636363636364,550.5818181818182
66DOPC33DOPG_chole_mRNA,86,65,0086_R0065,3.008511166011901,3.008511166011901,42088,42088,252,252,0,0,0,167.015873015873,194,206.86507936507937,567.6111111111111
66DOPC33DOPG_chole_mRNA,86,66,0086_R0066,0.2745863365804513,0.2745863365804513,3587,3587,23,23,0,0,0,155.95652173913044,168,409.2173913043478,562.8260869565217
66DOPC33DOPG_chole_mRNA,86,67,0086_R0067,1.7310877740941493,1.7310877740941493,22704,22704,145,145,0,0,0,156.57931034482758,177,327.19310344827585,588.3724137931034
66DOPC33DOPG_chole_mRNA,86,68,0086_R0068,0.4417258458033347,0.4417258458033347,5873.999999999999,5874,37,37,0,0,0,158.75675675675674,174,671.1351351351351,612.7567567567568
66DOPC33DOPG_chole_mRNA,86,69,0086_R0069,0.023877072746126198,0.023877072746126198,310,310,2,2,0,0,0,155,155,583.5,628
66DOPC33DOPG_chole_mRNA,87,1,0087_R0001,0.07163121823837859,0.07163121823837859,943,943,6,6,0,0,0,157.16666666666666,159,303.8333333333333,19
66DOPC33DOPG_chole_mRNA,87,2,0087_R0002,0.0835697546114417,0.0835697546114417,1085,1085,7,7,0,0,0,155,160,309,20
66DOPC33DOPG_chole_mRNA,87,3,0087_R0003,0.9789599825911741,0.9789599825911741,13115.999999999998,13116,82,82,0,0,0,159.9512195121951,201,678.7560975609756,63.09756097560975
66DOPC33DOPG_chole_mRNA,87,4,0087_R0004,0.2745863365804513,0.2745863365804513,3530,3530,23,23,0,0,0,153.47826086956522,160,669.1739130434783,62.73913043478261
66DOPC33DOPG_chole_mRNA,87,5,0087_R0005,0.19101658196900959,0.19101658196900959,2451,2451,16,16,0,0,0,153.1875,158,619.4375,65.75
66DOPC33DOPG_chole_mRNA,87,6,0087_R0006,0.047754145492252396,0.047754145492252396,617,617,4,4,0,0,0,154.25,157,702.25,69.75
66DOPC33DOPG_chole_mRNA,87,7,0087_R0007,0.09550829098450479,0.09550829098450479,1241,1241,8,8,0,0,0,155.125,159,592.125,71.875
66DOPC33DOPG_chole_mRNA,87,8,0087_R0008,6.208038913992811,6.208038913992811,92613,92613,520,520,0,0,0,178.10192307692307,233,616.1480769230769,89.15
66DOPC33DOPG_chole_mRNA,87,9,0087_R0009,0.0596926818653155,0.0596926818653155,767,767,5,5,0,0,0,153.4,157,596.4,74
66DOPC33DOPG_chole_mRNA,87,10,0087_R0010,1.1580380281871205,1.1580380281871205,15448,15448,97,97,0,0,0,159.2577319587629,181,671.5876288659794,92.15463917525773
66DOPC33DOPG_chole_mRNA,87,11,0087_R0011,0.3342790184457668,0.3342790184457668,4364,4364,28,28,0,0,0,155.85714285714286,168,328,97.32142857142857
66DOPC33DOPG_chole_mRNA,87,12,0087_R0012,0.047754145492252396,0.047754145492252396,621,621,4,4,0,0,0,155.25,162,637.5,99.5
66DOPC33DOPG_chole_mRNA,87,13,0087_R0013,0.3700946275649561,0.3700946275649561,5437,5437,31,31,0,0,0,175.38709677419354,228,638.6129032258065,110.35483870967742
66DOPC33DOPG_chole_mRNA,87,14,0087_R0014,0.3700946275649561,0.3700946275649561,4872,4872,31,31,0,0,0,157.16129032258064,167,619.5806451612904,120.51612903225806
66DOPC33DOPG_chole_mRNA,87,15,0087_R0015,0.023877072746126198,0.023877072746126198,312,312,2,2,0,0,0,156,157,703,121.5
66DOPC33DOPG_chole_mRNA,87,16,0087_R0016,0.596926818653155,0.596926818653155,8045,8045,50,50,0,0,0,160.9,173,123.72,131.4
66DOPC33DOPG_chole_mRNA,87,17,0087_R0017,0.238770727461262,0.238770727461262,3359,3359,20,20,0,0,0,167.95,204,309.1,159.05
66DOPC33DOPG_chole_mRNA,87,18,0087_R0018,1.1580380281871205,1.1580380281871205,16001.999999999998,16002,97,97,0,0,0,164.96907216494844,187,672.1855670103092,171.5979381443299
66DOPC33DOPG_chole_mRNA,87,19,0087_R0019,0.023877072746126198,0.023877072746126198,310,310,2,2,0,0,0,155,155,235,177.5
66DOPC33DOPG_chole_mRNA,87,20,0087_R0020,0.14326243647675718,0.14326243647675718,1887,1887,12,12,0,0,0,157.25,163,360.25,183.66666666666666
66DOPC33DOPG_chole_mRNA,87,21,0087_R0021,2.3518916654934303,2.3518916654934303,37842,37842,197,197,0,0,0,192.09137055837564,247,676.5076142131979,200.06091370558374
66DOPC33DOPG_chole_mRNA,87,22,0087_R0022,6.387116959588758,6.387116959588758,108592,108592,535,535,0,0,0,202.97570093457944,349,519.2280373831776,253.59626168224298
66DOPC33DOPG_chole_mRNA,87,23,0087_R0023,0.1313239001036941,0.1313239001036941,1841,1841,11,11,0,0,0,167.36363636363637,189,95.9090909090909,250.36363636363637
66DOPC33DOPG_chole_mRNA,87,24,0087_R0024,5.7543745318164135,5.7543745318164135,95199,95199,482,482,0,0,0,197.50829875518673,643,296.2966804979253,305.43983402489624
66DOPC33DOPG_chole_mRNA,87,25,0087_R0025,0.28652487295351436,0.28652487295351436,3704,3704,24,24,0,0,0,154.33333333333334,159,72.75,295.1666666666667
66DOPC33DOPG_chole_mRNA,87,26,0087_R0026,0.8356975461144169,0.8356975461144169,11535,11535,70,70,0,0,0,164.78571428571428,193,611.3857142857142,311
66DOPC33DOPG_chole_mRNA,87,27,0087_R0027,0.07163121823837859,0.07163121823837859,933,933,6,6,0,0,0,155.5,159,276.8333333333333,310.8333333333333
66DOPC33DOPG_chole_mRNA,87,28,0087_R0028,2.554846783835503,2.554846783835503,36302,36302,214,214,0,0,0,169.6355140186916,203,469.77570093457945,325.803738317757
66DOPC33DOPG_chole_mRNA,87,29,0087_R0029,0.0835697546114417,0.0835697546114417,1101,1101,7,7,0,0,0,157.28571428571428,162,243,316
66DOPC33DOPG_chole_mRNA,87,30,0087_R0030,0.21489365471513577,0.21489365471513577,2761,2761,18,18,0,0,0,153.38888888888889,160,640.2777777777778,320.22222222222223
66DOPC33DOPG_chole_mRNA,87,31,0087_R0031,0.5252956004147764,0.5252956004147764,6859,6859,44,44,0,0,0,155.88636363636363,167,386.25,332.4318181818182
66DOPC33DOPG_chole_mRNA,87,32,0087_R0032,1.074468273575679,1.074468273575679,14184,14184,90,90,0,0,0,157.6,171,635.7444444444444,335.46666666666664
66DOPC33DOPG_chole_mRNA,87,33,0087_R0033,0.19101658196900959,0.19101658196900959,2475,2475,16,16,0,0,0,154.6875,161,393.0625,335.25
66DOPC33DOPG_chole_mRNA,87,34,0087_R0034,0.023877072746126198,0.023877072746126198,312,312,2,2,0,0,0,156,159,580.5,333
66DOPC33DOPG_chole_mRNA,87,35,0087_R0035,0.3462175548188299,0.3462175548188299,4548,4548,29,29,0,0,0,156.82758620689654,170,395.9655172413793,343.37931034482756
66DOPC33DOPG_chole_mRNA,87,36,0087_R0036,1.910165819690096,1.910165819690096,27981,27981,160,160,0,0,0,174.88125,219,431.33125,346.7875
66DOPC33DOPG_chole_mRNA,87,37,0087_R0037,61.065613548217755,60.67164184790667,920119,915249,5115,5082,33,0,1,180.09622195985833,405,253.81050767414405,437.32152695789057
66DOPC33DOPG_chole_mRNA,87,38,0087_R0038,0.1671395092228834,0.1671395092228834,2194,2194,14,14,0,0,0,156.71428571428572,165,438,364.5
66DOPC33DOPG_chole_mRNA,87,39,0087_R0039,1.6117024103635185,1.6117024103635185,22562,22562,135,135,0,0,0,167.1259259259259,194,626.3185185185185,374.51851851851853
66DOPC33DOPG_chole_mRNA,87,40,0087_R0040,0.047754145492252396,0.047754145492252396,623,623,4,4,0,0,0,155.75,159,449.5,369.5
66DOPC33DOPG_chole_mRNA,87,41,0087_R0041,2.328014592747304,2.328014592747304,35439,35439,195,195,0,0,0,181.73846153846154,236,264.83076923076925,384.3333333333333
66DOPC33DOPG_chole_mRNA,87,42,0087_R0042,1.0983453463218051,1.0983453463218051,14391,14391,92,92,0,0,0,156.42391304347825,167,588.8804347826087,381.60869565217394
66DOPC33DOPG_chole_mRNA,87,43,0087_R0043,7.545154987775879,7.533216451402816,129087,128939,632,631,1,0,1,204.34072900158478,440,597.0903328050713,403.310618066561
66DOPC33DOPG_chole_mRNA,87,44,0087_R0044,0.84763608248748,0.84763608248748,11864,11864,71,71,0,0,0,167.09859154929578,204,556.9577464788732,395.5492957746479
66DOPC33DOPG_chole_mRNA,87,45,0087_R0045,0.6327424277723442,0.6327424277723442,8640,8640,53,53,0,0,0,163.0188679245283,185,423.20754716981133,407.1132075471698
66DOPC33DOPG_chole_mRNA,87,46,0087_R0046,0.39397170031108225,0.39397170031108225,5184,5184,33,33,0,0,0,157.0909090909091,168,277.7878787878788,409.3636363636364
66DOPC33DOPG_chole_mRNA,87,47,0087_R0047,0.8356975461144169,0.8356975461144169,10959,10959,70,70,0,0,0,156.55714285714285,167,441.25714285714287,409.5285714285714
66DOPC33DOPG_chole_mRNA,87,48,0087_R0048,3.7964545666340657,3.7964545666340657,58916,58916,318,318,0,0,0,185.27044025157232,296,406.5345911949685,427.32704402515725
66DOPC33DOPG_chole_mRNA,87,49,0087_R0049,0.4417258458033347,0.4417258458033347,5832,5832,37,37,0,0,0,157.6216216216216,171,341.64864864864865,430.4594594594595
66DOPC33DOPG_chole_mRNA,87,50,0087_R0050,0.38203316393801917,0.38203316393801917,5048,5048,32,32,0,0,0,157.75,170,310.5,440.0625
66DOPC33DOPG_chole_mRNA,87,51,0087_R0051,14.815723638971306,14.803785102598242,241398,241252,1241,1240,1,0,1,194.55806451612904,454,428.47903225806454,464.18145161290323
66DOPC33DOPG_chole_mRNA,87,52,0087_R0052,0.0596926818653155,0.0596926818653155,795,795,5,5,0,0,0,159,160,358.4,445.2
66DOPC33DOPG_chole_mRNA,87,53,0087_R0053,0.2984634093265775,0.2984634093265775,4029.9999999999995,4030,25,25,0,0,0,161.2,178,355.36,465.12
66DOPC33DOPG_chole_mRNA,87,54,0087_R0054,0.07163121823837859,0.07163121823837859,926,926,6,6,0,0,0,154.33333333333334,160,275.1666666666667,463.3333333333333
66DOPC33DOPG_chole_mRNA,87,55,0087_R0055,0.035815609119189296,0.035815609119189296,465,465,3,3,0,0,0,155,156,273.6666666666667,467.3333333333333
66DOPC33DOPG_chole_mRNA,87,56,0087_R0056,0.10744682735756789,0.10744682735756789,1391,1391,9,9,0,0,0,154.55555555555554,158,536.8888888888889,478.3333333333333
66DOPC33DOPG_chole_mRNA,87,57,0087_R0057,8.392791070263359,8.392791070263359,124570,124570,703,703,0,0,0,177.1977240398293,233,353.7610241820768,499.07112375533427
66DOPC33DOPG_chole_mRNA,87,58,0087_R0058,0.10744682735756789,0.10744682735756789,1383,1383,9,9,0,0,0,153.66666666666666,163,379,480
66DOPC33DOPG_chole_mRNA,87,59,0087_R0059,3.9277784667377595,3.9277784667377595,60755,60755,329,329,0,0,0,184.66565349544072,242,314.53495440729483,490.62006079027356
66DOPC33DOPG_chole_mRNA,87,60,0087_R0060,1.4923170466328874,1.4923170466328874,22760,22760,125,125,0,0,0,182.08,258,283.096,490.952
66DOPC33DOPG_chole_mRNA,87,61,0087_R0061,0.023877072746126198,0.023877072746126198,308,308,2,2,0,0,0,154,157,273,493.5
66DOPC33DOPG_chole_mRNA,87,62,0087_R0062,0.047754145492252396,0.047754145492252396,617,617,4,4,0,0,0,154.25,156,380.5,493.5
66DOPC33DOPG_chole_mRNA,87,63,0087_R0063,0.023877072746126198,0.023877072746126198,306,306,2,2,0,0,0,153,153,362.5,495.5
66DOPC33DOPG_chole_mRNA,87,64,0087_R0064,0.07163121823837859,0.07163121823837859,918,918,6,6,0,0,0,153,156,242.16666666666666,497
66DOPC33DOPG_chole_mRNA,87,65,0087_R0065,0.07163121823837859,0.07163121823837859,919,919,6,6,0,0,0,153.16666666666666,154,368.3333333333333,497.3333333333333
66DOPC33DOPG_chole_mRNA,87,66,0087_R0066,2.1966906926436103,2.1966906926436103,32321.000000000004,32321,184,184,0,0,0,175.6576086956522,222,388.5271739130435,511.1521739130435
66DOPC33DOPG_chole_mRNA,87,67,0087_R0067,2.3518916654934303,2.3518916654934303,38371,38371,197,197,0,0,0,194.7766497461929,293,302.7766497461929,523.3807106598985
66DOPC33DOPG_chole_mRNA,87,68,0087_R0068,4.632152112748482,4.632152112748482,71675,71675,388,388,0,0,0,184.72938144329896,248,329.3479381443299,533.9664948453608
66DOPC33DOPG_chole_mRNA,87,69,0087_R0069,2.375768738239557,2.363830201866494,39123,38976,199,198,1,0,1,196.84848484848484,332,49.85858585858586,531.929292929293
66DOPC33DOPG_chole_mRNA,87,70,0087_R0070,5.121632104044069,5.121632104044069,84661,84661,429,429,0,0,0,197.34498834498834,312,68.82051282051282,554.9044289044289
66DOPC33DOPG_chole_mRNA,87,71,0087_R0071,0.023877072746126198,0.023877072746126198,311,311,2,2,0,0,0,155.5,158,538.5,543
66DOPC33DOPG_chole_mRNA,87,72,0087_R0072,0.07163121823837859,0.07163121823837859,923,923,6,6,0,0,0,153.83333333333334,162,75.5,547
66DOPC33DOPG_chole_mRNA,87,73,0087_R0073,0.035815609119189296,0.035815609119189296,460,460,3,3,0,0,0,153.33333333333334,155,78,548
66DOPC33DOPG_chole_mRNA,87,74,0087_R0074,2.304137520001178,2.304137520001178,31723,31723,193,193,0,0,0,164.3678756476684,188,105.83419689119171,566.6476683937824
66DOPC33DOPG_chole_mRNA,87,75,0087_R0075,0.0596926818653155,0.0596926818653155,779,779,5,5,0,0,0,155.8,162,342,561
66DOPC33DOPG_chole_mRNA,87,76,0087_R0076,1.8504731378247803,1.8504731378247803,25675,25675,155,155,0,0,0,165.6451612903226,183,123.23225806451613,588.3225806451613
66DOPC33DOPG_chole_mRNA,87,77,0087_R0077,2.4235228837318092,2.4235228837318092,36965,36965,203,203,0,0,0,182.0935960591133,277,502.41379310344826,606.0541871921182
66DOPC33DOPG_chole_mRNA,87,78,0087_R0078,0.967021446218111,0.967021446218111,13371,13371,81,81,0,0,0,165.07407407407408,188,130.80246913580248,605.3333333333334
66DOPC33DOPG_chole_mRNA,87,79,0087_R0079,2.0295511834207267,2.0295511834207267,30354,30354,170,170,0,0,0,178.5529411764706,234,106.91764705882353,608.9058823529411
66DOPC33DOPG_chole_mRNA,87,80,0087_R0080,2.6742321475661344,2.6742321475661344,37529,37529,224,224,0,0,0,167.54017857142858,190,403.94642857142856,629.7410714285714
66DOPC33DOPG_chole_mRNA,87,81,0087_R0081,0.3104019456996406,0.3104019456996406,4005.9999999999995,4006,26,26,0,0,0,154.07692307692307,159,451,627.1153846153846
66DOPC33DOPG_chole_mRNA,87,82,0087_R0082,0.14326243647675718,0.14326243647675718,1907,1907,12,12,0,0,0,158.91666666666666,171,587.5,631.5
66DOPC33DOPG_chole_mRNA,87,83,0087_R0083,0.1313239001036941,0.1313239001036941,1698,1698,11,11,0,0,0,154.36363636363637,160,384.54545454545456,634.4545454545455
66DOPC33DOPG_chole_mRNA,87,84,0087_R0084,0.9431443734719849,0.9431443734719849,13282,13282,79,79,0,0,0,168.126582278481,201,121.84810126582279,640.0506329113924
66DOPC33DOPG_chole_mRNA,87,85,0087_R0085,10.326833962699581,10.326833962699581,152019,152019,865,865,0,0,0,175.74450867052022,304,404.29248554913295,663.9803468208092
66DOPC33DOPG_chole_mRNA,87,86,0087_R0086,0.1552009728498203,0.1552009728498203,2061,2061,13,13,0,0,0,158.53846153846155,173,531.5384615384615,650.6923076923077
66DOPC33DOPG_chole_mRNA,87,87,0087_R0087,0.46560291854946084,0.46560291854946084,6056,6056,39,39,0,0,0,155.28205128205127,164,428.9230769230769,662.4615384615385
66DOPC33DOPG_chole_mRNA,87,88,0087_R0088,0.0835697546114417,0.0835697546114417,1079,1079,7,7,0,0,0,154.14285714285714,158,596,662.1428571428571
66DOPC33DOPG_chole_mRNA,87,89,0087_R0089,0.035815609119189296,0.035815609119189296,472,472,3,3,0,0,0,157.33333333333334,164,592.3333333333334,662.6666666666666
66DOPC33DOPG_chole_mRNA,87,90,0087_R0090,2.2086292290166734,2.2086292290166734,30645,30645,185,185,0,0,0,165.64864864864865,217,532.9567567567567,670.5945945945946
66DOPC33DOPG_chole_mRNA,87,91,0087_R0091,2.5906623929546924,2.5906623929546924,42237,42237,217,217,0,0,0,194.64055299539172,288,16.981566820276498,675.7557603686636
66DOPC33DOPG_chole_mRNA,87,92,0087_R0092,0.955082909845048,0.955082909845048,13296,13296,80,80,0,0,0,166.2,188,69.3625,676
66DOPC33DOPG_chole_mRNA,87,93,0087_R0093,0.0596926818653155,0.0596926818653155,786,786,5,5,0,0,0,157.2,162,525,680.8
DOPG_chole_mRNA,88,1,0088_R0001,0.1313239001036941,0.1313239001036941,1779,1779,11,11,0,0,0,161.72727272727272,178,268.09090909090907,54.36363636363637
DOPG_chole_mRNA,88,2,0088_R0002,0.22683219108819888,0.22683219108819888,3170,3170,19,19,0,0,0,166.8421052631579,195,180.31578947368422,100.94736842105263
DOPG_chole_mRNA,88,3,0088_R0003,0.3104019456996406,0.3104019456996406,3984,3984,26,26,0,0,0,153.23076923076923,162,210.07692307692307,103.88461538461539
DOPG_chole_mRNA,88,4,0088_R0004,0.2029551183420727,0.2029551183420727,2749,2749,17,17,0,0,0,161.7058823529412,187,221.11764705882354,152.41176470588235
DOPG_chole_mRNA,88,5,0088_R0005,0.047754145492252396,0.047754145492252396,621,621,4,4,0,0,0,155.25,160,161,158.5
DOPG_chole_mRNA,88,6,0088_R0006,0.46560291854946084,0.46560291854946084,6740,6740,39,39,0,0,0,172.82051282051282,213,359.6923076923077,164.35897435897436
DOPG_chole_mRNA,88,7,0088_R0007,3.1995277479809108,3.1995277479809108,56751,56751,268,268,0,0,0,211.75746268656715,410,376.17537313432837,183.08582089552237
DOPG_chole_mRNA,88,8,0088_R0008,0.1671395092228834,0.1671395092228834,2317,2317,14,14,0,0,0,165.5,195,554.7142857142857,188.5
DOPG_chole_mRNA,88,9,0088_R0009,0.14326243647675718,0.14326243647675718,1827,1827,12,12,0,0,0,152.25,162,554.1666666666666,194.66666666666666
DOPG_chole_mRNA,88,10,0088_R0010,2.9607570205196487,2.9607570205196487,44444,44444,248,248,0,0,0,179.20967741935485,408,56.88709677419355,209.19354838709677
DOPG_chole_mRNA,88,11,0088_R0011,0.1313239001036941,0.1313239001036941,1695,1695,11,11,0,0,0,154.0909090909091,162,550.0909090909091,233.27272727272728
DOPG_chole_mRNA,88,12,0088_R0012,0.1671395092228834,0.1671395092228834,2224,2224,14,14,0,0,0,158.85714285714286,177,223.5,241.71428571428572
DOPG_chole_mRNA,88,13,0088_R0013,0.17907804559594648,0.17907804559594648,2252,2252,15,15,0,0,0,150.13333333333333,154,468.93333333333334,323.6666666666667
DOPG_chole_mRNA,88,14,0088_R0014,0.047754145492252396,0.047754145492252396,602,602,4,4,0,0,0,150.5,155,463.5,326
DOPG_chole_mRNA,88,15,0088_R0015,1.205792173679373,1.205792173679373,15608,15608,101,101,0,0,0,154.53465346534654,169,458.2178217821782,339.1782178217822
DOPG_chole_mRNA,88,16,0088_R0016,0.023877072746126198,0.023877072746126198,304,304,2,2,0,0,0,152,155,460,347.5
DOPG_chole_mRNA,88,17,0088_R0017,0.119385363730631,0.119385363730631,1558,1558,10,10,0,0,0,155.8,162,0.4,358.5
DOPG_chole_mRNA,88,18,0088_R0018,0.047754145492252396,0.047754145492252396,602,602,4,4,0,0,0,150.5,152,467,372.5
DOPG_chole_mRNA,88,19,0088_R0019,0.07163121823837859,0.07163121823837859,907,907,6,6,0,0,0,151.16666666666666,157,370.8333333333333,377.3333333333333
DOPG_chole_mRNA,88,20,0088_R0020,0.42978730943027155,0.42978730943027155,5467,5467,36,36,0,0,0,151.86111111111111,166,366.94444444444446,401.3611111111111
DOPG_chole_mRNA,88,21,0088_R0021,0.0596926818653155,0.0596926818653155,752,752,5,5,0,0,0,150.4,154,392.2,399.4
DOPG_chole_mRNA,88,22,0088_R0022,0.4417258458033347,0.4417258458033347,6756,6756,37,37,0,0,0,182.59459459459458,265,11.432432432432432,402.56756756756755
DOPG_chole_mRNA,88,23,0088_R0023,0.035815609119189296,0.035815609119189296,455,455,3,3,0,0,0,151.66666666666666,154,375.6666666666667,403.3333333333333
DOPG_chole_mRNA,88,24,0088_R0024,0.42978730943027155,0.42978730943027155,5441,5441,36,36,0,0,0,151.13888888888889,159,382.6388888888889,416.97222222222223
DOPG_chole_mRNA,88,25,0088_R0025,0.3342790184457668,0.3342790184457668,4301,4301,28,28,0,0,0,153.60714285714286,166,437.4642857142857,427.4642857142857
DOPG_chole_mRNA,88,26,0088_R0026,0.1671395092228834,0.1671395092228834,2206,2206,14,14,0,0,0,157.57142857142858,169,308.5,429.7142857142857
DOPG_chole_mRNA,88,27,0088_R0027,0.023877072746126198,0.023877072746126198,302,302,2,2,0,0,0,151,151,435,433.5
DOPG_chole_mRNA,88,28,0088_R0028,0.035815609119189296,0.035815609119189296,456,456,3,3,0,0,0,152,154,434.6666666666667,436.3333333333333
DOPG_chole_mRNA,88,29,0088_R0029,0.9073287643527955,0.9073287643527955,11720,11720,76,76,0,0,0,154.21052631578948,167,377.8157894736842,443.67105263157896
DOPG_chole_mRNA,88,30,0088_R0030,1.062529737202616,1.062529737202616,14282,14282,89,89,0,0,0,160.47191011235955,179,400.685393258427,445.8876404494382
DOPG_chole_mRNA,88,31,0088_R0031,0.3342790184457668,0.3342790184457668,4837,4837,28,28,0,0,0,172.75,213,517.5,443.7857142857143
DOPG_chole_mRNA,88,32,0088_R0032,0.10744682735756789,0.10744682735756789,1354,1354,9,9,0,0,0,150.44444444444446,154,364.22222222222223,443.6666666666667
DOPG_chole_mRNA,88,33,0088_R0033,0.023877072746126198,0.023877072746126198,302,302,2,2,0,0,0,151,151,419,443.5
DOPG_chole_mRNA,88,34,0088_R0034,0.10744682735756789,0.10744682735756789,1404,1404,9,9,0,0,0,156,163,282.1111111111111,454.6666666666667
DOPG_chole_mRNA,88,35,0088_R0035,0.41784877305720847,0.41784877305720847,5949,5949,35,35,0,0,0,169.97142857142856,215,373.42857142857144,510.9428571428571
DOPG_chole_mRNA,88,36,0088_R0036,0.035815609119189296,0.035815609119189296,460,460,3,3,0,0,0,153.33333333333334,156,366.3333333333333,526
DOPG_chole_mRNA,88,37,0088_R0037,0.9192673007258586,0.9192673007258586,12116,12116,77,77,0,0,0,157.35064935064935,191,388.3246753246753,529.8961038961039
DOPG_chole_mRNA,88,38,0088_R0038,1.1580380281871205,1.1580380281871205,17018,17018,97,97,0,0,0,175.44329896907217,300,413.83505154639175,536.3505154639175
DOPG_chole_mRNA,88,39,0088_R0039,0.1313239001036941,0.1313239001036941,1696,1696,11,11,0,0,0,154.1818181818182,165,384.6363636363636,540.5454545454545
DOPG_chole_mRNA,88,40,0088_R0040,0.8118204733682908,0.8118204733682908,10980,10980,68,68,0,0,0,161.47058823529412,193,396.94117647058823,557.8235294117648
DOPG_chole_mRNA,88,41,0088_R0041,0.6446809641454073,0.6446809641454073,9082,9082,54,54,0,0,0,168.1851851851852,240,374.74074074074076,559.074074074074
DOPG_chole_mRNA,88,42,0088_R0042,0.14326243647675718,0.14326243647675718,1846,1846,12,12,0,0,0,153.83333333333334,160,363.75,566.3333333333334
DOPG_chole_mRNA,88,43,0088_R0043,0.10744682735756789,0.10744682735756789,1362,1362,9,9,0,0,0,151.33333333333334,154,377.77777777777777,575.8888888888889
DOPG_chole_mRNA,88,44,0088_R0044,0.047754145492252396,0.047754145492252396,605,605,4,4,0,0,0,151.25,154,365.5,581
DOPG_chole_mRNA,88,45,0088_R0045,3.9397170031108226,3.9397170031108226,56485.99999999999,56486,330,330,0,0,0,171.16969696969696,252,387.0181818181818,592.7030303030303
DOPG_chole_mRNA,88,46,0088_R0046,0.3700946275649561,0.3700946275649561,5201,5201,31,31,0,0,0,167.7741935483871,203,319.7096774193548,603.2903225806451
DOPG_chole_mRNA,88,47,0088_R0047,0.09550829098450479,0.09550829098450479,1252,1252,8,8,0,0,0,156.5,163,702.125,626.875
DOPG_chole_mRNA,88,48,0088_R0048,0.14326243647675718,0.14326243647675718,1883,1883,12,12,0,0,0,156.91666666666666,175,160.33333333333334,653.75
DOPG_chole_mRNA,88,49,0088_R0049,0.9789599825911741,0.9789599825911741,13841,13841,82,82,0,0,0,168.79268292682926,217,348.3658536585366,664.670731707317
DOPG_chole_mRNA,88,50,0088_R0050,0.023877072746126198,0.023877072746126198,310,310,2,2,0,0,0,155,155,329.5,667
DOPG_chole_mRNA,88,51,0088_R0051,0.10744682735756789,0.10744682735756789,1436,1436,9,9,0,0,0,159.55555555555554,172,340,679
DOPG_chole_mRNA,89,1,0089_R0001,0.023877072746126198,0.023877072746126198,303,303,2,2,0,0,0,151.5,152,354.5,209
DOPG_chole_mRNA,89,2,0089_R0002,0.22683219108819888,0.22683219108819888,2863,2863,19,19,0,0,0,150.68421052631578,157,355.89473684210526,212.1578947368421
DOPG_chole_mRNA,89,3,0089_R0003,0.19101658196900959,0.19101658196900959,2578,2578,16,16,0,0,0,161.125,189,154,213.5
DOPG_chole_mRNA,89,4,0089_R0004,1.2296692464254992,1.2296692464254992,15747,15747,103,103,0,0,0,152.88349514563106,165,341.49514563106794,222.67961165048544
DOPG_chole_mRNA,89,5,0089_R0005,0.035815609119189296,0.035815609119189296,451,451,3,3,0,0,0,150.33333333333334,153,348.3333333333333,216.33333333333334
DOPG_chole_mRNA,89,6,0089_R0006,3.641253593784245,3.641253593784245,48765,48765,305,305,0,0,0,159.88524590163934,200,441.57377049180326,230.42950819672132
DOPG_chole_mRNA,89,7,0089_R0007,0.19101658196900959,0.19101658196900959,2417,2417,16,16,0,0,0,151.0625,156,393.375,221.4375
DOPG_chole_mRNA,89,8,0089_R0008,0.0835697546114417,0.0835697546114417,1050,1050,7,7,0,0,0,150,153,352.2857142857143,224
DOPG_chole_mRNA,89,9,0089_R0009,1.8982272833170328,1.8982272833170328,25391,25391,159,159,0,0,0,159.69182389937106,176,364.62893081761007,233.16981132075472
DOPG_chole_mRNA,89,10,0089_R0010,0.5611112095339656,0.5611112095339656,7154,7154,47,47,0,0,0,152.2127659574468,162,452.72340425531917,247.19148936170214
DOPG_chole_mRNA,89,11,0089_R0011,0.9908985189642372,0.9908985189642372,13211,13211,83,83,0,0,0,159.16867469879517,176,392.7710843373494,255.3734939759036
DOPG_chole_mRNA,89,12,0089_R0012,0.967021446218111,0.967021446218111,12836,12836,81,81,0,0,0,158.46913580246914,177,269.24691358024694,261.55555555555554
DOPG_chole_mRNA,89,13,0089_R0013,1.69527216497496,1.69527216497496,22944,22944,142,142,0,0,0,161.57746478873239,189,454.86619718309856,291.33098591549293
DOPG_chole_mRNA,89,14,0089_R0014,0.047754145492252396,0.047754145492252396,599,599,4,4,0,0,0,149.75,153,458.25,300.75
DOPG_chole_mRNA,89,15,0089_R0015,6.184161841246685,6.184161841246685,88992,88992,518,518,0,0,0,171.7992277992278,220,456.75868725868725,334.3281853281853
DOPG_chole_mRNA,89,16,0089_R0016,0.7401892551299122,0.7401892551299122,9621,9621,62,62,0,0,0,155.17741935483872,173,441.88709677419354,330.758064516129
DOPG_chole_mRNA,89,17,0089_R0017,0.1671395092228834,0.1671395092228834,2270,2270,14,14,0,0,0,162.14285714285714,187,74.57142857142857,377
DOPG_chole_mRNA,89,18,0089_R0018,0.1552009728498203,0.1552009728498203,2067,2067,13,13,0,0,0,159,174,158.3846153846154,382.61538461538464
DOPG_chole_mRNA,89,19,0089_R0019,0.023877072746126198,0.023877072746126198,305,305,2,2,0,0,0,152.5,154,647,430.5
DOPG_chole_mRNA,89,20,0089_R0020,0.10744682735756789,0.10744682735756789,1409,1409,9,9,0,0,0,156.55555555555554,165,644.4444444444445,450.22222222222223
DOPG_chole_mRNA,89,21,0089_R0021,0.1313239001036941,0.1313239001036941,1710.9999999999998,1711,11,11,0,0,0,155.54545454545453,165,340.3636363636364,457.90909090909093
DOPG_chole_mRNA,89,22,0089_R0022,0.047754145492252396,0.047754145492252396,607,607,4,4,0,0,0,151.75,153,334,466.75
DOPG_chole_mRNA,89,23,0089_R0023,0.07163121823837859,0.07163121823837859,907,907,6,6,0,0,0,151.16666666666666,156,330.1666666666667,469.8333333333333
DOPG_chole_mRNA,89,24,0089_R0024,0.035815609119189296,0.035815609119189296,458,458,3,3,0,0,0,152.66666666666666,153,318.3333333333333,471.3333333333333
DOPG_chole_mRNA,89,25,0089_R0025,0.09550829098450479,0.09550829098450479,1226,1226,8,8,0,0,0,153.25,157,393,497.5
DOPG_chole_mRNA,89,26,0089_R0026,0.023877072746126198,0.023877072746126198,308,308,2,2,0,0,0,154,155,629,520.5
DOPG_chole_mRNA,89,27,0089_R0027,0.047754145492252396,0.047754145492252396,612,612,4,4,0,0,0,153,155,553.5,521.5
DOPG_chole_mRNA,89,28,0089_R0028,0.2626478002073882,0.2626478002073882,3318,3318,22,22,0,0,0,150.8181818181818,155,407.04545454545456,534.9090909090909
DOPG_chole_mRNA,89,29,0089_R0029,0.047754145492252396,0.047754145492252396,618,618,4,4,0,0,0,154.5,156,536.5,532.5
DOPG_chole_mRNA,89,30,0089_R0030,0.3342790184457668,0.3342790184457668,4443,4443,28,28,0,0,0,158.67857142857142,180,401.14285714285717,543.4642857142857
DOPG_chole_mRNA,89,31,0089_R0031,0.023877072746126198,0.023877072746126198,299,299,2,2,0,0,0,149.5,151,402,548.5
DOPG_chole_mRNA,89,32,0089_R0032,0.25070926383432507,0.25070926383432507,3334.9999999999995,3335,21,21,0,0,0,158.8095238095238,185,348.6190476190476,619.2857142857143
DOPG_chole_mRNA,89,33,0089_R0033,0.3342790184457668,0.3342790184457668,4653,4653,28,28,0,0,0,166.17857142857142,209,592.3214285714286,641.5
DOPG_chole_mRNA,89,34,0089_R0034,0.2984634093265775,0.2984634093265775,4293,4293,25,25,0,0,0,171.72,219,607.36,642.76
DOPG_chole_mRNA,89,35,0089_R0035,0.023877072746126198,0.023877072746126198,306,306,2,2,0,0,0,153,153,600.5,644
DOPG_chole_mRNA,89,36,0089_R0036,0.2626478002073882,0.2626478002073882,3611,3611,22,22,0,0,0,164.13636363636363,187,245.8181818181818,656.7272727272727
DOPG_chole_mRNA,89,37,0089_R0037,0.1671395092228834,0.1671395092228834,2259,2259,14,14,0,0,0,161.35714285714286,178,524.5,668.2857142857143
DOPG_chole_mRNA,89,38,0089_R0038,0.0835697546114417,0.0835697546114417,1102,1102,7,7,0,0,0,157.42857142857142,166,302,676.2857142857143
DOPG_chole_mRNA,90,1,0090_R0001,0.047754145492252396,0.047754145492252396,632,632,4,4,0,0,0,158,166,690.5,12.5
DOPG_chole_mRNA,90,2,0090_R0002,0.1552009728498203,0.1552009728498203,2144,2144,13,13,0,0,0,164.92307692307693,188,412.53846153846155,38.84615384615385
DOPG_chole_mRNA,90,3,0090_R0003,0.32234048207270366,0.32234048207270366,4079,4079,27,27,0,0,0,151.07407407407408,156,621.1111111111111,73.51851851851852
DOPG_chole_mRNA,90,4,0090_R0004,0.7879434006221645,0.7879434006221645,10195,10195,66,66,0,0,0,154.46969696969697,164,573.2272727272727,80.60606060606061
DOPG_chole_mRNA,90,5,0090_R0005,0.0596926818653155,0.0596926818653155,753,753,5,5,0,0,0,150.6,153,624.6,78.4
DOPG_chole_mRNA,90,6,0090_R0006,0.39397170031108225,0.39397170031108225,4962,4962,33,33,0,0,0,150.36363636363637,157,133.9090909090909,142.27272727272728
DOPG_chole_mRNA,90,7,0090_R0007,0.28652487295351436,0.28652487295351436,3724,3724,24,24,0,0,0,155.16666666666666,170,439.9166666666667,196.875
DOPG_chole_mRNA,90,8,0090_R0008,0.0596926818653155,0.0596926818653155,756,756,5,5,0,0,0,151.2,154,455.2,197.8
DOPG_chole_mRNA,90,9,0090_R0009,0.7043736460107228,0.7043736460107228,10078,10078,59,59,0,0,0,170.8135593220339,252,417.1694915254237,214.01694915254237
DOPG_chole_mRNA,90,10,0090_R0010,0.0835697546114417,0.0835697546114417,1089,1089,7,7,0,0,0,155.57142857142858,168,517,360.7142857142857
DOPG_chole_mRNA,90,11,0090_R0011,0.0596926818653155,0.0596926818653155,759,759,5,5,0,0,0,151.8,155,232.8,370.6
DOPG_chole_mRNA,90,12,0090_R0012,2.6145394657008185,2.6145394657008185,38621,38621,219,219,0,0,0,176.35159817351598,246,280.1415525114155,378.92237442922374
DOPG_chole_mRNA,90,13,0090_R0013,0.19101658196900959,0.19101658196900959,2548,2548,16,16,0,0,0,159.25,184,266.625,388.75
DOPG_chole_mRNA,90,14,0090_R0014,0.3342790184457668,0.3342790184457668,4397,4397,28,28,0,0,0,157.03571428571428,173,273.5,401.5
DOPG_chole_mRNA,90,15,0090_R0015,0.8715131552336063,0.8715131552336063,11612,11612,73,73,0,0,0,159.06849315068493,187,264.47945205479454,410.7945205479452
DOPG_chole_mRNA,90,16,0090_R0016,0.07163121823837859,0.07163121823837859,915,915,6,6,0,0,0,152.5,155,269.8333333333333,408.1666666666667
DOPG_chole_mRNA,90,17,0090_R0017,0.0596926818653155,0.0596926818653155,749,749,5,5,0,0,0,149.8,154,414.4,412.2
DOPG_chole_mRNA,90,18,0090_R0018,0.035815609119189296,0.035815609119189296,450,450,3,3,0,0,0,150,151,417,412
DOPG_chole_mRNA,90,19,0090_R0019,3.3189131117115416,3.3189131117115416,56083,56083,278,278,0,0,0,201.73741007194243,434,599.3956834532374,425.58273381294964
DOPG_chole_mRNA,90,20,0090_R0020,0.023877072746126198,0.023877072746126198,308,308,2,2,0,0,0,154,156,301,423.5
DOPG_chole_mRNA,90,21,0090_R0021,0.32234048207270366,0.32234048207270366,4090.0000000000005,4090,27,27,0,0,0,151.4814814814815,166,365.9259259259259,433.2962962962963
DOPG_chole_mRNA,90,22,0090_R0022,0.1671395092228834,0.1671395092228834,2255,2255,14,14,0,0,0,161.07142857142858,179,266,460.57142857142856
DOPG_chole_mRNA,90,23,0090_R0023,1.205792173679373,1.205792173679373,15810,15810,101,101,0,0,0,156.53465346534654,171,195.2871287128713,468.6237623762376
DOPG_chole_mRNA,90,24,0090_R0024,0.023877072746126198,0.023877072746126198,307,307,2,2,0,0,0,153.5,156,351.5,463
DOPG_chole_mRNA,90,25,0090_R0025,0.3462175548188299,0.3462175548188299,4424,4424,29,29,0,0,0,152.55172413793105,160,149.0344827586207,467.7241379310345
DOPG_chole_mRNA,90,26,0090_R0026,8.85839398881282,8.85839398881282,121511,121511,742,742,0,0,0,163.76145552560646,204,212.03369272237197,482.4420485175202
DOPG_chole_mRNA,90,27,0090_R0027,0.1552009728498203,0.1552009728498203,2010.9999999999998,2011,13,13,0,0,0,154.69230769230768,161,377.61538461538464,480.38461538461536
DOPG_chole_mRNA,90,28,0090_R0028,0.035815609119189296,0.035815609119189296,457,457,3,3,0,0,0,152.33333333333334,156,376.6666666666667,488.6666666666667
DOPG_chole_mRNA,90,29,0090_R0029,0.5849882822800918,0.5849882822800918,7772,7772,49,49,0,0,0,158.6122448979592,182,300.8775510204082,501
DOPG_chole_mRNA,90,30,0090_R0030,0.1313239001036941,0.1313239001036941,1682,1682,11,11,0,0,0,152.9090909090909,165,305.6363636363636,510.54545454545456
DOPG_chole_mRNA,90,31,0090_R0031,0.4417258458033347,0.4417258458033347,5688.999999999999,5689,37,37,0,0,0,153.75675675675674,167,291.3243243243243,513.6486486486486
DOPG_chole_mRNA,90,32,0090_R0032,0.035815609119189296,0.035815609119189296,456,456,3,3,0,0,0,152,154,301.3333333333333,513.6666666666666
DOPG_chole_mRNA,90,33,0090_R0033,0.6446809641454073,0.6446809641454073,9486,9486,54,54,0,0,0,175.66666666666666,268,261.72222222222223,518.574074074074
DOPG_chole_mRNA,90,34,0090_R0034,0.023877072746126198,0.023877072746126198,308,308,2,2,0,0,0,154,155,703,518.5
DOPG_chole_mRNA,90,35,0090_R0035,0.07163121823837859,0.07163121823837859,914,914,6,6,0,0,0,152.33333333333334,156,695.5,524.5
DOPG_chole_mRNA,90,36,0090_R0036,0.023877072746126198,0.023877072746126198,308,308,2,2,0,0,0,154,155,680.5,538.5
DOPG_chole_mRNA,90,37,0090_R0037,0.21489365471513577,0.21489365471513577,2781,2781,18,18,0,0,0,154.5,165,695,542.7222222222222
DOPG_chole_mRNA,90,38,0090_R0038,0.2626478002073882,0.2626478002073882,3474,3474,22,22,0,0,0,157.9090909090909,173,690.6818181818181,561.3181818181819
DOPG_chole_mRNA,90,39,0090_R0039,0.2984634093265775,0.2984634093265775,3935,3935,25,25,0,0,0,157.4,171,262.2,568.44
DOPG_chole_mRNA,90,40,0090_R0040,0.07163121823837859,0.07163121823837859,925,925,6,6,0,0,0,154.16666666666666,160,698.1666666666666,566.8333333333334
DOPG_chole_mRNA,90,41,0090_R0041,0.023877072746126198,0.023877072746126198,306,306,2,2,0,0,0,153,154,326,568.5
DOPG_chole_mRNA,90,42,0090_R0042,0.42978730943027155,0.42978730943027155,5537,5537,36,36,0,0,0,153.80555555555554,162,279.9166666666667,579.1666666666666
DOPG_chole_mRNA,90,43,0090_R0043,0.14326243647675718,0.14326243647675718,1861,1861,12,12,0,0,0,155.08333333333334,160,637.9166666666666,584.1666666666666
DOPG_chole_mRNA,90,44,0090_R0044,0.84763608248748,0.84763608248748,10891,10891,71,71,0,0,0,153.3943661971831,170,285.943661971831,589.6478873239437
DOPG_chole_mRNA,90,45,0090_R0045,0.2626478002073882,0.2626478002073882,3506,3506,22,22,0,0,0,159.36363636363637,180,632.4545454545455,591.2272727272727
DOPG_chole_mRNA,90,46,0090_R0046,0.21489365471513577,0.21489365471513577,2842,2842,18,18,0,0,0,157.88888888888889,173,316.72222222222223,592.1111111111111
DOPG_chole_mRNA,90,47,0090_R0047,0.10744682735756789,0.10744682735756789,1411,1411,9,9,0,0,0,156.77777777777777,170,646,591
DOPG_chole_mRNA,90,48,0090_R0048,0.3104019456996406,0.3104019456996406,4114,4114,26,26,0,0,0,158.23076923076923,175,263.84615384615387,596.8846153846154
DOPG_chole_mRNA,90,49,0090_R0049,0.023877072746126198,0.023877072746126198,302,302,2,2,0,0,0,151,151,257.5,606
DOPG_chole_mRNA,90,50,0090_R0050,0.5849882822800918,0.5849882822800918,8343,8343,49,49,0,0,0,170.26530612244898,228,636.5510204081633,608.9387755102041
DOPG_chole_mRNA,90,51,0090_R0051,0.035815609119189296,0.035815609119189296,464,464,3,3,0,0,0,154.66666666666666,162,552.3333333333334,642.6666666666666
DOPG_chole_mRNA,91,1,0091_R0001,0.035815609119189296,0.035815609119189296,459,459,3,3,0,0,0,153,154,703,50
DOPG_chole_mRNA,91,2,0091_R0002,0.2626478002073882,0.2626478002073882,3605,3605,22,22,0,0,0,163.86363636363637,186,89.72727272727273,67.9090909090909
DOPG_chole_mRNA,91,3,0091_R0003,0.35815609119189296,0.35815609119189296,5082,5082,30,30,0,0,0,169.4,203,617.8,107.33333333333333
DOPG_chole_mRNA,91,4,0091_R0004,0.035815609119189296,0.035815609119189296,471,471,3,3,0,0,0,157,161,142.66666666666666,127.33333333333333
DOPG_chole_mRNA,91,5,0091_R0005,0.38203316393801917,0.38203316393801917,5817,5817,32,32,0,0,0,181.78125,250,118.5,139.5
DOPG_chole_mRNA,91,6,0091_R0006,0.023877072746126198,0.023877072746126198,306,306,2,2,0,0,0,153,153,165,148.5
DOPG_chole_mRNA,91,7,0091_R0007,0.1313239001036941,0.1313239001036941,1761,1761,11,11,0,0,0,160.0909090909091,179,117.18181818181819,167.1818181818182
DOPG_chole_mRNA,91,8,0091_R0008,0.047754145492252396,0.047754145492252396,624,624,4,4,0,0,0,156,159,61.5,167.5
DOPG_chole_mRNA,91,9,0091_R0009,0.0596926818653155,0.0596926818653155,787,787,5,5,0,0,0,157.4,164,142.4,169.2
DOPG_chole_mRNA,91,10,0091_R0010,0.3342790184457668,0.3342790184457668,5002,5002,28,28,0,0,0,178.64285714285714,237,676.5,190.78571428571428
DOPG_chole_mRNA,91,11,0091_R0011,0.023877072746126198,0.023877072746126198,307,307,2,2,0,0,0,153.5,154,692.5,191
DOPG_chole_mRNA,91,12,0091_R0012,4.787353085598303,4.787353085598303,98993,98993,401,401,0,0,0,246.86533665835412,690,135.23690773067332,206.45386533665837
DOPG_chole_mRNA,91,13,0091_R0013,0.1671395092228834,0.1671395092228834,2240,2240,14,14,0,0,0,160,182,268.85714285714283,201.28571428571428
DOPG_chole_mRNA,91,14,0091_R0014,0.14326243647675718,0.14326243647675718,1880,1880,12,12,0,0,0,156.66666666666666,165,300.3333333333333,200.5
DOPG_chole_mRNA,91,15,0091_R0015,0.32234048207270366,0.32234048207270366,4370,4370,27,27,0,0,0,161.85185185185185,179,249.62962962962962,212
DOPG_chole_mRNA,91,16,0091_R0016,0.0596926818653155,0.0596926818653155,772,772,5,5,0,0,0,154.4,158,654.8,211.4
DOPG_chole_mRNA,91,17,0091_R0017,0.8953902279797324,0.8834516916066694,13381,13237,75,74,1,0,1,178.8783783783784,276,143.01351351351352,223.22972972972974
DOPG_chole_mRNA,91,18,0091_R0018,0.07163121823837859,0.07163121823837859,920,920,6,6,0,0,0,153.33333333333334,159,133.5,218
DOPG_chole_mRNA,91,19,0091_R0019,0.047754145492252396,0.047754145492252396,609,609,4,4,0,0,0,152.25,154,612.25,219.25
DOPG_chole_mRNA,91,20,0091_R0020,0.1313239001036941,0.1313239001036941,1695,1695,11,11,0,0,0,154.0909090909091,161,635.6363636363636,222.72727272727272
DOPG_chole_mRNA,91,21,0091_R0021,0.2984634093265775,0.2984634093265775,4095.0000000000005,4095,25,25,0,0,0,163.8,185,625.96,224.76
DOPG_chole_mRNA,91,22,0091_R0022,0.09550829098450479,0.09550829098450479,1227,1227,8,8,0,0,0,153.375,160,121.875,225.875
DOPG_chole_mRNA,91,23,0091_R0023,0.0835697546114417,0.0835697546114417,1092,1092,7,7,0,0,0,156,166,116.57142857142857,228.57142857142858
DOPG_chole_mRNA,91,24,0091_R0024,0.07163121823837859,0.07163121823837859,913,913,6,6,0,0,0,152.16666666666666,159,627.5,231
DOPG_chole_mRNA,91,25,0091_R0025,0.07163121823837859,0.07163121823837859,937,937,6,6,0,0,0,156.16666666666666,159,114.16666666666667,233.83333333333334
DOPG_chole_mRNA,91,26,0091_R0026,0.14326243647675718,0.14326243647675718,1883,1883,12,12,0,0,0,156.91666666666666,169,627.5,236.5
DOPG_chole_mRNA,91,27,0091_R0027,0.238770727461262,0.238770727461262,3151,3151,20,20,0,0,0,157.55,169,597.75,277.45
DOPG_chole_mRNA,91,28,0091_R0028,0.14326243647675718,0.14326243647675718,1889,1889,12,12,0,0,0,157.41666666666666,173,562.5,299.5
DOPG_chole_mRNA,91,29,0091_R0029,0.17907804559594648,0.17907804559594648,2342,2342,15,15,0,0,0,156.13333333333333,161,557.3333333333334,304.26666666666665
DOPG_chole_mRNA,91,30,0091_R0030,0.1552009728498203,0.1552009728498203,2053,2053,13,13,0,0,0,157.92307692307693,168,580.6153846153846,310.38461538461536
DOPG_chole_mRNA,91,31,0091_R0031,0.38203316393801917,0.38203316393801917,5031,5031,32,32,0,0,0,157.21875,167,557.65625,314.90625
DOPG_chole_mRNA,91,32,0091_R0032,0.14326243647675718,0.14326243647675718,1935,1935,12,12,0,0,0,161.25,181,581.5,315.5
DOPG_chole_mRNA,91,33,0091_R0033,0.0835697546114417,0.0835697546114417,1077,1077,7,7,0,0,0,153.85714285714286,160,588,317
DOPG_chole_mRNA,91,34,0091_R0034,0.8118204733682908,0.8118204733682908,12560,12560,68,68,0,0,0,184.7058823529412,316,570.8235294117648,324.86764705882354
DOPG_chole_mRNA,91,35,0091_R0035,0.17907804559594648,0.17907804559594648,2482,2482,15,15,0,0,0,165.46666666666667,196,557.4,330.6
DOPG_chole_mRNA,91,36,0091_R0036,0.035815609119189296,0.035815609119189296,468,468,3,3,0,0,0,156,161,520.3333333333334,398.6666666666667
DOPG_chole_mRNA,91,37,0091_R0037,0.035815609119189296,0.035815609119189296,457,457,3,3,0,0,0,152.33333333333334,157,407.6666666666667,404.6666666666667
DOPG_chole_mRNA,91,38,0091_R0038,0.32234048207270366,0.32234048207270366,4726,4726,27,27,0,0,0,175.03703703703704,234,612.8888888888889,407.51851851851853
DOPG_chole_mRNA,91,39,0091_R0039,0.477541454922524,0.477541454922524,7689,7689,40,40,0,0,0,192.225,307,217.325,410.025
DOPG_chole_mRNA,91,40,0091_R0040,1.3013004646638777,1.3013004646638777,23911,23911,109,109,0,0,0,219.36697247706422,656,559.7522935779816,454.89908256880733
DOPG_chole_mRNA,91,41,0091_R0041,0.14326243647675718,0.14326243647675718,1882,1882,12,12,0,0,0,156.83333333333334,170,577,464.5
DOPG_chole_mRNA,91,42,0091_R0042,0.42978730943027155,0.42978730943027155,5439,5439,36,36,0,0,0,151.08333333333334,159,532.3611111111111,477.8888888888889
DOPG_chole_mRNA,91,43,0091_R0043,0.5252956004147764,0.5252956004147764,6716,6716,44,44,0,0,0,152.63636363636363,161,524.4318181818181,516.1136363636364
DOPG_chole_mRNA,91,44,0091_R0044,0.4059102366841454,0.4059102366841454,5232,5232,34,34,0,0,0,153.88235294117646,169,152.41176470588235,522.8823529411765
DOPG_chole_mRNA,91,45,0091_R0045,0.596926818653155,0.596926818653155,7581,7581,50,50,0,0,0,151.62,158,499.78,538.48
DOPG_chole_mRNA,91,46,0091_R0046,0.119385363730631,0.119385363730631,1556,1556,10,10,0,0,0,155.6,168,606,547.2
DOPG_chole_mRNA,91,47,0091_R0047,0.10744682735756789,0.10744682735756789,1423,1423,9,9,0,0,0,158.11111111111111,168,114.33333333333333,553.8888888888889
DOPG_chole_mRNA,91,48,0091_R0048,0.19101658196900959,0.19101658196900959,2466,2466,16,16,0,0,0,154.125,165,324.8125,557.75
DOPG_chole_mRNA,91,49,0091_R0049,0.7043736460107228,0.7043736460107228,9346,9346,59,59,0,0,0,158.40677966101694,174,316.8135593220339,562.8135593220339
DOPG_chole_mRNA,91,50,0091_R0050,0.2984634093265775,0.2984634093265775,3906,3906,25,25,0,0,0,156.24,167,605,563.2
DOPG_chole_mRNA,91,51,0091_R0051,0.0596926818653155,0.0596926818653155,759,759,5,5,0,0,0,151.8,153,598.4,563.8
DOPG_chole_mRNA,91,52,0091_R0052,0.09550829098450479,0.09550829098450479,1228,1228,8,8,0,0,0,153.5,159,310.125,578.875
DOPG_chole_mRNA,91,53,0091_R0053,0.3462175548188299,0.3462175548188299,4995,4995,29,29,0,0,0,172.24137931034483,216,464.37931034482756,669.2758620689655
DOPG_chole_mRNA,91,54,0091_R0054,0.238770727461262,0.238770727461262,3377,3377,20,20,0,0,0,168.85,209,43.9,684.05
DOPG_mRNA,92,1,0092_R0001,0.07163121823837859,0.07163121823837859,900,900,6,6,0,0,0,150,151,567,209.33333333333334
DOPG_mRNA,92,2,0092_R0002,0.25070926383432507,0.25070926383432507,3413,3413,21,21,0,0,0,162.52380952380952,187,434.14285714285717,343.8095238095238
DOPG_mRNA,92,3,0092_R0003,0.477541454922524,0.477541454922524,6463,6463,40,40,0,0,0,161.575,181,551.45,357.05
DOPG_mRNA,92,4,0092_R0004,0.047754145492252396,0.047754145492252396,611,611,4,4,0,0,0,152.75,154,582.5,379.5
DOPG_mRNA,92,5,0092_R0005,0.1671395092228834,0.1671395092228834,2124,2124,14,14,0,0,0,151.71428571428572,157,264.35714285714283,398
DOPG_mRNA,92,6,0092_R0006,0.047754145492252396,0.047754145492252396,612,612,4,4,0,0,0,153,158,417.5,404.5
DOPG_mRNA,92,7,0092_R0007,1.2893619282908146,1.2893619282908146,17077,17077,108,108,0,0,0,158.12037037037038,180,411.1666666666667,412.56481481481484
DOPG_mRNA,92,8,0092_R0008,0.047754145492252396,0.047754145492252396,609,609,4,4,0,0,0,152.25,154,456.5,451
DOPG_mRNA,92,9,0092_R0009,0.1313239001036941,0.1313239001036941,1660,1660,11,11,0,0,0,150.9090909090909,156,459.3636363636364,455.45454545454544
DOPG_mRNA,92,10,0092_R0010,1.4326243647675718,1.4326243647675718,18456,18456,120,120,0,0,0,153.8,195,450.375,463.9166666666667
DOPG_mRNA,92,11,0092_R0011,0.07163121823837859,0.07163121823837859,896,896,6,6,0,0,0,149.33333333333334,152,463.5,456.6666666666667
DOPG_mRNA,92,12,0092_R0012,0.39397170031108225,0.39397170031108225,5026,5026,33,33,0,0,0,152.3030303030303,169,469.6969696969697,458.7878787878788
DOPG_mRNA,92,13,0092_R0013,0.035815609119189296,0.035815609119189296,452,452,3,3,0,0,0,150.66666666666666,152,467.6666666666667,467.6666666666667
DOPG_mRNA,92,14,0092_R0014,0.1552009728498203,0.1552009728498203,1993.0000000000002,1993,13,13,0,0,0,153.30769230769232,161,473.38461538461536,473.61538461538464
DOPG_mRNA,92,15,0092_R0015,0.047754145492252396,0.047754145492252396,599,599,4,4,0,0,0,149.75,151,345.5,484.5
DOPG_mRNA,92,16,0092_R0016,0.45366438217639776,0.45366438217639776,6259,6259,38,38,0,0,0,164.71052631578948,205,355.63157894736844,490.92105263157896
DOPG_mRNA,92,17,0092_R0017,0.14326243647675718,0.14326243647675718,1880,1880,12,12,0,0,0,156.66666666666666,167,229,534.8333333333334
DOPG_mRNA,92,18,0092_R0018,0.0596926818653155,0.0596926818653155,760,760,5,5,0,0,0,152,154,263.6,535.2
DOPG_mRNA,92,19,0092_R0019,0.2029551183420727,0.2029551183420727,2691,2691,17,17,0,0,0,158.2941176470588,174,612.1176470588235,555.5882352941177
DOPG_mRNA,92,20,0092_R0020,0.19101658196900959,0.19101658196900959,2545,2545,16,16,0,0,0,159.0625,181,593,558.5
DOPG_mRNA,92,21,0092_R0021,0.119385363730631,0.119385363730631,1520,1520,10,10,0,0,0,152,158,325.2,563
DOPG_mRNA,92,22,0092_R0022,0.1552009728498203,0.1552009728498203,2067,2067,13,13,0,0,0,159,177,598.6153846153846,578.3846153846154
DOPG_mRNA,93,1,0093_R0001,0.2029551183420727,0.2029551183420727,2730,2730,17,17,0,0,0,160.58823529411765,184,656.4117647058823,151.11764705882354
DOPG_mRNA,93,2,0093_R0002,0.035815609119189296,0.035815609119189296,453,453,3,3,0,0,0,151,155,195.66666666666666,337.6666666666667
DOPG_mRNA,93,3,0093_R0003,0.023877072746126198,0.023877072746126198,302,302,2,2,0,0,0,151,151,193,341.5
DOPG_mRNA,93,4,0093_R0004,0.2029551183420727,0.2029551183420727,2552,2552,17,17,0,0,0,150.11764705882354,156,134.94117647058823,388.29411764705884
DOPG_mRNA,93,5,0093_R0005,1.0147755917103634,1.0147755917103634,13077,13077,85,85,0,0,0,153.8470588235294,168,398.8,398.1764705882353
DOPG_mRNA,93,6,0093_R0006,0.07163121823837859,0.07163121823837859,926,926,6,6,0,0,0,154.33333333333334,157,391.6666666666667,415.3333333333333
DOPG_mRNA,93,7,0093_R0007,0.023877072746126198,0.023877072746126198,305,305,2,2,0,0,0,152.5,155,283,484.5
DOPG_mRNA,93,8,0093_R0008,0.09550829098450479,0.09550829098450479,1217,1217,8,8,0,0,0,152.125,159,13,546.75
DOPG_mRNA,93,9,0093_R0009,0.047754145492252396,0.047754145492252396,616,616,4,4,0,0,0,154,155,113.5,577.5
DOPG_mRNA,93,10,0093_R0010,0.21489365471513577,0.21489365471513577,2951,2951,18,18,0,0,0,163.94444444444446,193,662.8888888888889,621.7222222222222
DOPG_mRNA,93,11,0093_R0011,0.967021446218111,0.967021446218111,13009,13009,81,81,0,0,0,160.60493827160494,189,528.4074074074074,658.6172839506173
DOPG_mRNA,93,12,0093_R0012,0.119385363730631,0.119385363730631,1541,1541,10,10,0,0,0,154.1,159,482.8,656.5
DOPG_mRNA,94,1,0094_R0001,1.4803785102598244,1.4803785102598244,24882,24882,124,124,0,0,0,200.66129032258064,368,259.4758064516129,148.3548387096774
DOPG_mRNA,94,2,0094_R0002,1.8862887469439698,1.8862887469439698,26929,26929,158,158,0,0,0,170.4367088607595,235,432.7848101265823,225.12025316455697
DOPG_mRNA,94,3,0094_R0003,0.023877072746126198,0.023877072746126198,306,306,2,2,0,0,0,153,154,416,220.5
DOPG_mRNA,94,4,0094_R0004,2.4951541019701877,2.4951541019701877,32333,32333,209,209,0,0,0,154.70334928229664,175,242.86124401913875,245.6602870813397
DOPG_mRNA,94,5,0094_R0005,0.2984634093265775,0.2984634093265775,4135,4135,25,25,0,0,0,165.4,209,209.76,290.36
DOPG_mRNA,94,6,0094_R0006,0.023877072746126198,0.023877072746126198,304,304,2,2,0,0,0,152,154,64.5,291.5
DOPG_mRNA,94,7,0094_R0007,0.09550829098450479,0.09550829098450479,1243,1243,8,8,0,0,0,155.375,161,190.875,292.125
DOPG_mRNA,94,8,0094_R0008,0.0835697546114417,0.0835697546114417,1078,1078,7,7,0,0,0,154,167,562,298.7142857142857
DOPG_mRNA,94,9,0094_R0009,0.1671395092228834,0.1671395092228834,2196,2196,14,14,0,0,0,156.85714285714286,169,185.5,300.2857142857143
DOPG_mRNA,94,10,0094_R0010,0.035815609119189296,0.035815609119189296,462,462,3,3,0,0,0,154,157,561.3333333333334,303.3333333333333
DOPG_mRNA,94,11,0094_R0011,0.0835697546114417,0.0835697546114417,1079,1079,7,7,0,0,0,154.14285714285714,161,176,312.2857142857143
DOPG_mRNA,94,12,0094_R0012,0.2745863365804513,0.2745863365804513,3933,3933,23,23,0,0,0,171,215,533.8695652173913,386.7826086956522
DOPG_mRNA,94,13,0094_R0013,0.28652487295351436,0.28652487295351436,3921,3921,24,24,0,0,0,163.375,193,483.125,419.9583333333333
DOPG_mRNA,94,14,0094_R0014,0.39397170031108225,0.39397170031108225,5985,5985,33,33,0,0,0,181.36363636363637,253,369.42424242424244,429.57575757575756
DOPG_mRNA,94,15,0094_R0015,0.28652487295351436,0.28652487295351436,3788,3788,24,24,0,0,0,157.83333333333334,176,320.5,442.9166666666667
DOPG_mRNA,94,16,0094_R0016,0.023877072746126198,0.023877072746126198,302,302,2,2,0,0,0,151,154,269,471.5
DOPG_mRNA,94,17,0094_R0017,0.023877072746126198,0.023877072746126198,308,308,2,2,0,0,0,154,156,268.5,474
DOPG_mRNA,94,18,0094_R0018,0.047754145492252396,0.047754145492252396,602,602,4,4,0,0,0,150.5,153,225.75,485
DOPG_mRNA,94,19,0094_R0019,0.047754145492252396,0.047754145492252396,606,606,4,4,0,0,0,151.5,154,200.5,498.5
DOPG_mRNA,94,20,0094_R0020,0.19101658196900959,0.19101658196900959,2416,2416,16,16,0,0,0,151,157,185.4375,529.5
DOPG_mRNA,94,21,0094_R0021,0.07163121823837859,0.07163121823837859,925,925,6,6,0,0,0,154.16666666666666,157,182.16666666666666,590.1666666666666
DOPG_mRNA,94,22,0094_R0022,0.1671395092228834,0.1671395092228834,2105,2105,14,14,0,0,0,150.35714285714286,156,582.5,606.7142857142857
DOPG_mRNA,94,23,0094_R0023,0.023877072746126198,0.023877072746126198,303,303,2,2,0,0,0,151.5,153,613.5,623
DOPG_mRNA,94,24,0094_R0024,0.10744682735756789,0.10744682735756789,1381,1381,9,9,0,0,0,153.44444444444446,157,65.88888888888889,644.3333333333334
DOPG_mRNA,95,1,0095_R0001,0.9789599825911741,0.9789599825911741,12566,12566,82,82,0,0,0,153.2439024390244,166,158,127.10975609756098
DOPG_mRNA,95,2,0095_R0002,0.035815609119189296,0.035815609119189296,457,457,3,3,0,0,0,152.33333333333334,156,535.3333333333334,195.66666666666666
DOPG_mRNA,95,3,0095_R0003,0.047754145492252396,0.047754145492252396,609,609,4,4,0,0,0,152.25,159,626.5,286.5
DOPG_mRNA,95,4,0095_R0004,0.0596926818653155,0.0596926818653155,752,752,5,5,0,0,0,150.4,152,532.6,296.8
DOPG_mRNA,95,5,0095_R0005,0.047754145492252396,0.047754145492252396,611,611,4,4,0,0,0,152.75,155,456,305.75
DOPG_mRNA,95,6,0095_R0006,0.2984634093265775,0.2984634093265775,4363,4363,25,25,0,0,0,174.52,225,653.96,308.6
DOPG_mRNA,95,7,0095_R0007,0.0835697546114417,0.0835697546114417,1116,1116,7,7,0,0,0,159.42857142857142,169,648,319.2857142857143
DOPG_mRNA,95,8,0095_R0008,0.0596926818653155,0.0596926818653155,760,760,5,5,0,0,0,152,154,445.8,323.4
DOPG_mRNA,95,9,0095_R0009,0.023877072746126198,0.023877072746126198,309,309,2,2,0,0,0,154.5,155,429,326.5
DOPG_mRNA,95,10,0095_R0010,0.119385363730631,0.119385363730631,1513,1513,10,10,0,0,0,151.3,155,554.5,328
DOPG_mRNA,95,11,0095_R0011,0.047754145492252396,0.047754145492252396,615,615,4,4,0,0,0,153.75,158,600.5,392.5
DOPG_mRNA,95,12,0095_R0012,0.5372341367878395,0.5252956004147764,6748,6603,45,44,1,0,1,150.0681818181818,157,452.15909090909093,403.15909090909093
DOPG_mRNA,95,13,0095_R0013,0.09550829098450479,0.09550829098450479,1223,1223,8,8,0,0,0,152.875,158,596.125,400.5
DOPG_mRNA,95,14,0095_R0014,0.023877072746126198,0.023877072746126198,304,304,2,2,0,0,0,152,152,449.5,407
DOPG_mRNA,95,15,0095_R0015,0.023877072746126198,0.023877072746126198,301,301,2,2,0,0,0,150.5,152,452,408.5
DOPG_mRNA,95,16,0095_R0016,0.2984634093265775,0.2984634093265775,4175,4175,25,25,0,0,0,167,201,579.56,423.4
DOPG_mRNA,95,17,0095_R0017,0.8715131552336063,0.8715131552336063,11609,11609,73,73,0,0,0,159.02739726027397,183,496.4931506849315,440.986301369863
DOPG_mRNA,95,18,0095_R0018,0.0596926818653155,0.0596926818653155,753,753,5,5,0,0,0,150.6,156,504.6,441.8
DOPG_mRNA,95,19,0095_R0019,0.035815609119189296,0.035815609119189296,465,465,3,3,0,0,0,155,157,560.6666666666666,446.6666666666667
DOPG_mRNA,95,20,0095_R0020,0.42978730943027155,0.42978730943027155,5558,5558,36,36,0,0,0,154.38888888888889,170,150.02777777777777,451.97222222222223
DOPG_mRNA,95,21,0095_R0021,0.6685580368915336,0.6446809641454073,8455,8165,56,54,2,0,1,151.2037037037037,160,503.537037037037,455.9259259259259
DOPG_mRNA,95,22,0095_R0022,0.023877072746126198,0.023877072746126198,303,303,2,2,0,0,0,151.5,153,515.5,456
DOPG_mRNA,95,23,0095_R0023,0.035815609119189296,0.035815609119189296,458,458,3,3,0,0,0,152.66666666666666,156,147.33333333333334,458.3333333333333
DOPG_mRNA,95,24,0095_R0024,0.2029551183420727,0.2029551183420727,2586,2586,17,17,0,0,0,152.11764705882354,161,312.88235294117646,484.29411764705884
DOPG_mRNA,95,25,0095_R0025,0.5252956004147764,0.5252956004147764,6831,6831,44,44,0,0,0,155.25,177,322.3863636363636,489.3636363636364
DOPG_mRNA,95,26,0095_R0026,0.09550829098450479,0.09550829098450479,1248,1248,8,8,0,0,0,156,165,508.125,532.875
DOPG_mRNA,95,27,0095_R0027,0.09550829098450479,0.09550829098450479,1260,1260,8,8,0,0,0,157.5,166,593.875,537.875
DOPG_mRNA,95,28,0095_R0028,0.2745863365804513,0.2745863365804513,3485,3485,23,23,0,0,0,151.52173913043478,158,483.69565217391306,573.4347826086956
DOPG_mRNA,96,1,0096_R0001,0.238770727461262,0.238770727461262,3014,3014,20,20,0,0,0,150.7,157,388.95,92.65
DOPG_mRNA,96,2,0096_R0002,0.035815609119189296,0.035815609119189296,456,456,3,3,0,0,0,152,153,254.66666666666666,126.66666666666667
DOPG_mRNA,96,3,0096_R0003,0.14326243647675718,0.14326243647675718,1823,1823,12,12,0,0,0,151.91666666666666,157,269.6666666666667,144.83333333333334
DOPG_mRNA,96,4,0096_R0004,0.023877072746126198,0.023877072746126198,304,304,2,2,0,0,0,152,153,532,182.5
DOPG_mRNA,96,5,0096_R0005,0.1313239001036941,0.1313239001036941,1710.0000000000002,1710,11,11,0,0,0,155.45454545454547,164,536.3636363636364,187.9090909090909
DOPG_mRNA,96,6,0096_R0006,0.023877072746126198,0.023877072746126198,304,304,2,2,0,0,0,152,152,529,196.5
DOPG_mRNA,96,7,0096_R0007,0.09550829098450479,0.09550829098450479,1233,1233,8,8,0,0,0,154.125,161,540.875,203.125
DOPG_mRNA,96,8,0096_R0008,0.023877072746126198,0.023877072746126198,314,314,2,2,0,0,0,157,162,519,221.5
DOPG_mRNA,96,9,0096_R0009,0.119385363730631,0.119385363730631,1615,1615,10,10,0,0,0,161.5,173,526,227.8
DOPG_mRNA,96,10,0096_R0010,0.9312058370989217,0.9312058370989217,12023,12023,78,78,0,0,0,154.14102564102564,168,562.4358974358975,270.02564102564105
DOPG_mRNA,96,11,0096_R0011,0.0835697546114417,0.0835697546114417,1056,1056,7,7,0,0,0,150.85714285714286,155,557.4285714285714,267.2857142857143
DOPG_mRNA,96,12,0096_R0012,0.42978730943027155,0.42978730943027155,6299,6299,36,36,0,0,0,174.97222222222223,231,431.72222222222223,282.22222222222223
DOPG_mRNA,96,13,0096_R0013,0.0835697546114417,0.0835697546114417,1105,1105,7,7,0,0,0,157.85714285714286,167,555.2857142857143,321
DOPG_mRNA,96,14,0096_R0014,0.7163121823837859,0.7043736460107228,9078,8933,60,59,1,0,1,151.40677966101694,161,569.7966101694915,348.6949152542373
DOPG_mRNA,96,15,0096_R0015,0.17907804559594648,0.17907804559594648,2263,2263,15,15,0,0,0,150.86666666666667,159,386.8,365.3333333333333
DOPG_mRNA,96,16,0096_R0016,0.119385363730631,0.119385363730631,1516,1516,10,10,0,0,0,151.6,156,468.8,370
DOPG_mRNA,96,17,0096_R0017,0.035815609119189296,0.035815609119189296,449,449,3,3,0,0,0,149.66666666666666,150,652.6666666666666,402
DOPG_mRNA,96,18,0096_R0018,0.5611112095339656,0.5611112095339656,7215,7215,47,47,0,0,0,153.51063829787233,161,513.1702127659574,413.17021276595744
DOPG_mRNA,96,19,0096_R0019,0.6804965732645967,0.6804965732645967,10803,10803,57,57,0,0,0,189.52631578947367,343,263.3859649122807,427.03508771929825
DOPG_mRNA,96,20,0096_R0020,0.047754145492252396,0.047754145492252396,610,610,4,4,0,0,0,152.5,158,262.5,436.5
DOPG_mRNA,96,21,0096_R0021,0.07163121823837859,0.07163121823837859,900,900,6,6,0,0,0,150,151,241,464.5
DOPG_mRNA,96,22,0096_R0022,0.6446809641454073,0.6446809641454073,8339,8339,54,54,0,0,0,154.42592592592592,168,583.0185185185185,477.35185185185185
DOPG_mRNA,96,23,0096_R0023,0.119385363730631,0.119385363730631,1519,1519,10,10,0,0,0,151.9,156,227,501
DOPG_mRNA,96,24,0096_R0024,0.1552009728498203,0.1552009728498203,2038,2038,13,13,0,0,0,156.76923076923077,167,540.3846153846154,566.7692307692307
DOPG_mRNA,96,25,0096_R0025,3.497991157307488,3.474114084561362,45124,44834,293,291,2,0,1,154.06872852233678,171,498.8384879725086,585.2199312714777
DOPG_mRNA,96,26,0096_R0026,1.707210701348023,1.707210701348023,23548,23548,143,143,0,0,0,164.67132867132867,232,335.43356643356645,587.7902097902098
DOPG_mRNA,96,27,0096_R0027,0.023877072746126198,0.023877072746126198,302,302,2,2,0,0,0,151,152,347.5,584
DOPG_mRNA,96,28,0096_R0028,0.5133570640417132,0.5133570640417132,6561,6561,43,43,0,0,0,152.58139534883722,163,250.69767441860466,602.953488372093
DOPG_mRNA,96,29,0096_R0029,0.1552009728498203,0.1552009728498203,1960,1960,13,13,0,0,0,150.76923076923077,158,241.92307692307693,604.3846153846154
DOPG_mRNA,96,30,0096_R0030,0.48947999129558706,0.48947999129558706,6259,6259,41,41,0,0,0,152.65853658536585,164,239.4390243902439,616.170731707317
DOPG_mRNA,96,31,0096_R0031,0.023877072746126198,0.023877072746126198,302,302,2,2,0,0,0,151,154,255,617.5
DOPG_mRNA,96,32,0096_R0032,0.2029551183420727,0.2029551183420727,2583,2583,17,17,0,0,0,151.94117647058823,158,248.88235294117646,627.8235294117648
DOPG_mRNA,96,33,0096_R0033,0.023877072746126198,0.023877072746126198,306,306,2,2,0,0,0,153,154,575.5,646
DOPG_mRNA,97,1,0097_R0001,0.3104019456996406,0.3104019456996406,3936,3936,26,26,0,0,0,151.3846153846154,160,586.0769230769231,28.346153846153847
DOPG_mRNA,97,2,0097_R0002,0.0835697546114417,0.0835697546114417,1111,1111,7,7,0,0,0,158.71428571428572,168,433.7142857142857,77
DOPG_mRNA,97,3,0097_R0003,0.4417258458033347,0.4417258458033347,5739,5739,37,37,0,0,0,155.1081081081081,171,637.972972972973,174.16216216216216
DOPG_mRNA,97,4,0097_R0004,0.023877072746126198,0.023877072746126198,308,308,2,2,0,0,0,154,155,686.5,269
DOPG_mRNA,97,5,0097_R0005,0.0835697546114417,0.0835697546114417,1075,1075,7,7,0,0,0,153.57142857142858,157,277.7142857142857,282.14285714285717
DOPG_mRNA,97,6,0097_R0006,0.38203316393801917,0.38203316393801917,4955,4955,32,32,0,0,0,154.84375,177,661.625,288.28125
DOPG_mRNA,97,7,0097_R0007,0.119385363730631,0.119385363730631,1572,1572,10,10,0,0,0,157.2,164,554.7,312.4
DOPG_mRNA,97,8,0097_R0008,0.3462175548188299,0.3462175548188299,4680,4680,29,29,0,0,0,161.3793103448276,180,698.7586206896551,322.2068965517241
DOPG_mRNA,97,9,0097_R0009,0.023877072746126198,0.023877072746126198,309,309,2,2,0,0,0,154.5,156,482.5,321.5
DOPG_mRNA,97,10,0097_R0010,0.07163121823837859,0.07163121823837859,908,908,6,6,0,0,0,151.33333333333334,156,486,323.8333333333333
DOPG_mRNA,97,11,0097_R0011,2.2086292290166734,2.1966906926436103,28266,28119,185,184,1,0,1,152.82065217391303,170,433.10869565217394,333.25
DOPG_mRNA,97,12,0097_R0012,1.8743502105709064,1.8743502105709064,24042,24042,157,157,0,0,0,153.13375796178343,164,437.12738853503186,367.5987261146497
DOPG_mRNA,97,13,0097_R0013,0.32234048207270366,0.32234048207270366,4230,4230,27,27,0,0,0,156.66666666666666,170,600.1111111111111,370.74074074074076
DOPG_mRNA,97,14,0097_R0014,3.641253593784245,3.641253593784245,48103,48103,305,305,0,0,0,157.71475409836066,175,396.01967213114756,390.8032786885246
DOPG_mRNA,97,15,0097_R0015,0.023877072746126198,0.023877072746126198,313,313,2,2,0,0,0,156.5,157,571,379.5
DOPG_mRNA,97,16,0097_R0016,0.10744682735756789,0.10744682735756789,1381,1381,9,9,0,0,0,153.44444444444446,158,565.1111111111111,380.8888888888889
DOPG_mRNA,97,17,0097_R0017,0.09550829098450479,0.09550829098450479,1268,1268,8,8,0,0,0,158.5,170,574.5,385
DOPG_mRNA,97,18,0097_R0018,0.8356975461144169,0.8356975461144169,10727,10727,70,70,0,0,0,153.24285714285713,166,616.1857142857143,389.8142857142857
DOPG_mRNA,97,19,0097_R0019,1.7788419195864018,1.7669033832133387,23025,22879,149,148,1,0,1,154.58783783783784,166,640.3445945945946,395.02027027027026
DOPG_mRNA,97,20,0097_R0020,0.023877072746126198,0.023877072746126198,305,305,2,2,0,0,0,152.5,154,246.5,391
DOPG_mRNA,97,21,0097_R0021,1.4923170466328874,1.4923170466328874,19747,19747,125,125,0,0,0,157.976,180,663.056,405.136
DOPG_mRNA,97,22,0097_R0022,0.238770727461262,0.238770727461262,3191,3191,20,20,0,0,0,159.55,178,649.45,409.1
DOPG_mRNA,97,23,0097_R0023,0.3104019456996406,0.3104019456996406,4105,4105,26,26,0,0,0,157.8846153846154,168,410.7307692307692,458.7692307692308
DOPG_mRNA,97,24,0097_R0024,0.10744682735756789,0.10744682735756789,1375,1375,9,9,0,0,0,152.77777777777777,160,414.6666666666667,464.1111111111111
DOPG_mRNA,97,25,0097_R0025,0.023877072746126198,0.023877072746126198,309,309,2,2,0,0,0,154.5,159,415,470.5
DOPG_mRNA,97,26,0097_R0026,0.0835697546114417,0.0835697546114417,1064,1064,7,7,0,0,0,152,155,424.85714285714283,471.42857142857144
DOPG_mRNA,97,27,0097_R0027,0.2029551183420727,0.2029551183420727,2625,2625,17,17,0,0,0,154.41176470588235,165,411.05882352941177,473.5882352941176
DOPG_mRNA,97,28,0097_R0028,0.023877072746126198,0.023877072746126198,304,304,2,2,0,0,0,152,153,436.5,473.5
DOPG_mRNA,97,29,0097_R0029,0.0596926818653155,0.0596926818653155,783,783,5,5,0,0,0,156.6,160,281.4,474.8
DOPG_mRNA,97,30,0097_R0030,0.035815609119189296,0.035815609119189296,457,457,3,3,0,0,0,152.33333333333334,155,434,477.6666666666667
DOPG_mRNA,97,31,0097_R0031,0.023877072746126198,0.023877072746126198,302,302,2,2,0,0,0,151,151,427,479.5
DOPG_mRNA,97,32,0097_R0032,0.035815609119189296,0.035815609119189296,458,458,3,3,0,0,0,152.66666666666666,155,429.3333333333333,479.3333333333333
DOPG_mRNA,97,33,0097_R0033,0.07163121823837859,0.07163121823837859,945,945,6,6,0,0,0,157.5,170,533.5,498
DOPG_mRNA,97,34,0097_R0034,0.0596926818653155,0.0596926818653155,771,771,5,5,0,0,0,154.2,160,346.2,579.6
DOPG_mRNA,97,35,0097_R0035,0.7521277915029753,0.7521277915029753,12722,12722,63,63,0,0,0,201.93650793650792,394,325.1587301587302,643.5238095238095
DOPG_mRNA,97,36,0097_R0036,0.1313239001036941,0.1313239001036941,1769,1769,11,11,0,0,0,160.8181818181818,169,418.45454545454544,660.3636363636364
DOPG_mRNA,98,1,0098_R0001,0.10744682735756789,0.10744682735756789,1411,1411,9,9,0,0,0,156.77777777777777,165,31,137
DOPG_mRNA,98,2,0098_R0002,0.07163121823837859,0.07163121823837859,912,912,6,6,0,0,0,152,154,4.833333333333333,145.16666666666666
DOPG_mRNA,98,3,0098_R0003,0.9789599825911741,0.9789599825911741,12657,12657,82,82,0,0,0,154.35365853658536,165,59.28048780487805,165.1951219512195
DOPG_mRNA,98,4,0098_R0004,0.023877072746126198,0.023877072746126198,305,305,2,2,0,0,0,152.5,153,30.5,219.5
DOPG_mRNA,98,5,0098_R0005,0.17907804559594648,0.17907804559594648,2274,2274,15,15,0,0,0,151.6,159,404.06666666666666,274.2
DOPG_mRNA,98,6,0098_R0006,4.285934557929653,4.285934557929653,56609.00000000001,56609,359,359,0,0,0,157.68523676880224,176,475.016713091922,291.7353760445682
DOPG_mRNA,98,7,0098_R0007,0.7401892551299122,0.7401892551299122,9831,9831,62,62,0,0,0,158.56451612903226,182,450.33870967741933,288.88709677419354
DOPG_mRNA,98,8,0098_R0008,0.023877072746126198,0.023877072746126198,303,303,2,2,0,0,0,151.5,152,570.5,286.5
DOPG_mRNA,98,9,0098_R0009,0.22683219108819888,0.22683219108819888,2870,2870,19,19,0,0,0,151.05263157894737,158,505.05263157894734,295.57894736842104
DOPG_mRNA,98,10,0098_R0010,0.0835697546114417,0.0835697546114417,1057,1057,7,7,0,0,0,151,154,454,294.2857142857143
DOPG_mRNA,98,11,0098_R0011,0.023877072746126198,0.023877072746126198,304,304,2,2,0,0,0,152,152,329.5,296
DOPG_mRNA,98,12,0098_R0012,1.9459814288092852,1.9459814288092852,26266.999999999996,26267,163,163,0,0,0,161.14723926380367,181,452.1226993865031,304.39263803680984
DOPG_mRNA,98,13,0098_R0013,1.4923170466328874,1.456501437513698,19045,18607,125,122,3,0,1,152.51639344262296,164,625.6147540983607,323.0409836065574
DOPG_mRNA,98,14,0098_R0014,0.035815609119189296,0.035815609119189296,460,460,3,3,0,0,0,153.33333333333334,157,411.6666666666667,329.6666666666667
DOPG_mRNA,98,15,0098_R0015,0.2984634093265775,0.2984634093265775,3974,3974,25,25,0,0,0,158.96,177,462.44,330.8
DOPG_mRNA,98,16,0098_R0016,0.047754145492252396,0.047754145492252396,608,608,4,4,0,0,0,152,154,455.5,331.5
DOPG_mRNA,98,17,0098_R0017,0.1552009728498203,0.1552009728498203,1991,1991,13,13,0,0,0,153.15384615384616,157,529.6923076923077,332.9230769230769
DOPG_mRNA,98,18,0098_R0018,0.2984634093265775,0.2984634093265775,3781,3781,25,25,0,0,0,151.24,157,335.08,336.6
DOPG_mRNA,98,19,0098_R0019,0.07163121823837859,0.07163121823837859,918,918,6,6,0,0,0,153,154,421.5,339.5
DOPG_mRNA,98,20,0098_R0020,0.119385363730631,0.119385363730631,1521,1521,10,10,0,0,0,152.1,156,235.9,369.1
DOPG_mRNA,98,21,0098_R0021,5.981206722904613,5.9215140410392975,77149,76420,501,496,5,0,1,154.07258064516128,176,270.04637096774195,409.5443548387097
DOPG_mRNA,98,22,0098_R0022,0.023877072746126198,0.023877072746126198,306,306,2,2,0,0,0,153,153,283.5,410.5
DOPG_mRNA,98,23,0098_R0023,0.1313239001036941,0.1313239001036941,1791,1791,11,11,0,0,0,162.8181818181818,185,687.9090909090909,411.6363636363636
DOPG_mRNA,98,24,0098_R0024,0.023877072746126198,0.023877072746126198,305,305,2,2,0,0,0,152.5,153,282.5,417
DOPG_mRNA,98,25,0098_R0025,0.023877072746126198,0.023877072746126198,302,302,2,2,0,0,0,151,151,278,418.5
DOPG_mRNA,98,26,0098_R0026,0.8715131552336063,0.8595746188605431,11139,10993,73,72,1,0,1,152.68055555555554,161,366.1111111111111,574.4027777777778
DOPG_mRNA,98,27,0098_R0027,0.3342790184457668,0.3342790184457668,4905,4905,28,28,0,0,0,175.17857142857142,228,105.82142857142857,592.6071428571429
DOPG_mRNA,99,1,0099_R0001,0.8953902279797324,0.8953902279797324,11732,11732,75,75,0,0,0,156.42666666666668,173,659.9466666666667,114.13333333333334
DOPG_mRNA,99,2,0099_R0002,0.0596926818653155,0.0596926818653155,761,761,5,5,0,0,0,152.2,156,686.6,150.6
DOPG_mRNA,99,3,0099_R0003,0.25070926383432507,0.25070926383432507,3219,3219,21,21,0,0,0,153.28571428571428,159,332.5238095238095,191.23809523809524
DOPG_mRNA,99,4,0099_R0004,0.035815609119189296,0.035815609119189296,463,463,3,3,0,0,0,154.33333333333334,156,316.6666666666667,193.33333333333334
DOPG_mRNA,99,5,0099_R0005,0.21489365471513577,0.21489365471513577,2744,2744,18,18,0,0,0,152.44444444444446,162,678.0555555555555,218.33333333333334
DOPG_mRNA,99,6,0099_R0006,0.1671395092228834,0.1671395092228834,2122,2122,14,14,0,0,0,151.57142857142858,155,369.35714285714283,294.92857142857144
DOPG_mRNA,99,7,0099_R0007,0.4417258458033347,0.4059102366841454,5586,5147,37,34,3,0,1,151.38235294117646,158,364.20588235294116,313.4117647058824
DOPG_mRNA,99,8,0099_R0008,0.023877072746126198,0.023877072746126198,308,308,2,2,0,0,0,154,156,363.5,321.5
DOPG_mRNA,99,9,0099_R0009,0.2029551183420727,0.2029551183420727,2690,2690,17,17,0,0,0,158.23529411764707,171,572.6470588235294,489
DOPG_mRNA,99,10,0099_R0010,0.0835697546114417,0.0835697546114417,1068,1068,7,7,0,0,0,152.57142857142858,156,197.85714285714286,494.42857142857144
DOPG_mRNA,99,11,0099_R0011,0.3104019456996406,0.3104019456996406,4349,4349,26,26,0,0,0,167.26923076923077,206,209,499.5
DOPG_mRNA,99,12,0099_R0012,0.0835697546114417,0.0835697546114417,1061,1061,7,7,0,0,0,151.57142857142858,158,237.57142857142858,514.4285714285714
DOPG_mRNA,99,13,0099_R0013,0.09550829098450479,0.09550829098450479,1211,1211,8,8,0,0,0,151.375,155,34.625,600.375
DOPG_mRNA,99,14,0099_R0014,0.1671395092228834,0.1671395092228834,2225,2225,14,14,0,0,0,158.92857142857142,173,590.5,607.7142857142857
DOPG_mRNA,99,15,0099_R0015,2.0892438652860426,2.0892438652860426,31198,31198,175,175,0,0,0,178.27428571428572,318,246.06857142857143,631.1885714285714
DOPG_mRNA,99,16,0099_R0016,0.6685580368915336,0.6685580368915336,8884,8884,56,56,0,0,0,158.64285714285714,176,192.39285714285714,628.3571428571429
DOPG_mRNA,99,17,0099_R0017,0.32234048207270366,0.32234048207270366,4115,4115,27,27,0,0,0,152.40740740740742,160,252.5185185185185,666
DOPG_mRNA,99,18,0099_R0018,0.119385363730631,0.119385363730631,1577,1577,10,10,0,0,0,157.7,164,621,671.8
DOPG_mRNA,99,19,0099_R0019,1.062529737202616,1.062529737202616,14305.999999999998,14306,89,89,0,0,0,160.74157303370785,179,220,681.438202247191
DOPG_mRNA,100,1,0100_R0001,2.172813619897484,2.172813619897484,28863,28863,182,182,0,0,0,158.5879120879121,175,319.24175824175825,43.494505494505496
DOPG_mRNA,100,2,0100_R0002,1.2654848555446885,1.2654848555446885,17939,17939,106,106,0,0,0,169.23584905660377,204,293.33962264150944,44.198113207547166
DOPG_mRNA,100,3,0100_R0003,1.1222224190679313,1.1222224190679313,14872,14872,94,94,0,0,0,158.2127659574468,185,303.97872340425533,55.37234042553192
DOPG_mRNA,100,4,0100_R0004,0.967021446218111,0.967021446218111,12484.000000000002,12484,81,81,0,0,0,154.12345679012347,166,290.04938271604937,59.51851851851852
DOPG_mRNA,100,5,0100_R0005,0.023877072746126198,0.023877072746126198,309,309,2,2,0,0,0,154.5,155,275.5,72.5
DOPG_mRNA,100,6,0100_R0006,2.6742321475661344,2.6742321475661344,34686,34686,224,224,0,0,0,154.84821428571428,175,430.17410714285717,234.42857142857142
DOPG_mRNA,100,7,0100_R0007,0.19101658196900959,0.19101658196900959,2445,2445,16,16,0,0,0,152.8125,162,444.1875,241.5
DOPG_mRNA,100,8,0100_R0008,0.9908985189642372,0.9908985189642372,14423,14423,83,83,0,0,0,173.7710843373494,230,585.0843373493976,251.75903614457832
DOPG_mRNA,100,9,0100_R0009,2.745863365804513,2.507092638343251,34864,31933,230,210,20,0,1,152.06190476190477,163,448.5285714285714,262.62380952380954
DOPG_mRNA,100,10,0100_R0010,0.0835697546114417,0.0835697546114417,1066,1066,7,7,0,0,0,152.28571428571428,158,352,253.28571428571428
DOPG_mRNA,100,11,0100_R0011,0.035815609119189296,0.035815609119189296,457,457,3,3,0,0,0,152.33333333333334,153,450,253.33333333333334
DOPG_mRNA,100,12,0100_R0012,0.8356975461144169,0.8356975461144169,11352,11352,70,70,0,0,0,162.17142857142858,191,599.0285714285715,260.98571428571427
DOPG_mRNA,100,13,0100_R0013,0.42978730943027155,0.4059102366841454,5426,5135,36,34,2,0,1,151.02941176470588,156,437.02941176470586,258.20588235294116
DOPG_mRNA,100,14,0100_R0014,0.09550829098450479,0.09550829098450479,1286,1286,8,8,0,0,0,160.75,167,618.125,268.125
DOPG_mRNA,100,15,0100_R0015,3.0443267751310903,3.0443267751310903,43904,43904,255,255,0,0,0,172.17254901960786,231,529.7921568627451,283.69019607843137
DOPG_mRNA,100,16,0100_R0016,0.047754145492252396,0.047754145492252396,619,619,4,4,0,0,0,154.75,159,600.5,279.5
DOPG_mRNA,100,17,0100_R0017,0.477541454922524,0.477541454922524,6895,6895,40,40,0,0,0,172.375,220,606.475,283.4
DOPG_mRNA,100,18,0100_R0018,0.38203316393801917,0.38203316393801917,5336,5336,32,32,0,0,0,166.75,198,603.125,308.59375
DOPG_mRNA,100,19,0100_R0019,0.14326243647675718,0.14326243647675718,1927,1927,12,12,0,0,0,160.58333333333334,176,582.25,319.3333333333333
DOPG_mRNA,100,20,0100_R0020,0.5372341367878395,0.5252956004147764,6803.999999999999,6658,45,44,1,0,1,151.3181818181818,158,358.8181818181818,332.15909090909093
DOPG_mRNA,100,21,0100_R0021,0.023877072746126198,0.023877072746126198,311,311,2,2,0,0,0,155.5,159,631.5,331
DOPG_mRNA,100,22,0100_R0022,0.1313239001036941,0.1313239001036941,1695,1695,11,11,0,0,0,154.0909090909091,161,568.9090909090909,337
DOPG_mRNA,100,23,0100_R0023,0.2626478002073882,0.2626478002073882,3432.9999999999995,3433,22,22,0,0,0,156.04545454545453,166,548,338.40909090909093
DOPG_mRNA,100,24,0100_R0024,0.09550829098450479,0.09550829098450479,1210,1210,8,8,0,0,0,151.25,153,633.125,345.125
DOPG_mRNA,100,25,0100_R0025,0.023877072746126198,0.023877072746126198,302,302,2,2,0,0,0,151,154,640.5,345
DOPG_mRNA,100,26,0100_R0026,0.14326243647675718,0.14326243647675718,1882,1882,12,12,0,0,0,156.83333333333334,168,616.5,347.5
DOPG_mRNA,100,27,0100_R0027,0.047754145492252396,0.047754145492252396,625,625,4,4,0,0,0,156.25,162,597.5,347.5
DOPG_mRNA,100,28,0100_R0028,0.035815609119189296,0.035815609119189296,468,468,3,3,0,0,0,156,159,626.3333333333334,360.6666666666667
DOPG_mRNA,100,29,0100_R0029,0.5252956004147764,0.5252956004147764,7389,7389,44,44,0,0,0,167.9318181818182,191,467.0681818181818,370.47727272727275
DOPG_mRNA,100,30,0100_R0030,0.119385363730631,0.119385363730631,1538,1538,10,10,0,0,0,153.8,159,477,370.8
DOPG_mRNA,100,31,0100_R0031,0.2029551183420727,0.2029551183420727,2579,2579,17,17,0,0,0,151.7058823529412,157,343,378.6470588235294
DOPG_mRNA,100,32,0100_R0032,0.2984634093265775,0.2984634093265775,3790.9999999999995,3791,25,25,0,0,0,151.64,156,365.2,400
DOPG_mRNA,100,33,0100_R0033,0.22683219108819888,0.22683219108819888,2883,2883,19,19,0,0,0,151.73684210526315,157,648.7368421052631,405.63157894736844
DOPG_mRNA,100,34,0100_R0034,0.023877072746126198,0.023877072746126198,302,302,2,2,0,0,0,151,151,703,419.5
DOPG_mRNA,100,35,0100_R0035,0.023877072746126198,0.023877072746126198,305,305,2,2,0,0,0,152.5,153,651,424.5
DOPG_mRNA,100,36,0100_R0036,0.1313239001036941,0.1313239001036941,1686,1686,11,11,0,0,0,153.27272727272728,156,656.7272727272727,433
DOPG_mRNA,100,37,0100_R0037,3.3069745753384785,3.3069745753384785,45853,45853,277,277,0,0,0,165.53429602888087,193,419.66425992779784,498.4909747292419
DOPG_mRNA,100,38,0100_R0038,0.25070926383432507,0.25070926383432507,3195,3195,21,21,0,0,0,152.14285714285714,159,561,530.8095238095239
DOPG_mRNA,100,39,0100_R0039,0.023877072746126198,0.023877072746126198,306,306,2,2,0,0,0,153,153,513,536.5
DOPG_mRNA,100,40,0100_R0040,0.023877072746126198,0.023877072746126198,305,305,2,2,0,0,0,152.5,154,469.5,537
DOPG_mRNA,100,41,0100_R0041,0.0596926818653155,0.0596926818653155,758,758,5,5,0,0,0,151.6,156,474.6,539.8
DOPG_mRNA,100,42,0100_R0042,0.0596926818653155,0.0596926818653155,760,760,5,5,0,0,0,152,157,478.8,570.4
DOPG_mRNA,100,43,0100_R0043,0.5372341367878395,0.5372341367878395,6837,6837,45,45,0,0,0,151.93333333333334,162,353.7111111111111,577.7333333333333
DOPG_mRNA,100,44,0100_R0044,0.14326243647675718,0.14326243647675718,1834,1834,12,12,0,0,0,152.83333333333334,156,214.41666666666666,619.1666666666666
DOPG_mRNA,100,45,0100_R0045,0.0596926818653155,0.0596926818653155,755,755,5,5,0,0,0,151,154,394.4,628.8
DOPG_mRNA,100,46,0100_R0046,1.7788419195864018,1.7549648468402756,23004,22711,149,147,2,0,1,154.49659863945578,168,383.6326530612245,637.7755102040817
DOPG_mRNA,100,47,0100_R0047,0.8237590097413539,0.8237590097413539,10869,10869,69,69,0,0,0,157.52173913043478,177,350.59420289855075,636.0144927536232
DOPG_mRNA,100,48,0100_R0048,0.0596926818653155,0.0596926818653155,763,763,5,5,0,0,0,152.6,155,236.4,652.8
DOPG_mRNA,100,49,0100_R0049,0.0596926818653155,0.0596926818653155,779,779,5,5,0,0,0,155.8,160,241.4,659.8
DOPG_mRNA,100,50,0100_R0050,1.6236409467365815,1.6236409467365815,20858,20858,136,136,0,0,0,153.36764705882354,169,535.8161764705883,688.3308823529412
DOPG_mRNA,101,1,0101_R0001,0.119385363730631,0.119385363730631,1551,1551,10,10,0,0,0,155.1,163,264.2,61.1
DOPG_mRNA,101,2,0101_R0002,0.035815609119189296,0.035815609119189296,457,457,3,3,0,0,0,152.33333333333334,156,647,177
DOPG_mRNA,101,3,0101_R0003,0.10744682735756789,0.10744682735756789,1408,1408,9,9,0,0,0,156.44444444444446,166,38.333333333333336,237.77777777777777
DOPG_mRNA,101,4,0101_R0004,0.2745863365804513,0.2745863365804513,3477,3477,23,23,0,0,0,151.17391304347825,165,384.7826086956522,260.60869565217394
DOPG_mRNA,101,5,0101_R0005,0.07163121823837859,0.07163121823837859,915,915,6,6,0,0,0,152.5,154,257.8333333333333,286
DOPG_mRNA,101,6,0101_R0006,0.32234048207270366,0.32234048207270366,4200,4200,27,27,0,0,0,155.55555555555554,168,364.9259259259259,294.14814814814815
DOPG_mRNA,101,7,0101_R0007,0.047754145492252396,0.047754145492252396,613,613,4,4,0,0,0,153.25,159,513,295.5
DOPG_mRNA,101,8,0101_R0008,0.2745863365804513,0.2745863365804513,3469,3469,23,23,0,0,0,150.82608695652175,156,383.5217391304348,316.8695652173913
DOPG_mRNA,101,9,0101_R0009,0.023877072746126198,0.023877072746126198,316,316,2,2,0,0,0,158,160,625.5,427
DOPG_mRNA,101,10,0101_R0010,0.3104019456996406,0.3104019456996406,3901,3901,26,26,0,0,0,150.03846153846155,156,569.5384615384615,448.5769230769231
DOPG_mRNA,101,11,0101_R0011,0.25070926383432507,0.25070926383432507,3449,3449,21,21,0,0,0,164.23809523809524,194,134,462
DOPG_mRNA,101,12,0101_R0012,0.023877072746126198,0.023877072746126198,300,300,2,2,0,0,0,150,150,422.5,507
DOPG_mRNA,101,13,0101_R0013,0.047754145492252396,0.047754145492252396,611,611,4,4,0,0,0,152.75,160,131.5,516.5
DOPG_mRNA,101,14,0101_R0014,0.2745863365804513,0.2745863365804513,3571.0000000000005,3571,23,23,0,0,0,155.2608695652174,177,136.95652173913044,524.2608695652174
DOPG_mRNA,101,15,0101_R0015,0.3462175548188299,0.3462175548188299,4383,4383,29,29,0,0,0,151.13793103448276,157,408.58620689655174,527.1034482758621
DOPG_mRNA,101,16,0101_R0016,0.2745863365804513,0.2745863365804513,3495,3495,23,23,0,0,0,151.95652173913044,165,505.4782608695652,547.304347826087
DOPG_mRNA,101,17,0101_R0017,0.28652487295351436,0.28652487295351436,4103,4103,24,24,0,0,0,170.95833333333334,209,635.875,549.3333333333334
DOPG_mRNA,101,18,0101_R0018,0.4059102366841454,0.4059102366841454,5909,5909,34,34,0,0,0,173.7941176470588,230,687.6176470588235,559.8529411764706
DOPG_mRNA,101,19,0101_R0019,0.07163121823837859,0.07163121823837859,920,920,6,6,0,0,0,153.33333333333334,164,655.8333333333334,564.8333333333334
DOPG_mRNA,101,20,0101_R0020,0.023877072746126198,0.023877072746126198,301,301,2,2,0,0,0,150.5,151,680,575.5
DOPG_mRNA,101,21,0101_R0021,0.2984634093265775,0.2984634093265775,3835,3835,25,25,0,0,0,153.4,166,593.92,628.6
DOPG_mRNA,101,22,0101_R0022,0.023877072746126198,0.023877072746126198,298,298,2,2,0,0,0,149,150,249,668.5
DOPG_mRNA,101,23,0101_R0023,0.9312058370989217,0.9312058370989217,13567,13567,78,78,0,0,0,173.93589743589743,216,597.4487179487179,679.9102564102565
DOPG_mRNA,101,24,0101_R0024,0.1552009728498203,0.1552009728498203,2099,2099,13,13,0,0,0,161.46153846153845,182,337.46153846153845,686.1538461538462
DOPG_mRNA,101,25,0101_R0025,0.2029551183420727,0.2029551183420727,2643,2643,17,17,0,0,0,155.47058823529412,165,632.2352941176471,694.5294117647059
DOPG_mRNA,102,1,0102_R0001,0.023877072746126198,0.023877072746126198,311,311,2,2,0,0,0,155.5,157,232.5,130
DOPG_mRNA,102,2,0102_R0002,0.2029551183420727,0.2029551183420727,2599,2599,17,17,0,0,0,152.88235294117646,160,560.7058823529412,177.11764705882354
DOPG_mRNA,102,3,0102_R0003,0.09550829098450479,0.09550829098450479,1254,1254,8,8,0,0,0,156.75,163,597.875,220.125
DOPG_mRNA,102,4,0102_R0004,0.35815609119189296,0.35815609119189296,4737,4737,30,30,0,0,0,157.9,179,523.0333333333333,223.73333333333332
DOPG_mRNA,102,5,0102_R0005,0.2029551183420727,0.2029551183420727,2565,2565,17,17,0,0,0,150.88235294117646,162,550.4705882352941,226.11764705882354
DOPG_mRNA,102,6,0102_R0006,0.3700946275649561,0.3700946275649561,4699,4699,31,31,0,0,0,151.58064516129033,159,188.16129032258064,267.8709677419355
DOPG_mRNA,102,7,0102_R0007,0.2984634093265775,0.2984634093265775,3874,3874,25,25,0,0,0,154.96,169,531.04,290.92
DOPG_mRNA,102,8,0102_R0008,0.035815609119189296,0.035815609119189296,455,455,3,3,0,0,0,151.66666666666666,156,414.6666666666667,382.6666666666667
DOPG_mRNA,102,9,0102_R0009,0.023877072746126198,0.023877072746126198,305,305,2,2,0,0,0,152.5,154,412.5,409
DOPG_mRNA,102,10,0102_R0010,0.2984634093265775,0.2984634093265775,3760,3760,25,25,0,0,0,150.4,158,351.84,425.96
DOPG_mRNA,102,11,0102_R0011,0.023877072746126198,0.023877072746126198,299,299,2,2,0,0,0,149.5,151,357,424.5
DOPG_mRNA,102,12,0102_R0012,0.023877072746126198,0.023877072746126198,304,304,2,2,0,0,0,152,154,360.5,424
DOPG_mRNA,102,13,0102_R0013,0.023877072746126198,0.023877072746126198,308,308,2,2,0,0,0,154,158,361.5,427
DOPG_mRNA,102,14,0102_R0014,0.9073287643527955,0.9073287643527955,11860,11860,76,76,0,0,0,156.05263157894737,170,676.3421052631579,537.921052631579
DOPG_mRNA,102,15,0102_R0015,2.2086292290166734,2.2086292290166734,29557,29557,185,185,0,0,0,159.76756756756757,178,639.1621621621622,548.5729729729729
DOPG_mRNA,102,16,0102_R0016,0.17907804559594648,0.17907804559594648,2399,2399,15,15,0,0,0,159.93333333333334,175,142.8,549.8
DOPG_mRNA,102,17,0102_R0017,0.0835697546114417,0.0835697546114417,1049,1049,7,7,0,0,0,149.85714285714286,152,240,551
DOPG_mRNA,103,1,0103_R0001,0.023877072746126198,0.023877072746126198,303,303,2,2,0,0,0,151.5,152,341.5,225.5
DOPG_mRNA,103,2,0103_R0002,0.3342790184457668,0.3342790184457668,4632,4632,28,28,0,0,0,165.42857142857142,192,480.17857142857144,232.57142857142858
DOPG_mRNA,103,3,0103_R0003,2.4235228837318092,2.4235228837318092,31826,31826,203,203,0,0,0,156.7783251231527,173,244.2167487684729,345.13793103448273
DOPG_mRNA,103,4,0103_R0004,0.35815609119189296,0.35815609119189296,4594,4594,30,30,0,0,0,153.13333333333333,160,261,347.3333333333333
DOPG_mRNA,103,5,0103_R0005,1.0386526644564895,1.0386526644564895,13336,13336,87,87,0,0,0,153.28735632183907,164,422.3333333333333,354.6551724137931
DOPG_mRNA,103,6,0103_R0006,0.047754145492252396,0.047754145492252396,606,606,4,4,0,0,0,151.5,154,221.5,352.5
DOPG_mRNA,103,7,0103_R0007,0.023877072746126198,0.023877072746126198,307,307,2,2,0,0,0,153.5,155,227,354.5
DOPG_mRNA,103,8,0103_R0008,0.09550829098450479,0.09550829098450479,1212,1212,8,8,0,0,0,151.5,155,233.5,354.5
DOPG_mRNA,103,9,0103_R0009,1.922104356063159,1.922104356063159,25760,25760,161,161,0,0,0,160,183,232.75776397515529,370.0372670807453
DOPG_mRNA,103,10,0103_R0010,0.047754145492252396,0.047754145492252396,616,616,4,4,0,0,0,154,162,464.5,365.5
DOPG_mRNA,103,11,0103_R0011,0.5372341367878395,0.5372341367878395,6848,6848,45,45,0,0,0,152.17777777777778,169,260,389.46666666666664
DOPG_mRNA,103,12,0103_R0012,0.8834516916066694,0.8834516916066694,11439.000000000002,11439,74,74,0,0,0,154.5810810810811,164,236.97297297297297,390.7837837837838
DOPG_mRNA,103,13,0103_R0013,0.047754145492252396,0.047754145492252396,611,611,4,4,0,0,0,152.75,154,226.5,392
DOPG_mRNA,103,14,0103_R0014,1.4326243647675718,1.4326243647675718,18634,18634,120,120,0,0,0,155.28333333333333,180,544.4333333333333,415.175
DOPG_mRNA,103,15,0103_R0015,0.8953902279797324,0.8834516916066694,11363,11217,75,74,1,0,1,151.5810810810811,162,234.98648648648648,425.6216216216216
DOPG_mRNA,103,16,0103_R0016,3.2830975025923523,3.2830975025923523,44804,44804,275,275,0,0,0,162.92363636363638,190,298.0109090909091,451.0436363636364
DOPG_mRNA,103,17,0103_R0017,0.8953902279797324,0.8953902279797324,11560,11560,75,75,0,0,0,154.13333333333333,166,228.17333333333335,447.6533333333333
DOPG_mRNA,103,18,0103_R0018,0.25070926383432507,0.25070926383432507,3187,3187,21,21,0,0,0,151.76190476190476,157,271.14285714285717,455.1904761904762
DOPG_mRNA,103,19,0103_R0019,3.963594075856949,3.963594075856949,52778.99999999999,52779,332,332,0,0,0,158.97289156626505,174,256.95180722891564,464.1656626506024
DOPG_mRNA,103,20,0103_R0020,0.023877072746126198,0.023877072746126198,304,304,2,2,0,0,0,152,153,324.5,459
DOPG_mRNA,103,21,0103_R0021,3.5099296936805513,3.39054432994992,44440,42980,294,284,10,0,1,151.33802816901408,162,337.6021126760563,467.943661971831
DOPG_mRNA,103,22,0103_R0022,0.0835697546114417,0.0835697546114417,1055,1055,7,7,0,0,0,150.71428571428572,152,321.7142857142857,461.85714285714283
DOPG_mRNA,103,23,0103_R0023,0.023877072746126198,0.023877072746126198,305,305,2,2,0,0,0,152.5,155,318,462.5
DOPG_mRNA,103,24,0103_R0024,3.175650675234784,3.175650675234784,42475,42475,266,266,0,0,0,159.68045112781954,178,276.5375939849624,481.6466165413534
DOPG_mRNA,103,25,0103_R0025,0.5491726731609026,0.5491726731609026,7061,7061,46,46,0,0,0,153.5,163,369.7826086956522,478.2826086956522
DOPG_mRNA,103,26,0103_R0026,1.5400711921251398,1.5400711921251398,19994,19994,129,129,0,0,0,154.9922480620155,169,388.26356589147287,504.7906976744186
DOPG_mRNA,103,27,0103_R0027,0.7640663278760383,0.7640663278760383,9752,9752,64,64,0,0,0,152.375,160,349.53125,503.78125
DOPG_mRNA,103,28,0103_R0028,0.1313239001036941,0.1313239001036941,1659,1659,11,11,0,0,0,150.8181818181818,155,361.09090909090907,500.54545454545456
DOPG_mRNA,103,29,0103_R0029,0.09550829098450479,0.09550829098450479,1227,1227,8,8,0,0,0,153.375,162,365.375,511.75
DOPG_mRNA,103,30,0103_R0030,0.39397170031108225,0.39397170031108225,4997,4997,33,33,0,0,0,151.42424242424244,157,284.93939393939394,517.6060606060606
DOPG_mRNA,103,31,0103_R0031,0.1671395092228834,0.1671395092228834,2167,2167,14,14,0,0,0,154.78571428571428,167,335.64285714285717,652.6428571428571
DOPG_mRNA,104,1,0104_R0001,0.3342790184457668,0.3342790184457668,4554,4554,28,28,0,0,0,162.64285714285714,183,186.17857142857142,201.85714285714286
DOPG_mRNA,104,2,0104_R0002,0.1671395092228834,0.1671395092228834,2156,2156,14,14,0,0,0,154,162,373.57142857142856,261.5
DOPG_mRNA,104,3,0104_R0003,0.023877072746126198,0.023877072746126198,311,311,2,2,0,0,0,155.5,158,289,335.5
DOPG_mRNA,104,4,0104_R0004,0.1552009728498203,0.1552009728498203,1968,1968,13,13,0,0,0,151.3846153846154,156,293.46153846153845,348.38461538461536
DOPG_mRNA,104,5,0104_R0005,0.728250718756849,0.728250718756849,9923,9923,61,61,0,0,0,162.672131147541,217,224.39344262295083,363.88524590163934
DOPG_mRNA,104,6,0104_R0006,0.477541454922524,0.477541454922524,6705,6705,40,40,0,0,0,167.625,209,184.675,368.025
DOPG_mRNA,104,7,0104_R0007,0.35815609119189296,0.35815609119189296,4580,4580,30,30,0,0,0,152.66666666666666,162,427.56666666666666,375.9
DOPG_mRNA,104,8,0104_R0008,0.023877072746126198,0.023877072746126198,306,306,2,2,0,0,0,153,153,614,419.5
DOPG_mRNA,104,9,0104_R0009,0.1671395092228834,0.1671395092228834,2121,2121,14,14,0,0,0,151.5,154,241.64285714285714,468.7142857142857
DOPG_mRNA,104,10,0104_R0010,0.1552009728498203,0.1552009728498203,1961,1961,13,13,0,0,0,150.84615384615384,154,265.2307692307692,472.3076923076923
DOPG_mRNA,105,1,0105_R0001,0.14326243647675718,0.14326243647675718,1833,1833,12,12,0,0,0,152.75,158,209.25,49.25
DOPG_mRNA,105,2,0105_R0002,0.6327424277723442,0.6327424277723442,8347,8347,53,53,0,0,0,157.49056603773585,177,396.75471698113205,273.6792452830189
DOPG_mRNA,105,3,0105_R0003,0.047754145492252396,0.047754145492252396,657,657,4,4,0,0,0,164.25,171,141.5,289.5
DOPG_mRNA,105,4,0105_R0004,0.023877072746126198,0.023877072746126198,303,303,2,2,0,0,0,151.5,152,412,381.5
DOPG_mRNA,105,5,0105_R0005,0.8715131552336063,0.8715131552336063,11207.000000000002,11207,73,73,0,0,0,153.5205479452055,166,418.3972602739726,386.7671232876712
DOPG_mRNA,105,6,0105_R0006,0.4059102366841454,0.4059102366841454,5326,5326,34,34,0,0,0,156.64705882352942,170,431.3529411764706,386.70588235294116
DOPG_mRNA,105,7,0105_R0007,0.023877072746126198,0.023877072746126198,306,306,2,2,0,0,0,153,154,410.5,386.5
DOPG_mRNA,105,8,0105_R0008,0.09550829098450479,0.09550829098450479,1213,1213,8,8,0,0,0,151.625,154,409.625,413.5
DOPG_mRNA,105,9,0105_R0009,0.07163121823837859,0.07163121823837859,933,933,6,6,0,0,0,155.5,158,440.3333333333333,419.5
DOPG_mRNA,105,10,0105_R0010,0.047754145492252396,0.047754145492252396,613,613,4,4,0,0,0,153.25,154,393.75,436
DOPG_mRNA,105,11,0105_R0011,0.023877072746126198,0.023877072746126198,307,307,2,2,0,0,0,153.5,154,421.5,450
DOPG_mRNA,105,12,0105_R0012,0.32234048207270366,0.28652487295351436,4093.9999999999995,3654,27,24,3,0,1,152.25,157,423.1666666666667,455.7083333333333
DOPG_mRNA,105,13,0105_R0013,0.21489365471513577,0.21489365471513577,2760,2760,18,18,0,0,0,153.33333333333334,158,388.55555555555554,456.3888888888889
DOPG_mRNA,105,14,0105_R0014,2.6622936111930713,2.6622936111930713,36058,36058,223,223,0,0,0,161.695067264574,184,310.09417040358744,462.695067264574
DOPG_mRNA,105,15,0105_R0015,0.25070926383432507,0.25070926383432507,3382,3382,21,21,0,0,0,161.04761904761904,179,209.95238095238096,465.1904761904762
DOPG_mRNA,105,16,0105_R0016,0.0835697546114417,0.0835697546114417,1089,1089,7,7,0,0,0,155.57142857142858,159,577,471
DOPG_mRNA,105,17,0105_R0017,0.0596926818653155,0.0596926818653155,769,769,5,5,0,0,0,153.8,155,436.2,511.4
DOPG_mRNA,105,18,0105_R0018,1.575886801244329,1.575886801244329,20521,20521,132,132,0,0,0,155.46212121212122,166,272.27272727272725,558.5909090909091
DOPG_mRNA,105,19,0105_R0019,2.6981092203122605,2.6981092203122605,35651,35651,226,226,0,0,0,157.74778761061947,178,208.96017699115043,588.787610619469
DOPG_mRNA,105,20,0105_R0020,0.22683219108819888,0.22683219108819888,2908,2908,19,19,0,0,0,153.05263157894737,161,306.1578947368421,586.2631578947369
DOPG_mRNA,105,21,0105_R0021,0.023877072746126198,0.023877072746126198,305,305,2,2,0,0,0,152.5,153,302.5,585
DOPG_mRNA,105,22,0105_R0022,0.023877072746126198,0.023877072746126198,306,306,2,2,0,0,0,153,156,611,602.5
DOPG_mRNA,105,23,0105_R0023,10.135817380730572,10.111940307984446,148384,148089,849,847,2,0,1,174.83943329397874,245,222.30578512396696,624.5926800472255
DOPG_mRNA,105,24,0105_R0024,0.047754145492252396,0.047754145492252396,616,616,4,4,0,0,0,154,156,211.5,609.5
DOPG_mRNA,105,25,0105_R0025,1.9579199651823482,1.9579199651823482,27372,27372,164,164,0,0,0,166.90243902439025,209,190.95731707317074,622.1341463414634
DOPG_mRNA,106,1,0106_R0001,0.8356975461144169,0.8356975461144169,10971,10971,70,70,0,0,0,156.72857142857143,168,448.4142857142857,50.8
DOPG_mRNA,106,2,0106_R0002,0.047754145492252396,0.047754145492252396,621,621,4,4,0,0,0,155.25,159,495,156.75
DOPG_mRNA,106,3,0106_R0003,0.023877072746126198,0.023877072746126198,314,314,2,2,0,0,0,157,158,200,205.5
DOPG_mRNA,106,4,0106_R0004,2.7100477566853236,2.7100477566853236,35168,35168,227,227,0,0,0,154.92511013215858,176,404.0220264317181,277.4757709251101
DOPG_mRNA,106,5,0106_R0005,0.14326243647675718,0.14326243647675718,1853,1853,12,12,0,0,0,154.41666666666666,162,121.08333333333333,301.1666666666667
DOPG_mRNA,106,6,0106_R0006,0.25070926383432507,0.25070926383432507,3169,3169,21,21,0,0,0,150.9047619047619,158,309.76190476190476,304.3809523809524
DOPG_mRNA,106,7,0106_R0007,0.238770727461262,0.238770727461262,3121,3121,20,20,0,0,0,156.05,171,171.9,318.3
DOPG_mRNA,106,8,0106_R0008,0.023877072746126198,0.023877072746126198,305,305,2,2,0,0,0,152.5,155,172,323.5
DOPG_mRNA,106,9,0106_R0009,3.39054432994992,3.39054432994992,44542,44542,284,284,0,0,0,156.83802816901408,175,280.1725352112676,340.2077464788732
DOPG_mRNA,106,10,0106_R0010,2.6384165384469447,2.6384165384469447,39896,39896,221,221,0,0,0,180.52488687782807,231,272.66968325791856,375.158371040724
DOPG_mRNA,106,11,0106_R0011,0.3342790184457668,0.3342790184457668,4796,4796,28,28,0,0,0,171.28571428571428,220,442.7857142857143,370.5
DOPG_mRNA,106,12,0106_R0012,0.9192673007258586,0.9192673007258586,11829,11829,77,77,0,0,0,153.62337662337663,164,424.54545454545456,383.90909090909093
DOPG_mRNA,106,13,0106_R0013,0.22683219108819888,0.22683219108819888,3084,3084,19,19,0,0,0,162.31578947368422,192,662.6315789473684,395
DOPG_mRNA,106,14,0106_R0014,0.047754145492252396,0.047754145492252396,609,609,4,4,0,0,0,152.25,155,672.5,411.5
DOPG_mRNA,106,15,0106_R0015,0.3342790184457668,0.3342790184457668,4750,4750,28,28,0,0,0,169.64285714285714,218,366.39285714285717,448.14285714285717
DOPG_mRNA,106,16,0106_R0016,0.047754145492252396,0.047754145492252396,603,603,4,4,0,0,0,150.75,153,390.75,450
DOPG_mRNA,106,17,0106_R0017,0.6685580368915336,0.6685580368915336,9311,9311,56,56,0,0,0,166.26785714285714,209,342.75,454.5357142857143
DOPG_mRNA,106,18,0106_R0018,0.0596926818653155,0.0596926818653155,767,767,5,5,0,0,0,153.4,157,418.8,501.4
DOPG_mRNA,106,19,0106_R0019,0.1552009728498203,0.1552009728498203,2004,2004,13,13,0,0,0,154.15384615384616,164,429.61538461538464,507.38461538461536
DOPG_mRNA,106,20,0106_R0020,0.4059102366841454,0.4059102366841454,5658,5658,34,34,0,0,0,166.41176470588235,200,330.1470588235294,510.5882352941176
DOPG_mRNA,106,21,0106_R0021,0.2984634093265775,0.2984634093265775,4208,4208,25,25,0,0,0,168.32,205,420.04,514.4
DOPG_mRNA,106,22,0106_R0022,0.6208038913992812,0.6208038913992812,8507,8507,52,52,0,0,0,163.59615384615384,195,410.9807692307692,519.5961538461538
DOPG_mRNA,106,23,0106_R0023,0.5849882822800918,0.5849882822800918,7719,7719,49,49,0,0,0,157.53061224489795,180,417.2244897959184,527.204081632653
DOPG_mRNA,106,24,0106_R0024,0.1313239001036941,0.1313239001036941,1716,1716,11,11,0,0,0,156,168,342.6363636363636,583.9090909090909
DOPG_mRNA,106,25,0106_R0025,0.0596926818653155,0.0596926818653155,769,769,5,5,0,0,0,153.8,161,122.6,646.2
DOPG_mRNA,106,26,0106_R0026,0.3104019456996406,0.3104019456996406,4435,4435,26,26,0,0,0,170.57692307692307,232,146.69230769230768,647.8846153846154
DOPG_mRNA,106,27,0106_R0027,0.07163121823837859,0.07163121823837859,919,919,6,6,0,0,0,153.16666666666666,163,133,649.5
DOPG_mRNA,106,28,0106_R0028,0.07163121823837859,0.07163121823837859,915,915,6,6,0,0,0,152.5,157,519,687.5
66DOPC33DOPG_mRNA,107,1,0107_R0001,0.22683219108819888,0.22683219108819888,2964,2964,19,19,0,0,0,156,166,423.7894736842105,1.0526315789473684
66DOPC33DOPG_mRNA,107,2,0107_R0002,1.3968087556483826,1.3968087556483826,29131,29131,117,117,0,0,0,248.98290598290598,435,680.017094017094,13.205128205128204
66DOPC33DOPG_mRNA,107,3,0107_R0003,0.19101658196900959,0.19101658196900959,2798,2798,16,16,0,0,0,174.875,207,702.375,12.5
66DOPC33DOPG_mRNA,107,4,0107_R0004,0.047754145492252396,0.047754145492252396,613,613,4,4,0,0,0,153.25,156,420.5,13.5
66DOPC33DOPG_mRNA,107,5,0107_R0005,0.9431443734719849,0.9431443734719849,13723,13723,79,79,0,0,0,173.70886075949366,225,656.8101265822785,20.151898734177216
66DOPC33DOPG_mRNA,107,6,0107_R0006,0.1671395092228834,0.1671395092228834,2241,2241,14,14,0,0,0,160.07142857142858,175,648.2857142857143,22.5
66DOPC33DOPG_mRNA,107,7,0107_R0007,1.0267141280834264,1.0267141280834264,15043.999999999998,15044,86,86,0,0,0,174.93023255813952,219,666.9651162790698,27.023255813953487
66DOPC33DOPG_mRNA,107,8,0107_R0008,1.3609931465291933,1.3609931465291933,23093,23093,114,114,0,0,0,202.5701754385965,344,680.7982456140351,29.912280701754387
66DOPC33DOPG_mRNA,107,9,0107_R0009,0.2029551183420727,0.2029551183420727,2795,2795,17,17,0,0,0,164.41176470588235,188,469.47058823529414,38.64705882352941
66DOPC33DOPG_mRNA,107,10,0107_R0010,0.5730497459070287,0.5730497459070287,9191,9191,48,48,0,0,0,191.47916666666666,272,594.9583333333334,44.583333333333336
66DOPC33DOPG_mRNA,107,11,0107_R0011,1.5281326557520767,1.5281326557520767,24563,24563,128,128,0,0,0,191.8984375,261,306.8203125,48.875
66DOPC33DOPG_mRNA,107,12,0107_R0012,0.14326243647675718,0.14326243647675718,1935,1935,12,12,0,0,0,161.25,174,663.25,50.333333333333336
66DOPC33DOPG_mRNA,107,13,0107_R0013,0.2029551183420727,0.2029551183420727,2637,2637,17,17,0,0,0,155.11764705882354,165,637.1176470588235,54.76470588235294
66DOPC33DOPG_mRNA,107,14,0107_R0014,0.38203316393801917,0.38203316393801917,5216,5216,32,32,0,0,0,163,180,680.53125,55.9375
66DOPC33DOPG_mRNA,107,15,0107_R0015,1.0386526644564895,1.0386526644564895,14971,14971,87,87,0,0,0,172.08045977011494,216,645.4367816091954,61.666666666666664
66DOPC33DOPG_mRNA,107,16,0107_R0016,1.5520097284982028,1.5400711921251398,26178,26035,130,129,1,0,1,201.8217054263566,370,661.4263565891473,64.93023255813954
66DOPC33DOPG_mRNA,107,17,0107_R0017,0.119385363730631,0.119385363730631,1521,1521,10,10,0,0,0,152.1,157,632.3,62.8
66DOPC33DOPG_mRNA,107,18,0107_R0018,0.5849882822800918,0.5849882822800918,8034,8034,49,49,0,0,0,163.9591836734694,193,673.530612244898,69.51020408163265
66DOPC33DOPG_mRNA,107,19,0107_R0019,0.5491726731609026,0.5491726731609026,7592,7592,46,46,0,0,0,165.04347826086956,184,627.1086956521739,73.45652173913044
66DOPC33DOPG_mRNA,107,20,0107_R0020,0.3700946275649561,0.3700946275649561,5005,5005,31,31,0,0,0,161.4516129032258,177,680.516129032258,77.64516129032258
66DOPC33DOPG_mRNA,107,21,0107_R0021,0.38203316393801917,0.38203316393801917,5347,5347,32,32,0,0,0,167.09375,189,660.375,80.84375
66DOPC33DOPG_mRNA,107,22,0107_R0022,0.09550829098450479,0.09550829098450479,1252,1252,8,8,0,0,0,156.5,168,673.875,79.125
66DOPC33DOPG_mRNA,107,23,0107_R0023,0.3342790184457668,0.3342790184457668,4750,4750,28,28,0,0,0,169.64285714285714,208,432.82142857142856,81.42857142857143
66DOPC33DOPG_mRNA,107,24,0107_R0024,0.09550829098450479,0.09550829098450479,1259,1259,8,8,0,0,0,157.375,166,614.75,80.25
66DOPC33DOPG_mRNA,107,25,0107_R0025,2.316076056374241,2.316076056374241,37515,37515,194,194,0,0,0,193.3762886597938,356,537.0876288659794,97.16494845360825
66DOPC33DOPG_mRNA,107,26,0107_R0026,0.17907804559594648,0.17907804559594648,2424,2424,15,15,0,0,0,161.6,184,504.8666666666667,92.46666666666667
66DOPC33DOPG_mRNA,107,27,0107_R0027,1.8385346014517172,1.8385346014517172,29266.999999999996,29267,154,154,0,0,0,190.04545454545453,257,530.0584415584416,120.05194805194805
66DOPC33DOPG_mRNA,107,28,0107_R0028,1.69527216497496,1.69527216497496,22444,22444,142,142,0,0,0,158.05633802816902,185,323.7957746478873,133.57746478873239
66DOPC33DOPG_mRNA,107,29,0107_R0029,0.42978730943027155,0.42978730943027155,5630,5630,36,36,0,0,0,156.38888888888889,171,270.8333333333333,135.30555555555554
66DOPC33DOPG_mRNA,107,30,0107_R0030,0.14326243647675718,0.14326243647675718,1905,1905,12,12,0,0,0,158.75,176,360.25,150.66666666666666
66DOPC33DOPG_mRNA,107,31,0107_R0031,0.1552009728498203,0.1552009728498203,1981,1981,13,13,0,0,0,152.3846153846154,157,440.53846153846155,151.23076923076923
66DOPC33DOPG_mRNA,107,32,0107_R0032,0.2745863365804513,0.2745863365804513,3573,3573,23,23,0,0,0,155.34782608695653,166,254.56521739130434,154.1304347826087
66DOPC33DOPG_mRNA,107,33,0107_R0033,0.09550829098450479,0.09550829098450479,1218,1218,8,8,0,0,0,152.25,157,594.125,161.75
66DOPC33DOPG_mRNA,107,34,0107_R0034,0.07163121823837859,0.07163121823837859,960,960,6,6,0,0,0,160,171,519.5,163
66DOPC33DOPG_mRNA,107,35,0107_R0035,0.6088653550262181,0.6088653550262181,7836,7836,51,51,0,0,0,153.64705882352942,164,604,167.9607843137255
66DOPC33DOPG_mRNA,107,36,0107_R0036,0.1552009728498203,0.1552009728498203,1991,1991,13,13,0,0,0,153.15384615384616,161,588.5384615384615,166.6153846153846
66DOPC33DOPG_mRNA,107,37,0107_R0037,0.1313239001036941,0.1313239001036941,1663,1663,11,11,0,0,0,151.1818181818182,158,626,171
66DOPC33DOPG_mRNA,107,38,0107_R0038,0.0596926818653155,0.0596926818653155,819,819,5,5,0,0,0,163.8,175,456.2,178.4
66DOPC33DOPG_mRNA,107,39,0107_R0039,0.28652487295351436,0.28652487295351436,3657,3657,24,24,0,0,0,152.375,160,616.625,184.70833333333334
66DOPC33DOPG_mRNA,107,40,0107_R0040,0.119385363730631,0.119385363730631,1556,1556,10,10,0,0,0,155.6,162,259.2,185.5
66DOPC33DOPG_mRNA,107,41,0107_R0041,0.7401892551299122,0.7401892551299122,10323,10323,62,62,0,0,0,166.5,225,275.93548387096774,187.96774193548387
66DOPC33DOPG_mRNA,107,42,0107_R0042,0.09550829098450479,0.09550829098450479,1231,1231,8,8,0,0,0,153.875,160,252.875,187.125
66DOPC33DOPG_mRNA,107,43,0107_R0043,0.10744682735756789,0.10744682735756789,1422,1422,9,9,0,0,0,158,170,257.8888888888889,192.66666666666666
66DOPC33DOPG_mRNA,107,44,0107_R0044,0.3462175548188299,0.3462175548188299,5055,5055,29,29,0,0,0,174.31034482758622,228,267.58620689655174,206.72413793103448
66DOPC33DOPG_mRNA,107,45,0107_R0045,0.19101658196900959,0.19101658196900959,2535,2535,16,16,0,0,0,158.4375,170,220.6875,207.625
66DOPC33DOPG_mRNA,107,46,0107_R0046,0.10744682735756789,0.10744682735756789,1384,1384,9,9,0,0,0,153.77777777777777,159,227.11111111111111,215.11111111111111
66DOPC33DOPG_mRNA,107,47,0107_R0047,0.0596926818653155,0.0596926818653155,761,761,5,5,0,0,0,152.2,154,267.4,215.8
66DOPC33DOPG_mRNA,107,48,0107_R0048,1.2774233919177516,1.2774233919177516,18168,18168,107,107,0,0,0,169.79439252336448,219,235.07476635514018,223.7570093457944
66DOPC33DOPG_mRNA,107,49,0107_R0049,12.439954900731749,12.439954900731749,248442,248442,1042,1042,0,0,0,238.42802303262957,392,270.51247600767755,242.94145873320537
66DOPC33DOPG_mRNA,107,50,0107_R0050,0.0596926818653155,0.0596926818653155,758,758,5,5,0,0,0,151.6,157,258.4,226.2
66DOPC33DOPG_mRNA,107,51,0107_R0051,12.774233919177515,12.774233919177515,210641,210641,1070,1070,0,0,0,196.8607476635514,648,565.4383177570094,247.8392523364486
66DOPC33DOPG_mRNA,107,52,0107_R0052,0.119385363730631,0.119385363730631,1550,1550,10,10,0,0,0,155,161,599.6,244.7
66DOPC33DOPG_mRNA,107,53,0107_R0053,0.32234048207270366,0.32234048207270366,4327,4327,27,27,0,0,0,160.25925925925927,175,616.3703703703703,255.77777777777777
66DOPC33DOPG_mRNA,107,54,0107_R0054,0.1552009728498203,0.1552009728498203,2047,2047,13,13,0,0,0,157.46153846153845,171,214,269.53846153846155
66DOPC33DOPG_mRNA,107,55,0107_R0055,1.0267141280834264,1.0267141280834264,15404,15404,86,86,0,0,0,179.11627906976744,230,598.3953488372093,271.86046511627904
66DOPC33DOPG_mRNA,107,56,0107_R0056,0.1671395092228834,0.1671395092228834,2200,2200,14,14,0,0,0,157.14285714285714,172,274.07142857142856,285.64285714285717
66DOPC33DOPG_mRNA,107,57,0107_R0057,0.596926818653155,0.596926818653155,8353,8353,50,50,0,0,0,167.06,221,264.6,290.74
66DOPC33DOPG_mRNA,107,58,0107_R0058,0.41784877305720847,0.41784877305720847,5670,5670,35,35,0,0,0,162,181,663.5714285714286,307.42857142857144
66DOPC33DOPG_mRNA,107,59,0107_R0059,0.0596926818653155,0.0596926818653155,774,774,5,5,0,0,0,154.8,161,188.6,312.2
66DOPC33DOPG_mRNA,107,60,0107_R0060,0.728250718756849,0.728250718756849,9822,9822,61,61,0,0,0,161.01639344262296,185,553.1967213114754,346.1639344262295
66DOPC33DOPG_mRNA,107,61,0107_R0061,0.5014185276686501,0.5014185276686501,7089.999999999999,7090,42,42,0,0,0,168.8095238095238,192,655.3571428571429,357.92857142857144
66DOPC33DOPG_mRNA,107,62,0107_R0062,0.7879434006221645,0.7879434006221645,11057,11057,66,66,0,0,0,167.53030303030303,194,641.2727272727273,367.8939393939394
66DOPC33DOPG_mRNA,107,63,0107_R0063,0.8356975461144169,0.8356975461144169,12202,12202,70,70,0,0,0,174.31428571428572,222,531.1857142857143,369.2857142857143
66DOPC33DOPG_mRNA,107,64,0107_R0064,0.477541454922524,0.477541454922524,6382,6382,40,40,0,0,0,159.55,175,497.8,369.5
66DOPC33DOPG_mRNA,107,65,0107_R0065,0.3342790184457668,0.3342790184457668,4494,4494,28,28,0,0,0,160.5,184,546.5,371.2142857142857
66DOPC33DOPG_mRNA,107,66,0107_R0066,0.477541454922524,0.477541454922524,7387,7387,40,40,0,0,0,184.675,273,275.45,373.1
66DOPC33DOPG_mRNA,107,67,0107_R0067,1.0267141280834264,1.0267141280834264,16346.000000000002,16346,86,86,0,0,0,190.06976744186048,274,588.7441860465116,381.22093023255815
66DOPC33DOPG_mRNA,107,68,0107_R0068,0.6446809641454073,0.6446809641454073,8957,8957,54,54,0,0,0,165.87037037037038,193,535.2592592592592,382.74074074074076
66DOPC33DOPG_mRNA,107,69,0107_R0069,0.1313239001036941,0.1313239001036941,1692,1692,11,11,0,0,0,153.8181818181818,160,501.6363636363636,387.90909090909093
66DOPC33DOPG_mRNA,107,70,0107_R0070,0.047754145492252396,0.047754145492252396,626,626,4,4,0,0,0,156.5,158,491.75,394
66DOPC33DOPG_mRNA,107,71,0107_R0071,0.7998819369952277,0.7998819369952277,11138,11138,67,67,0,0,0,166.23880597014926,195,562.7910447761194,397.25373134328356
66DOPC33DOPG_mRNA,107,72,0107_R0072,0.07163121823837859,0.07163121823837859,915,915,6,6,0,0,0,152.5,156,418.3333333333333,406.8333333333333
66DOPC33DOPG_mRNA,107,73,0107_R0073,0.28652487295351436,0.28652487295351436,3895,3895,24,24,0,0,0,162.29166666666666,192,246.54166666666666,415.125
66DOPC33DOPG_mRNA,107,74,0107_R0074,3.7606389575148764,3.7606389575148764,60056.99999999999,60057,315,315,0,0,0,190.65714285714284,313,542.3492063492064,424.55555555555554
66DOPC33DOPG_mRNA,107,75,0107_R0075,0.035815609119189296,0.035815609119189296,459,459,3,3,0,0,0,153,157,411.6666666666667,427.6666666666667
66DOPC33DOPG_mRNA,107,76,0107_R0076,1.790780455959465,1.790780455959465,39118,39118,150,150,0,0,0,260.7866666666667,1125,435.4866666666667,433.3066666666667
66DOPC33DOPG_mRNA,107,77,0107_R0077,0.3104019456996406,0.3104019456996406,4606,4606,26,26,0,0,0,177.15384615384616,227,145,448.5
66DOPC33DOPG_mRNA,107,78,0107_R0078,1.8265960650786541,1.8265960650786541,33530,33530,153,153,0,0,0,219.15032679738562,569,115.60130718954248,457.4117647058824
66DOPC33DOPG_mRNA,107,79,0107_R0079,0.023877072746126198,0.023877072746126198,301,301,2,2,0,0,0,150.5,151,109,469.5
66DOPC33DOPG_mRNA,107,80,0107_R0080,0.14326243647675718,0.14326243647675718,1923,1923,12,12,0,0,0,160.25,173,220.33333333333334,473.25
66DOPC33DOPG_mRNA,107,81,0107_R0081,0.0596926818653155,0.0596926818653155,768,768,5,5,0,0,0,153.6,162,101.6,477.8
66DOPC33DOPG_mRNA,107,82,0107_R0082,0.119385363730631,0.119385363730631,1545,1545,10,10,0,0,0,154.5,160,117,478.2
66DOPC33DOPG_mRNA,107,83,0107_R0083,0.238770727461262,0.238770727461262,3485,3485,20,20,0,0,0,174.25,219,102.7,493.1
66DOPC33DOPG_mRNA,107,84,0107_R0084,0.477541454922524,0.477541454922524,7342,7342,40,40,0,0,0,183.55,271,137.175,495.05
66DOPC33DOPG_mRNA,107,85,0107_R0085,0.7401892551299122,0.7401892551299122,12539,12539,62,62,0,0,0,202.24193548387098,320,87.74193548387096,497.0483870967742
66DOPC33DOPG_mRNA,107,86,0107_R0086,0.023877072746126198,0.023877072746126198,309,309,2,2,0,0,0,154.5,156,373.5,497
66DOPC33DOPG_mRNA,107,87,0107_R0087,0.9312058370989217,0.9312058370989217,15859,15859,78,78,0,0,0,203.32051282051282,399,110.6923076923077,505.7307692307692
66DOPC33DOPG_mRNA,107,88,0107_R0088,0.28652487295351436,0.28652487295351436,3982,3982,24,24,0,0,0,165.91666666666666,199,66.70833333333333,517.125
66DOPC33DOPG_mRNA,107,89,0107_R0089,0.10744682735756789,0.10744682735756789,1378,1378,9,9,0,0,0,153.11111111111111,160,139.11111111111111,516.8888888888889
66DOPC33DOPG_mRNA,107,90,0107_R0090,0.047754145492252396,0.047754145492252396,606,606,4,4,0,0,0,151.5,154,145.5,520.5
66DOPC33DOPG_mRNA,107,91,0107_R0091,0.5133570640417132,0.5133570640417132,7788,7788,43,43,0,0,0,181.11627906976744,269,256.0232558139535,529.5813953488372
66DOPC33DOPG_mRNA,107,92,0107_R0092,0.2745863365804513,0.2745863365804513,3770,3770,23,23,0,0,0,163.91304347826087,190,137.08695652173913,531.7826086956521
66DOPC33DOPG_mRNA,107,93,0107_R0093,0.1313239001036941,0.1313239001036941,1736,1736,11,11,0,0,0,157.8181818181818,169,316.3636363636364,531.9090909090909
66DOPC33DOPG_mRNA,107,94,0107_R0094,1.2296692464254992,1.2296692464254992,19271,19271,103,103,0,0,0,187.09708737864077,278,86.07766990291262,542.3883495145631
66DOPC33DOPG_mRNA,107,95,0107_R0095,0.6685580368915336,0.6685580368915336,10049,10049,56,56,0,0,0,179.44642857142858,249,55.55357142857143,545.2142857142857
66DOPC33DOPG_mRNA,107,96,0107_R0096,0.5730497459070287,0.5730497459070287,8916,8916,48,48,0,0,0,185.75,276,62.520833333333336,556.6875
66DOPC33DOPG_mRNA,107,97,0107_R0097,0.023877072746126198,0.023877072746126198,312,312,2,2,0,0,0,156,158,42.5,555
66DOPC33DOPG_mRNA,107,98,0107_R0098,0.238770727461262,0.238770727461262,3105,3105,20,20,0,0,0,155.25,167,73.05,557.8
66DOPC33DOPG_mRNA,107,99,0107_R0099,0.4417258458033347,0.4417258458033347,6115,6115,37,37,0,0,0,165.27027027027026,196,105.32432432432432,565.0540540540541
66DOPC33DOPG_mRNA,107,100,0107_R0100,2.160875083524421,2.160875083524421,30248,30248,181,181,0,0,0,167.11602209944752,269,148.5745856353591,579.3701657458563
66DOPC33DOPG_mRNA,107,101,0107_R0101,0.4417258458033347,0.4417258458033347,6277,6277,37,37,0,0,0,169.64864864864865,203,72.54054054054055,577.918918918919
66DOPC33DOPG_mRNA,107,102,0107_R0102,0.0835697546114417,0.0835697546114417,1069,1069,7,7,0,0,0,152.71428571428572,157,135,604.8571428571429
66DOPC33DOPG_mRNA,107,103,0107_R0103,0.10744682735756789,0.10744682735756789,1372,1372,9,9,0,0,0,152.44444444444446,157,95.66666666666667,608
66DOPC33DOPG_mRNA,107,104,0107_R0104,0.17907804559594648,0.17907804559594648,2445,2445,15,15,0,0,0,163,194,69.46666666666667,614.6666666666666
66DOPC33DOPG_mRNA,107,105,0107_R0105,0.238770727461262,0.238770727461262,3168,3168,20,20,0,0,0,158.4,172,92.1,614.7
66DOPC33DOPG_mRNA,107,106,0107_R0106,0.1552009728498203,0.1552009728498203,2038,2038,13,13,0,0,0,156.76923076923077,168,146.6153846153846,619.6153846153846
66DOPC33DOPG_mRNA,107,107,0107_R0107,0.035815609119189296,0.035815609119189296,456,456,3,3,0,0,0,152,154,153.33333333333334,621.3333333333334
66DOPC33DOPG_mRNA,107,108,0107_R0108,0.5252956004147764,0.5252956004147764,7096,7096,44,44,0,0,0,161.27272727272728,198,121.88636363636364,629
66DOPC33DOPG_mRNA,107,109,0107_R0109,0.1671395092228834,0.1671395092228834,2127,2127,14,14,0,0,0,151.92857142857142,158,160.42857142857142,628.7142857142857
66DOPC33DOPG_mRNA,107,110,0107_R0110,0.09550829098450479,0.09550829098450479,1234,1234,8,8,0,0,0,154.25,159,103,632.5
66DOPC33DOPG_mRNA,107,111,0107_R0111,0.119385363730631,0.119385363730631,1550,1550,10,10,0,0,0,155,165,77.3,652.7
66DOPC33DOPG_mRNA,107,112,0107_R0112,0.023877072746126198,0.023877072746126198,316,316,2,2,0,0,0,158,161,60,658.5
66DOPC33DOPG_mRNA,107,113,0107_R0113,0.0596926818653155,0.0596926818653155,772,772,5,5,0,0,0,154.4,158,136.4,682.8
66DOPC33DOPG_mRNA,108,1,0108_R0001,0.3700946275649561,0.3700946275649561,5316,5316,31,31,0,0,0,171.48387096774192,202,651.258064516129,1.5806451612903225
66DOPC33DOPG_mRNA,108,2,0108_R0002,0.2626478002073882,0.2626478002073882,3377,3377,22,22,0,0,0,153.5,160,701.4545454545455,2.3181818181818183
66DOPC33DOPG_mRNA,108,3,0108_R0003,0.22683219108819888,0.22683219108819888,3062,3062,19,19,0,0,0,161.1578947368421,188,669.2105263157895,22.63157894736842
66DOPC33DOPG_mRNA,108,4,0108_R0004,0.047754145492252396,0.047754145492252396,605,605,4,4,0,0,0,151.25,153,697.5,22.5
66DOPC33DOPG_mRNA,108,5,0108_R0005,0.3462175548188299,0.3462175548188299,5624,5624,29,29,0,0,0,193.93103448275863,282,355.2758620689655,123.41379310344827
66DOPC33DOPG_mRNA,108,6,0108_R0006,0.119385363730631,0.119385363730631,1539,1539,10,10,0,0,0,153.9,164,256.8,134
66DOPC33DOPG_mRNA,108,7,0108_R0007,0.596926818653155,0.596926818653155,7648,7648,50,50,0,0,0,152.96,166,320.44,144.6
66DOPC33DOPG_mRNA,108,8,0108_R0008,1.3848702192753195,1.3848702192753195,19117,19117,116,116,0,0,0,164.80172413793105,184,354.6034482758621,147.81896551724137
66DOPC33DOPG_mRNA,108,9,0108_R0009,1.1460994918140575,1.1460994918140575,15386,15386,96,96,0,0,0,160.27083333333334,182,204.03125,167.80208333333334
66DOPC33DOPG_mRNA,108,10,0108_R0010,0.22683219108819888,0.22683219108819888,2928,2928,19,19,0,0,0,154.10526315789474,167,348.1578947368421,168.42105263157896
66DOPC33DOPG_mRNA,108,11,0108_R0011,0.7640663278760383,0.7640663278760383,10367,10367,64,64,0,0,0,161.984375,185,361.03125,185.765625
66DOPC33DOPG_mRNA,108,12,0108_R0012,0.0596926818653155,0.0596926818653155,766,766,5,5,0,0,0,153.2,155,348,234
66DOPC33DOPG_mRNA,108,13,0108_R0013,0.1552009728498203,0.1552009728498203,1997,1997,13,13,0,0,0,153.6153846153846,159,213.23076923076923,240.6153846153846
66DOPC33DOPG_mRNA,108,14,0108_R0014,0.0596926818653155,0.0596926818653155,769,769,5,5,0,0,0,153.8,158,322.2,248.6
66DOPC33DOPG_mRNA,108,15,0108_R0015,0.238770727461262,0.22683219108819888,3035,2890,20,19,1,0,1,152.10526315789474,156,168.21052631578948,251.94736842105263
66DOPC33DOPG_mRNA,108,16,0108_R0016,0.3700946275649561,0.3700946275649561,5675,5675,31,31,0,0,0,183.06451612903226,247,616.4516129032259,251.58064516129033
66DOPC33DOPG_mRNA,108,17,0108_R0017,0.967021446218111,0.967021446218111,14669,14669,81,81,0,0,0,181.09876543209876,271,163.60493827160494,268.9753086419753
66DOPC33DOPG_mRNA,108,18,0108_R0018,70.61644264666823,70.54481142842985,1237284,1236409,5915,5909,6,0,1,209.24166525638856,780,421.09460145540703,332.2707733965138
66DOPC33DOPG_mRNA,108,19,0108_R0019,0.023877072746126198,0.023877072746126198,304,304,2,2,0,0,0,152,153,428,300.5
66DOPC33DOPG_mRNA,108,20,0108_R0020,0.047754145492252396,0.047754145492252396,612,612,4,4,0,0,0,153,158,473.75,303
66DOPC33DOPG_mRNA,108,21,0108_R0021,0.1671395092228834,0.1671395092228834,2223,2223,14,14,0,0,0,158.78571428571428,173,475,307.42857142857144
66DOPC33DOPG_mRNA,108,22,0108_R0022,1.4206858283945087,1.4206858283945087,19472,19472,119,119,0,0,0,163.63025210084032,186,516.1680672268908,321.546218487395
66DOPC33DOPG_mRNA,108,23,0108_R0023,0.035815609119189296,0.035815609119189296,461,461,3,3,0,0,0,153.66666666666666,155,505,321
66DOPC33DOPG_mRNA,108,24,0108_R0024,1.0028370553373003,1.0028370553373003,15250,15250,84,84,0,0,0,181.54761904761904,236,538.4047619047619,329.89285714285717
66DOPC33DOPG_mRNA,108,25,0108_R0025,5.981206722904613,5.981206722904613,112240,112240,501,501,0,0,0,224.0319361277445,543,505.10179640718565,351.76047904191614
66DOPC33DOPG_mRNA,108,26,0108_R0026,2.9607570205196487,2.9607570205196487,48056,48056,248,248,0,0,0,193.7741935483871,316,531.375,345.52016129032256
66DOPC33DOPG_mRNA,108,27,0108_R0027,0.17907804559594648,0.17907804559594648,2322,2322,15,15,0,0,0,154.8,168,492.6666666666667,340.26666666666665
66DOPC33DOPG_mRNA,108,28,0108_R0028,23.483101045815115,23.435346900322862,430326,429739,1967,1963,4,0,1,218.91951095262354,517,562.0672440142639,377.2129393785023
66DOPC33DOPG_mRNA,108,29,0108_R0029,1.3729316829022564,1.3729316829022564,18061,18061,115,115,0,0,0,157.05217391304348,174,480.9217391304348,353.495652173913
66DOPC33DOPG_mRNA,108,30,0108_R0030,0.023877072746126198,0.023877072746126198,304,304,2,2,0,0,0,152,153,437.5,353
66DOPC33DOPG_mRNA,108,31,0108_R0031,0.45366438217639776,0.45366438217639776,5859,5859,38,38,0,0,0,154.18421052631578,161,461.6842105263158,363.5
66DOPC33DOPG_mRNA,108,32,0108_R0032,2.757801902177576,2.745863365804513,39223,39080,231,230,1,0,1,169.91304347826087,237,485.82608695652175,374.8434782608696
66DOPC33DOPG_mRNA,108,33,0108_R0033,0.0596926818653155,0.0596926818653155,763,763,5,5,0,0,0,152.6,156,439.4,384.2
66DOPC33DOPG_mRNA,108,34,0108_R0034,1.790780455959465,1.790780455959465,28556,28556,150,150,0,0,0,190.37333333333333,293,484.62666666666667,397.37333333333333
66DOPC33DOPG_mRNA,108,35,0108_R0035,0.39397170031108225,0.39397170031108225,5360,5360,33,33,0,0,0,162.42424242424244,178,536.939393939394,402.57575757575756
66DOPC33DOPG_mRNA,108,36,0108_R0036,0.5252956004147764,0.5252956004147764,6951,6951,44,44,0,0,0,157.97727272727272,176,443.40909090909093,405.3863636363636
66DOPC33DOPG_mRNA,108,37,0108_R0037,2.0176126470476636,2.0176126470476636,30498,30498,169,169,0,0,0,180.46153846153845,245,550.7810650887574,414.84023668639054
66DOPC33DOPG_mRNA,108,38,0108_R0038,0.5372341367878395,0.5372341367878395,7271,7271,45,45,0,0,0,161.57777777777778,183,510.8,412.35555555555555
66DOPC33DOPG_mRNA,108,39,0108_R0039,0.35815609119189296,0.35815609119189296,5011,5011,30,30,0,0,0,167.03333333333333,192,523.8333333333334,417.4
66DOPC33DOPG_mRNA,108,40,0108_R0040,0.6924351096376598,0.6924351096376598,10387,10387,58,58,0,0,0,179.08620689655172,228,492.63793103448273,426.17241379310343
66DOPC33DOPG_mRNA,108,41,0108_R0041,0.5133570640417132,0.5133570640417132,7227.000000000001,7227,43,43,0,0,0,168.06976744186048,203,429.06976744186045,429.27906976744185
66DOPC33DOPG_mRNA,108,42,0108_R0042,1.814657528705591,1.814657528705591,30449,30449,152,152,0,0,0,200.32236842105263,301,533.1644736842105,434.4342105263158
66DOPC33DOPG_mRNA,108,43,0108_R0043,2.4235228837318092,2.4235228837318092,38504,38504,203,203,0,0,0,189.67487684729065,332,500.0394088669951,450.70443349753697
66DOPC33DOPG_mRNA,108,44,0108_R0044,1.4684399738867613,1.4684399738867613,23634,23634,123,123,0,0,0,192.14634146341464,257,528.040650406504,464.2682926829268
66DOPC33DOPG_mRNA,108,45,0108_R0045,0.3700946275649561,0.3700946275649561,5123,5123,31,31,0,0,0,165.25806451612902,186,583.5806451612904,490.5483870967742
66DOPC33DOPG_mRNA,108,46,0108_R0046,0.2029551183420727,0.2029551183420727,2788,2788,17,17,0,0,0,164,182,488.4117647058824,499.11764705882354
66DOPC33DOPG_mRNA,108,47,0108_R0047,1.0505912008295528,1.0505912008295528,14048,14048,88,88,0,0,0,159.63636363636363,181,482.9318181818182,517.8068181818181
66DOPC33DOPG_mRNA,108,48,0108_R0048,0.3104019456996406,0.3104019456996406,4193,4193,26,26,0,0,0,161.26923076923077,188,15.576923076923077,535.7692307692307
66DOPC33DOPG_mRNA,108,49,0108_R0049,0.5252956004147764,0.5252956004147764,8133,8133,44,44,0,0,0,184.8409090909091,270,77.45454545454545,561.7727272727273
66DOPC33DOPG_mRNA,108,50,0108_R0050,18.039128459698343,17.99137431420609,332440,331860,1511,1507,4,0,1,220.21234240212343,414,494.82548108825483,624.4465826144658
66DOPC33DOPG_mRNA,108,51,0108_R0051,3.151773602488658,3.151773602488658,46705,46705,264,264,0,0,0,176.91287878787878,243,60.71590909090909,623.4734848484849
66DOPC33DOPG_mRNA,108,52,0108_R0052,0.21489365471513577,0.21489365471513577,2911,2911,18,18,0,0,0,161.72222222222223,178,701.6666666666666,626
66DOPC33DOPG_mRNA,108,53,0108_R0053,0.035815609119189296,0.035815609119189296,460,460,3,3,0,0,0,153.33333333333334,154,533.6666666666666,626.3333333333334
66DOPC33DOPG_mRNA,108,54,0108_R0054,0.9431443734719849,0.9431443734719849,12468.999999999998,12469,79,79,0,0,0,157.83544303797467,170,454.6455696202532,644.1772151898734
66DOPC33DOPG_mRNA,108,55,0108_R0055,0.07163121823837859,0.07163121823837859,923,923,6,6,0,0,0,153.83333333333334,156,429.5,642
66DOPC33DOPG_mRNA,108,56,0108_R0056,1.7549648468402756,1.7549648468402756,23160,23160,147,147,0,0,0,157.55102040816325,175,444.72108843537416,655.0816326530612
66DOPC33DOPG_mRNA,108,57,0108_R0057,0.2626478002073882,0.2626478002073882,3607.0000000000005,3607,22,22,0,0,0,163.95454545454547,190,507.1818181818182,651.4545454545455
66DOPC33DOPG_mRNA,108,58,0108_R0058,0.22683219108819888,0.22683219108819888,3061,3061,19,19,0,0,0,161.10526315789474,178,528.7894736842105,665
66DOPC33DOPG_mRNA,108,59,0108_R0059,0.2626478002073882,0.2626478002073882,3426,3426,22,22,0,0,0,155.72727272727272,166,507.6818181818182,666.5
66DOPC33DOPG_mRNA,108,60,0108_R0060,0.3104019456996406,0.3104019456996406,4458,4458,26,26,0,0,0,171.46153846153845,212,673,669.5
66DOPC33DOPG_mRNA,108,61,0108_R0061,0.0835697546114417,0.0835697546114417,1085,1085,7,7,0,0,0,155,159,527,674.2857142857143
66DOPC33DOPG_mRNA,108,62,0108_R0062,1.3371160737830672,1.3371160737830672,19290,19290,112,112,0,0,0,172.23214285714286,215,697.8660714285714,684.75
66DOPC33DOPG_mRNA,108,63,0108_R0063,0.6446809641454073,0.6446809641454073,8498,8498,54,54,0,0,0,157.37037037037038,172,635.1851851851852,684.2777777777778
66DOPC33DOPG_mRNA,108,64,0108_R0064,0.023877072746126198,0.023877072746126198,307,307,2,2,0,0,0,153.5,156,492,683.5
66DOPC33DOPG_mRNA,108,65,0108_R0065,0.035815609119189296,0.035815609119189296,459,459,3,3,0,0,0,153,156,532.3333333333334,686.6666666666666
66DOPC33DOPG_mRNA,108,66,0108_R0066,0.2626478002073882,0.2626478002073882,3608.9999999999995,3609,22,22,0,0,0,164.04545454545453,188,550.9090909090909,693.0909090909091
66DOPC33DOPG_mRNA,108,67,0108_R0067,0.477541454922524,0.477541454922524,6146,6146,40,40,0,0,0,153.65,161,697.1,698.475
66DOPC33DOPG_mRNA,108,68,0108_R0068,0.023877072746126198,0.023877072746126198,307,307,2,2,0,0,0,153.5,157,703,696.5
66DOPC33DOPG_mRNA,109,1,0109_R0001,0.8715131552336063,0.8715131552336063,12468,12468,73,73,0,0,0,170.7945205479452,213,464.56164383561645,68.41095890410959
66DOPC33DOPG_mRNA,109,2,0109_R0002,1.0147755917103634,1.0147755917103634,16203,16203,85,85,0,0,0,190.6235294117647,279,489.8588235294118,84.03529411764706
66DOPC33DOPG_mRNA,109,3,0109_R0003,0.3342790184457668,0.3342790184457668,4978,4978,28,28,0,0,0,177.78571428571428,230,472.17857142857144,81.60714285714286
66DOPC33DOPG_mRNA,109,4,0109_R0004,1.3490546101561303,1.3490546101561303,19676,19676,113,113,0,0,0,174.12389380530973,211,480.7699115044248,97.1858407079646
66DOPC33DOPG_mRNA,109,5,0109_R0005,0.5252956004147764,0.5252956004147764,7418,7418,44,44,0,0,0,168.5909090909091,213,187.5,175.70454545454547
66DOPC33DOPG_mRNA,109,6,0109_R0006,0.2984634093265775,0.2984634093265775,3881,3881,25,25,0,0,0,155.24,164,398.4,176.84
66DOPC33DOPG_mRNA,109,7,0109_R0007,0.09550829098450479,0.09550829098450479,1279,1279,8,8,0,0,0,159.875,178,360.625,176.75
66DOPC33DOPG_mRNA,109,8,0109_R0008,0.477541454922524,0.477541454922524,6044,6044,40,40,0,0,0,151.1,156,79.425,179.325
66DOPC33DOPG_mRNA,109,9,0109_R0009,3.856147248499381,3.856147248499381,56587,56587,323,323,0,0,0,175.19195046439629,356,368.0247678018576,205.22600619195046
66DOPC33DOPG_mRNA,109,10,0109_R0010,0.023877072746126198,0.023877072746126198,301,301,2,2,0,0,0,150.5,152,397,186.5
66DOPC33DOPG_mRNA,109,11,0109_R0011,0.035815609119189296,0.035815609119189296,464,464,3,3,0,0,0,154.66666666666666,156,320.3333333333333,190.66666666666666
66DOPC33DOPG_mRNA,109,12,0109_R0012,0.2029551183420727,0.2029551183420727,2675,2675,17,17,0,0,0,157.35294117647058,172,378.11764705882354,191.52941176470588
66DOPC33DOPG_mRNA,109,13,0109_R0013,2.077305328912979,2.077305328912979,32660,32660,174,174,0,0,0,187.70114942528735,461,387.57471264367814,198.316091954023
66DOPC33DOPG_mRNA,109,14,0109_R0014,0.023877072746126198,0.023877072746126198,306,306,2,2,0,0,0,153,154,337.5,196
66DOPC33DOPG_mRNA,109,15,0109_R0015,0.07163121823837859,0.07163121823837859,942,942,6,6,0,0,0,157,162,326.8333333333333,197.83333333333334
66DOPC33DOPG_mRNA,109,16,0109_R0016,0.07163121823837859,0.07163121823837859,925,925,6,6,0,0,0,154.16666666666666,157,347.1666666666667,199.66666666666666
66DOPC33DOPG_mRNA,109,17,0109_R0017,0.023877072746126198,0.023877072746126198,300,300,2,2,0,0,0,150,151,373,199.5
66DOPC33DOPG_mRNA,109,18,0109_R0018,0.728250718756849,0.728250718756849,11264,11264,61,61,0,0,0,184.65573770491804,310,403.3114754098361,206.14754098360655
66DOPC33DOPG_mRNA,109,19,0109_R0019,0.035815609119189296,0.035815609119189296,464,464,3,3,0,0,0,154.66666666666666,160,319.3333333333333,207.66666666666666
66DOPC33DOPG_mRNA,109,20,0109_R0020,0.0596926818653155,0.0596926818653155,775,775,5,5,0,0,0,155,159,678.8,208.6
66DOPC33DOPG_mRNA,109,21,0109_R0021,0.5730497459070287,0.5730497459070287,9320,9320,48,48,0,0,0,194.16666666666666,327,415.25,216.41666666666666
66DOPC33DOPG_mRNA,109,22,0109_R0022,0.6804965732645967,0.6804965732645967,9521,9521,57,57,0,0,0,167.03508771929825,230,385.89473684210526,219.12280701754386
66DOPC33DOPG_mRNA,109,23,0109_R0023,2.793617511296765,2.745863365804513,37596,37020,234,230,4,0,1,160.95652173913044,228,356.0130434782609,233.64347826086956
66DOPC33DOPG_mRNA,109,24,0109_R0024,0.17907804559594648,0.17907804559594648,2365,2365,15,15,0,0,0,157.66666666666666,174,380.4,225.93333333333334
66DOPC33DOPG_mRNA,109,25,0109_R0025,0.14326243647675718,0.14326243647675718,1890,1890,12,12,0,0,0,157.5,168,430.5,228.66666666666666
66DOPC33DOPG_mRNA,109,26,0109_R0026,0.047754145492252396,0.047754145492252396,627,627,4,4,0,0,0,156.75,158,316.5,229.5
66DOPC33DOPG_mRNA,109,27,0109_R0027,0.238770727461262,0.238770727461262,3100,3100,20,20,0,0,0,155,165,331.9,230.85
66DOPC33DOPG_mRNA,109,28,0109_R0028,0.07163121823837859,0.07163121823837859,921,921,6,6,0,0,0,153.5,159,368,231.16666666666666
66DOPC33DOPG_mRNA,109,29,0109_R0029,2.8174945840428913,2.793617511296765,43660,43369,236,234,2,0,1,185.33760683760684,538,379.6923076923077,239.45299145299145
66DOPC33DOPG_mRNA,109,30,0109_R0030,0.2984634093265775,0.2984634093265775,4171,4171,25,25,0,0,0,166.84,205,410.4,231.96
66DOPC33DOPG_mRNA,109,31,0109_R0031,0.0596926818653155,0.0596926818653155,778,778,5,5,0,0,0,155.6,161,424.4,235.8
66DOPC33DOPG_mRNA,109,32,0109_R0032,0.035815609119189296,0.035815609119189296,468,468,3,3,0,0,0,156,159,417.6666666666667,239.33333333333334
66DOPC33DOPG_mRNA,109,33,0109_R0033,1.3371160737830672,1.3371160737830672,18029,18029,112,112,0,0,0,160.97321428571428,192,392.61607142857144,247.91071428571428
66DOPC33DOPG_mRNA,109,34,0109_R0034,0.21489365471513577,0.21489365471513577,3042,3042,18,18,0,0,0,169,205,284.44444444444446,243.5
66DOPC33DOPG_mRNA,109,35,0109_R0035,0.047754145492252396,0.047754145492252396,610,610,4,4,0,0,0,152.5,156,427,248.5
66DOPC33DOPG_mRNA,109,36,0109_R0036,1.0983453463218051,1.0983453463218051,15571,15571,92,92,0,0,0,169.25,271,352.5652173913044,257.35869565217394
66DOPC33DOPG_mRNA,109,37,0109_R0037,0.477541454922524,0.477541454922524,6350,6350,40,40,0,0,0,158.75,185,369.725,254.2
66DOPC33DOPG_mRNA,109,38,0109_R0038,0.48947999129558706,0.48947999129558706,7752,7752,41,41,0,0,0,189.0731707317073,297,417.7560975609756,254
66DOPC33DOPG_mRNA,109,39,0109_R0039,1.1102838826948682,1.1102838826948682,20707,20707,93,93,0,0,0,222.65591397849462,631,282.23655913978496,256.63440860215053
66DOPC33DOPG_mRNA,109,40,0109_R0040,0.7163121823837859,0.7163121823837859,9609,9609,60,60,0,0,0,160.15,175,652.5,256.18333333333334
66DOPC33DOPG_mRNA,109,41,0109_R0041,4.417258458033347,4.369504312541094,62971,62384,370,366,4,0,1,170.44808743169398,272,371.12295081967216,269.69398907103823
66DOPC33DOPG_mRNA,109,42,0109_R0042,0.10744682735756789,0.10744682735756789,1386,1386,9,9,0,0,0,154,159,399.55555555555554,257.22222222222223
66DOPC33DOPG_mRNA,109,43,0109_R0043,0.7760048642491014,0.7760048642491014,13882,13882,65,65,0,0,0,213.56923076923076,469,428.9076923076923,264.67692307692306
66DOPC33DOPG_mRNA,109,44,0109_R0044,0.2745863365804513,0.2745863365804513,3669,3669,23,23,0,0,0,159.52173913043478,171,341.30434782608694,263.7826086956522
66DOPC33DOPG_mRNA,109,45,0109_R0045,0.35815609119189296,0.35815609119189296,4822,4822,30,30,0,0,0,160.73333333333332,182,418.76666666666665,268.03333333333336
66DOPC33DOPG_mRNA,109,46,0109_R0046,0.41784877305720847,0.41784877305720847,5573,5573,35,35,0,0,0,159.22857142857143,179,403.2,268.7142857142857
66DOPC33DOPG_mRNA,109,47,0109_R0047,0.5730497459070287,0.5730497459070287,8305,8305,48,48,0,0,0,173.02083333333334,234,345.6458333333333,273.75
66DOPC33DOPG_mRNA,109,48,0109_R0048,0.047754145492252396,0.047754145492252396,613,613,4,4,0,0,0,153.25,154,409.75,272
66DOPC33DOPG_mRNA,109,49,0109_R0049,0.0596926818653155,0.0596926818653155,759,759,5,5,0,0,0,151.8,154,383,273.8
66DOPC33DOPG_mRNA,109,50,0109_R0050,0.10744682735756789,0.10744682735756789,1385,1385,9,9,0,0,0,153.88888888888889,159,401,276
66DOPC33DOPG_mRNA,109,51,0109_R0051,0.3700946275649561,0.3700946275649561,5169,5169,31,31,0,0,0,166.74193548387098,200,405,283
66DOPC33DOPG_mRNA,109,52,0109_R0052,0.8834516916066694,0.8834516916066694,13363.000000000002,13363,74,74,0,0,0,180.5810810810811,291,369.47297297297297,297.97297297297297
66DOPC33DOPG_mRNA,109,53,0109_R0053,0.21489365471513577,0.21489365471513577,2910,2910,18,18,0,0,0,161.66666666666666,182,389.5,297.22222222222223
66DOPC33DOPG_mRNA,109,54,0109_R0054,0.41784877305720847,0.41784877305720847,5354,5354,35,35,0,0,0,152.97142857142856,162,294.8285714285714,301.1142857142857
66DOPC33DOPG_mRNA,109,55,0109_R0055,0.2745863365804513,0.2745863365804513,3861,3861,23,23,0,0,0,167.8695652173913,201,346.5652173913044,303.17391304347825
66DOPC33DOPG_mRNA,109,56,0109_R0056,0.07163121823837859,0.07163121823837859,933,933,6,6,0,0,0,155.5,161,41.833333333333336,305.1666666666667
66DOPC33DOPG_mRNA,109,57,0109_R0057,0.1671395092228834,0.1671395092228834,2183,2183,14,14,0,0,0,155.92857142857142,168,340.5,306.5
66DOPC33DOPG_mRNA,109,58,0109_R0058,0.14326243647675718,0.14326243647675718,1924,1924,12,12,0,0,0,160.33333333333334,174,15.25,309.5833333333333
66DOPC33DOPG_mRNA,109,59,0109_R0059,0.023877072746126198,0.023877072746126198,305,305,2,2,0,0,0,152.5,154,332,311.5
66DOPC33DOPG_mRNA,109,60,0109_R0060,0.4417258458033347,0.4417258458033347,6656.999999999999,6657,37,37,0,0,0,179.9189189189189,265,352.5945945945946,318.8378378378378
66DOPC33DOPG_mRNA,109,61,0109_R0061,0.119385363730631,0.119385363730631,1529,1529,10,10,0,0,0,152.9,162,369.9,321.2
66DOPC33DOPG_mRNA,109,62,0109_R0062,0.0596926818653155,0.0596926818653155,775,775,5,5,0,0,0,155,158,378.6,320.8
66DOPC33DOPG_mRNA,109,63,0109_R0063,0.119385363730631,0.119385363730631,1548,1548,10,10,0,0,0,154.8,168,298.5,325.4
66DOPC33DOPG_mRNA,109,64,0109_R0064,0.21489365471513577,0.21489365471513577,2953,2953,18,18,0,0,0,164.05555555555554,196,273.27777777777777,327.8888888888889
66DOPC33DOPG_mRNA,109,65,0109_R0065,0.21489365471513577,0.21489365471513577,2955,2955,18,18,0,0,0,164.16666666666666,186,356.5,330.22222222222223
66DOPC33DOPG_mRNA,109,66,0109_R0066,0.17907804559594648,0.17907804559594648,2389,2389,15,15,0,0,0,159.26666666666668,171,372.1333333333333,331.53333333333336
66DOPC33DOPG_mRNA,109,67,0109_R0067,0.023877072746126198,0.023877072746126198,314,314,2,2,0,0,0,157,159,274,334.5
66DOPC33DOPG_mRNA,109,68,0109_R0068,0.14326243647675718,0.14326243647675718,1915,1915,12,12,0,0,0,159.58333333333334,170,326,335.5
66DOPC33DOPG_mRNA,109,69,0109_R0069,0.967021446218111,0.967021446218111,14580,14580,81,81,0,0,0,180,297,294.75308641975306,345.0740740740741
66DOPC33DOPG_mRNA,109,70,0109_R0070,0.6088653550262181,0.6088653550262181,9420,9420,51,51,0,0,0,184.7058823529412,271,317.1764705882353,343.3921568627451
66DOPC33DOPG_mRNA,109,71,0109_R0071,1.587825337617392,1.587825337617392,23397,23397,133,133,0,0,0,175.91729323308272,316,372.2781954887218,349.89473684210526
66DOPC33DOPG_mRNA,109,72,0109_R0072,0.35815609119189296,0.35815609119189296,4655,4655,30,30,0,0,0,155.16666666666666,167,268.2,348.4
66DOPC33DOPG_mRNA,109,73,0109_R0073,0.1313239001036941,0.1313239001036941,1696,1696,11,11,0,0,0,154.1818181818182,158,337,347.27272727272725
66DOPC33DOPG_mRNA,109,74,0109_R0074,0.023877072746126198,0.023877072746126198,306,306,2,2,0,0,0,153,155,341,346.5
66DOPC33DOPG_mRNA,109,75,0109_R0075,1.4206858283945087,1.4206858283945087,27187,27187,119,119,0,0,0,228.46218487394958,732,309.43697478991595,354.43697478991595
66DOPC33DOPG_mRNA,109,76,0109_R0076,0.7640663278760383,0.7640663278760383,10793,10793,64,64,0,0,0,168.640625,224,357.015625,359.53125
66DOPC33DOPG_mRNA,109,77,0109_R0077,3.2711589662192893,3.2711589662192893,47665,47665,274,274,0,0,0,173.95985401459853,252,406.3065693430657,373.507299270073
66DOPC33DOPG_mRNA,109,78,0109_R0078,0.035815609119189296,0.035815609119189296,467,467,3,3,0,0,0,155.66666666666666,157,399.3333333333333,364.6666666666667
66DOPC33DOPG_mRNA,109,79,0109_R0079,0.238770727461262,0.238770727461262,3094,3094,20,20,0,0,0,154.7,162,701.05,369.25
66DOPC33DOPG_mRNA,109,80,0109_R0080,0.1313239001036941,0.1313239001036941,1692,1692,11,11,0,0,0,153.8181818181818,162,369.90909090909093,369.3636363636364
66DOPC33DOPG_mRNA,109,81,0109_R0081,0.1552009728498203,0.1552009728498203,2002.9999999999998,2003,13,13,0,0,0,154.07692307692307,162,336.38461538461536,373.38461538461536
66DOPC33DOPG_mRNA,109,82,0109_R0082,29.92991068726919,29.798586787165494,426042,424435,2507,2496,11,0,1,170.04607371794873,385,360.5965544871795,416.5224358974359
66DOPC33DOPG_mRNA,109,83,0109_R0083,0.047754145492252396,0.047754145492252396,605,605,4,4,0,0,0,151.25,153,317,374.75
66DOPC33DOPG_mRNA,109,84,0109_R0084,0.023877072746126198,0.023877072746126198,310,310,2,2,0,0,0,155,157,326,374.5
66DOPC33DOPG_mRNA,109,85,0109_R0085,0.3342790184457668,0.3342790184457668,4527,4527,28,28,0,0,0,161.67857142857142,196,238.21428571428572,380.7142857142857
66DOPC33DOPG_mRNA,109,86,0109_R0086,0.7043736460107228,0.7043736460107228,9211,9211,59,59,0,0,0,156.11864406779662,182,228.96610169491527,386.3898305084746
66DOPC33DOPG_mRNA,109,87,0109_R0087,0.023877072746126198,0.023877072746126198,301,301,2,2,0,0,0,150.5,151,387,383.5
66DOPC33DOPG_mRNA,109,88,0109_R0088,0.047754145492252396,0.047754145492252396,611,611,4,4,0,0,0,152.75,155,348.5,387.5
66DOPC33DOPG_mRNA,109,89,0109_R0089,0.0596926818653155,0.0596926818653155,774,774,5,5,0,0,0,154.8,158,649.4,392.2
66DOPC33DOPG_mRNA,109,90,0109_R0090,0.035815609119189296,0.035815609119189296,456,456,3,3,0,0,0,152,155,647.3333333333334,394.3333333333333
66DOPC33DOPG_mRNA,109,91,0109_R0091,0.023877072746126198,0.023877072746126198,302,302,2,2,0,0,0,151,151,19,395.5
66DOPC33DOPG_mRNA,109,92,0109_R0092,0.0596926818653155,0.0596926818653155,765,765,5,5,0,0,0,153,157,283.6,396.8
66DOPC33DOPG_mRNA,109,93,0109_R0093,6.876596950884345,6.876596950884345,97793,97793,576,576,0,0,0,169.77951388888889,226,621.7413194444445,414.63715277777777
66DOPC33DOPG_mRNA,109,94,0109_R0094,0.5372341367878395,0.5372341367878395,6942.000000000001,6942,45,45,0,0,0,154.26666666666668,166,642.7111111111111,399.97777777777776
66DOPC33DOPG_mRNA,109,95,0109_R0095,0.023877072746126198,0.023877072746126198,305,305,2,2,0,0,0,152.5,153,290.5,397
66DOPC33DOPG_mRNA,109,96,0109_R0096,0.07163121823837859,0.07163121823837859,928,928,6,6,0,0,0,154.66666666666666,162,294,399.5
66DOPC33DOPG_mRNA,109,97,0109_R0097,1.69527216497496,1.69527216497496,25513,25513,142,142,0,0,0,179.66901408450704,312,264.9366197183099,416.2112676056338
66DOPC33DOPG_mRNA,109,98,0109_R0098,0.1313239001036941,0.1313239001036941,1687,1687,11,11,0,0,0,153.36363636363637,160,290.90909090909093,412.3636363636364
66DOPC33DOPG_mRNA,109,99,0109_R0099,0.3700946275649561,0.3700946275649561,4949,4949,31,31,0,0,0,159.6451612903226,176,18.70967741935484,417.7096774193548
66DOPC33DOPG_mRNA,109,100,0109_R0100,0.8953902279797324,0.8953902279797324,12398,12398,75,75,0,0,0,165.30666666666667,198,640.3333333333334,420.2133333333333
66DOPC33DOPG_mRNA,109,101,0109_R0101,0.09550829098450479,0.09550829098450479,1224,1224,8,8,0,0,0,153,161,198.875,422.875
66DOPC33DOPG_mRNA,109,102,0109_R0102,0.023877072746126198,0.023877072746126198,312,312,2,2,0,0,0,156,156,301,422.5
66DOPC33DOPG_mRNA,109,103,0109_R0103,0.2745863365804513,0.2745863365804513,3492,3492,23,23,0,0,0,151.82608695652175,160,495.39130434782606,424.39130434782606
66DOPC33DOPG_mRNA,109,104,0109_R0104,0.7998819369952277,0.7998819369952277,14764,14764,67,67,0,0,0,220.3582089552239,471,63.25373134328358,431.7014925373134
66DOPC33DOPG_mRNA,109,105,0109_R0105,0.1552009728498203,0.1552009728498203,2144,2144,13,13,0,0,0,164.92307692307693,185,477.0769230769231,431.84615384615387
66DOPC33DOPG_mRNA,109,106,0109_R0106,0.09550829098450479,0.09550829098450479,1214,1214,8,8,0,0,0,151.75,156,21.875,431.875
66DOPC33DOPG_mRNA,109,107,0109_R0107,0.2745863365804513,0.2745863365804513,3921,3921,23,23,0,0,0,170.47826086956522,204,485.9130434782609,433.2173913043478
66DOPC33DOPG_mRNA,109,108,0109_R0108,0.07163121823837859,0.07163121823837859,921,921,6,6,0,0,0,153.5,160,668.3333333333334,432.5
66DOPC33DOPG_mRNA,109,109,0109_R0109,0.45366438217639776,0.45366438217639776,6019,6019,38,38,0,0,0,158.39473684210526,173,33.473684210526315,434.42105263157896
66DOPC33DOPG_mRNA,109,110,0109_R0110,0.07163121823837859,0.07163121823837859,909,909,6,6,0,0,0,151.5,156,414.3333333333333,436.6666666666667
66DOPC33DOPG_mRNA,109,111,0109_R0111,0.25070926383432507,0.25070926383432507,3326.9999999999995,3327,21,21,0,0,0,158.42857142857142,175,288.95238095238096,438.8095238095238
66DOPC33DOPG_mRNA,109,112,0109_R0112,0.1552009728498203,0.1552009728498203,2019.0000000000002,2019,13,13,0,0,0,155.30769230769232,170,302.61538461538464,439.61538461538464
66DOPC33DOPG_mRNA,109,113,0109_R0113,3.7248233483956867,3.7248233483956867,52206,52206,312,312,0,0,0,167.32692307692307,317,641.2115384615385,454.0705128205128
66DOPC33DOPG_mRNA,109,114,0109_R0114,0.2984634093265775,0.2984634093265775,3829.9999999999995,3830,25,25,0,0,0,153.2,159,29.28,445.44
66DOPC33DOPG_mRNA,109,115,0109_R0115,0.9312058370989217,0.9312058370989217,13422,13422,78,78,0,0,0,172.07692307692307,207,276.6666666666667,448.70512820512823
66DOPC33DOPG_mRNA,109,116,0109_R0116,4.357565776168031,4.357565776168031,61017,61017,365,365,0,0,0,167.16986301369863,252,330.8986301369863,454.372602739726
66DOPC33DOPG_mRNA,109,117,0109_R0117,0.119385363730631,0.119385363730631,1555,1555,10,10,0,0,0,155.5,164,302.8,447.7
66DOPC33DOPG_mRNA,109,118,0109_R0118,0.035815609119189296,0.035815609119189296,458,458,3,3,0,0,0,152.66666666666666,155,265.6666666666667,448.3333333333333
66DOPC33DOPG_mRNA,109,119,0109_R0119,0.119385363730631,0.119385363730631,1533,1533,10,10,0,0,0,153.3,159,308.5,450.2
66DOPC33DOPG_mRNA,109,120,0109_R0120,0.4059102366841454,0.4059102366841454,5343,5343,34,34,0,0,0,157.14705882352942,178,32.64705882352941,453.2647058823529
66DOPC33DOPG_mRNA,109,121,0109_R0121,1.7191492377210862,1.7191492377210862,25056,25056,144,144,0,0,0,174,251,615.4444444444445,458.6111111111111
66DOPC33DOPG_mRNA,109,122,0109_R0122,0.035815609119189296,0.035815609119189296,460,460,3,3,0,0,0,153.33333333333334,157,367.6666666666667,455.3333333333333
66DOPC33DOPG_mRNA,109,123,0109_R0123,0.5730497459070287,0.5730497459070287,7468,7468,48,48,0,0,0,155.58333333333334,171,295.2916666666667,461.4166666666667
66DOPC33DOPG_mRNA,109,124,0109_R0124,0.238770727461262,0.238770727461262,3157,3157,20,20,0,0,0,157.85,170,7.55,462.95
66DOPC33DOPG_mRNA,109,125,0109_R0125,0.023877072746126198,0.023877072746126198,304,304,2,2,0,0,0,152,153,476,461.5
66DOPC33DOPG_mRNA,109,126,0109_R0126,0.22683219108819888,0.22683219108819888,3056,3056,19,19,0,0,0,160.8421052631579,185,469.57894736842104,469.10526315789474
66DOPC33DOPG_mRNA,109,127,0109_R0127,0.0835697546114417,0.0835697546114417,1056,1056,7,7,0,0,0,150.85714285714286,153,646.8571428571429,467.85714285714283
66DOPC33DOPG_mRNA,109,128,0109_R0128,0.1671395092228834,0.1671395092228834,2158,2158,14,14,0,0,0,154.14285714285714,159,293.14285714285717,470.35714285714283
66DOPC33DOPG_mRNA,109,129,0109_R0129,0.035815609119189296,0.035815609119189296,462,462,3,3,0,0,0,154,155,361.6666666666667,469.3333333333333
66DOPC33DOPG_mRNA,109,130,0109_R0130,0.38203316393801917,0.38203316393801917,4971,4971,32,32,0,0,0,155.34375,165,700.875,472.90625
66DOPC33DOPG_mRNA,109,131,0109_R0131,11.843028082078595,11.699765645601838,160241,158488,992,980,12,0,1,161.72244897959183,244,644.9316326530612,491.630612244898
66DOPC33DOPG_mRNA,109,132,0109_R0132,0.2029551183420727,0.2029551183420727,2664,2664,17,17,0,0,0,156.7058823529412,168,268.5882352941176,479.11764705882354
66DOPC33DOPG_mRNA,109,133,0109_R0133,0.14326243647675718,0.14326243647675718,1921,1921,12,12,0,0,0,160.08333333333334,179,283.5,479
66DOPC33DOPG_mRNA,109,134,0109_R0134,0.10744682735756789,0.10744682735756789,1395,1395,9,9,0,0,0,155,167,318.1111111111111,480.6666666666667
66DOPC33DOPG_mRNA,109,135,0109_R0135,5.837944286427856,5.837944286427856,100792,100792,489,489,0,0,0,206.11860940695297,526,323.2290388548057,500.4764826175869
66DOPC33DOPG_mRNA,109,136,0109_R0136,0.10744682735756789,0.10744682735756789,1382,1382,9,9,0,0,0,153.55555555555554,163,693,488
66DOPC33DOPG_mRNA,109,137,0109_R0137,0.4417258458033347,0.4417258458033347,5600,5600,37,37,0,0,0,151.35135135135135,155,55.24324324324324,491.2432432432432
66DOPC33DOPG_mRNA,109,138,0109_R0138,0.047754145492252396,0.047754145492252396,610,610,4,4,0,0,0,152.5,155,339.5,492.5
66DOPC33DOPG_mRNA,109,139,0109_R0139,0.023877072746126198,0.023877072746126198,309,309,2,2,0,0,0,154.5,157,620.5,495
66DOPC33DOPG_mRNA,109,140,0109_R0140,0.25070926383432507,0.25070926383432507,3370,3370,21,21,0,0,0,160.47619047619048,181,273,498
66DOPC33DOPG_mRNA,109,141,0109_R0141,0.119385363730631,0.119385363730631,1558,1558,10,10,0,0,0,155.8,162,301,497.2
66DOPC33DOPG_mRNA,109,142,0109_R0142,0.047754145492252396,0.047754145492252396,603,603,4,4,0,0,0,150.75,151,659,496.5
66DOPC33DOPG_mRNA,109,143,0109_R0143,0.023877072746126198,0.023877072746126198,306,306,2,2,0,0,0,153,154,622.5,500
66DOPC33DOPG_mRNA,109,144,0109_R0144,0.07163121823837859,0.07163121823837859,927,927,6,6,0,0,0,154.5,159,668.6666666666666,504.8333333333333
66DOPC33DOPG_mRNA,109,145,0109_R0145,0.10744682735756789,0.10744682735756789,1395,1395,9,9,0,0,0,155,159,176,507
66DOPC33DOPG_mRNA,109,146,0109_R0146,0.07163121823837859,0.07163121823837859,905,905,6,6,0,0,0,150.83333333333334,153,309.8333333333333,508.6666666666667
66DOPC33DOPG_mRNA,109,147,0109_R0147,0.28652487295351436,0.28652487295351436,3683,3683,24,24,0,0,0,153.45833333333334,162,308.25,517.6666666666666
66DOPC33DOPG_mRNA,109,148,0109_R0148,0.0835697546114417,0.0835697546114417,1068,1068,7,7,0,0,0,152.57142857142858,158,645.7142857142857,516
66DOPC33DOPG_mRNA,109,149,0109_R0149,0.0596926818653155,0.0596926818653155,764,764,5,5,0,0,0,152.8,160,443.2,517
66DOPC33DOPG_mRNA,109,150,0109_R0150,0.047754145492252396,0.047754145492252396,608,608,4,4,0,0,0,152,153,312.75,522.75
66DOPC33DOPG_mRNA,109,151,0109_R0151,0.48947999129558706,0.48947999129558706,6703,6703,41,41,0,0,0,163.4878048780488,182,13.658536585365853,527.5853658536586
66DOPC33DOPG_mRNA,109,152,0109_R0152,0.10744682735756789,0.10744682735756789,1405,1405,9,9,0,0,0,156.11111111111111,165,16.666666666666668,535.8888888888889
66DOPC33DOPG_mRNA,109,153,0109_R0153,1.0505912008295528,1.0505912008295528,14929,14929,88,88,0,0,0,169.64772727272728,204,330.46590909090907,542.7840909090909
66DOPC33DOPG_mRNA,109,154,0109_R0154,0.0835697546114417,0.0835697546114417,1117,1117,7,7,0,0,0,159.57142857142858,169,338.2857142857143,538
66DOPC33DOPG_mRNA,109,155,0109_R0155,1.0267141280834264,1.0267141280834264,14415,14415,86,86,0,0,0,167.61627906976744,203,519.5116279069767,545.2674418604652
66DOPC33DOPG_mRNA,109,156,0109_R0156,0.023877072746126198,0.023877072746126198,307,307,2,2,0,0,0,153.5,156,104,541.5
66DOPC33DOPG_mRNA,109,157,0109_R0157,0.07163121823837859,0.07163121823837859,944,944,6,6,0,0,0,157.33333333333334,161,298.3333333333333,548.1666666666666
66DOPC33DOPG_mRNA,109,158,0109_R0158,0.023877072746126198,0.023877072746126198,303,303,2,2,0,0,0,151.5,153,255,556.5
66DOPC33DOPG_mRNA,109,159,0109_R0159,0.8953902279797324,0.8953902279797324,12489,12489,75,75,0,0,0,166.52,204,99.24,562.1466666666666
66DOPC33DOPG_mRNA,109,160,0109_R0160,0.023877072746126198,0.023877072746126198,311,311,2,2,0,0,0,155.5,156,281.5,558
66DOPC33DOPG_mRNA,109,161,0109_R0161,0.17907804559594648,0.17907804559594648,2359,2359,15,15,0,0,0,157.26666666666668,167,325.26666666666665,566.6666666666666
66DOPC33DOPG_mRNA,109,162,0109_R0162,2.053428256166853,2.053428256166853,27412,27412,172,172,0,0,0,159.37209302325581,188,87.27325581395348,575.3895348837209
66DOPC33DOPG_mRNA,109,163,0109_R0163,0.3342790184457668,0.3342790184457668,4541,4541,28,28,0,0,0,162.17857142857142,181,273.64285714285717,569.6428571428571
66DOPC33DOPG_mRNA,109,164,0109_R0164,0.238770727461262,0.238770727461262,3393,3393,20,20,0,0,0,169.65,202,2.75,572.25
66DOPC33DOPG_mRNA,109,165,0109_R0165,6.8407813417651555,6.733334514407588,106729,105421,573,564,9,0,1,186.91666666666666,594,450.1755319148936,586.0567375886525
66DOPC33DOPG_mRNA,109,166,0109_R0166,0.7998819369952277,0.7998819369952277,10526,10526,67,67,0,0,0,157.1044776119403,170,92.91044776119404,588.0895522388059
66DOPC33DOPG_mRNA,109,167,0109_R0167,1.062529737202616,1.062529737202616,17307,17307,89,89,0,0,0,194.46067415730337,308,364.6179775280899,593.9662921348314
66DOPC33DOPG_mRNA,109,168,0109_R0168,0.035815609119189296,0.035815609119189296,463,463,3,3,0,0,0,154.33333333333334,158,411.6666666666667,590.6666666666666
66DOPC33DOPG_mRNA,109,169,0109_R0169,0.14326243647675718,0.14326243647675718,1806,1806,12,12,0,0,0,150.5,156,438.4166666666667,593.5
66DOPC33DOPG_mRNA,109,170,0109_R0170,0.0835697546114417,0.0835697546114417,1054,1054,7,7,0,0,0,150.57142857142858,154,442,597.7142857142857
66DOPC33DOPG_mRNA,109,171,0109_R0171,0.2029551183420727,0.2029551183420727,2748,2748,17,17,0,0,0,161.64705882352942,179,339.88235294117646,599.5882352941177
66DOPC33DOPG_mRNA,109,172,0109_R0172,0.035815609119189296,0.035815609119189296,454,454,3,3,0,0,0,151.33333333333334,152,445,602
66DOPC33DOPG_mRNA,109,173,0109_R0173,0.1552009728498203,0.1552009728498203,2083,2083,13,13,0,0,0,160.23076923076923,179,278.61538461538464,603.3846153846154
66DOPC33DOPG_mRNA,109,174,0109_R0174,0.10744682735756789,0.10744682735756789,1428,1428,9,9,0,0,0,158.66666666666666,170,356,604
66DOPC33DOPG_mRNA,109,175,0109_R0175,0.023877072746126198,0.023877072746126198,306,306,2,2,0,0,0,153,154,448,603.5
66DOPC33DOPG_mRNA,109,176,0109_R0176,1.4326243647675718,1.4326243647675718,19185,19185,120,120,0,0,0,159.875,185,365.225,611.4833333333333
66DOPC33DOPG_mRNA,109,177,0109_R0177,0.6804965732645967,0.6804965732645967,9137,9137,57,57,0,0,0,160.2982456140351,180,351.0175438596491,614.9473684210526
66DOPC33DOPG_mRNA,109,178,0109_R0178,0.2029551183420727,0.2029551183420727,2685,2685,17,17,0,0,0,157.94117647058823,169,267.2352941176471,623.1764705882352
66DOPC33DOPG_mRNA,109,179,0109_R0179,0.28652487295351436,0.28652487295351436,4027,4027,24,24,0,0,0,167.79166666666666,201,55.666666666666664,631.4166666666666
66DOPC33DOPG_mRNA,109,180,0109_R0180,0.477541454922524,0.477541454922524,6145,6145,40,40,0,0,0,153.625,162,25.625,642.25
66DOPC33DOPG_mRNA,109,181,0109_R0181,3.5457453027997405,3.5457453027997405,49904,49904,297,297,0,0,0,168.02693602693603,210,34.936026936026934,664.8787878787879
66DOPC33DOPG_mRNA,109,182,0109_R0182,0.0596926818653155,0.0596926818653155,752,752,5,5,0,0,0,150.4,155,18.4,664.2
66DOPC33DOPG_mRNA,109,183,0109_R0183,0.047754145492252396,0.047754145492252396,610,610,4,4,0,0,0,152.5,156,270,667.75
66DOPC33DOPG_mRNA,109,184,0109_R0184,0.1671395092228834,0.1671395092228834,2198,2198,14,14,0,0,0,157,168,257.42857142857144,679.7857142857143
66DOPC33DOPG_mRNA,109,185,0109_R0185,0.047754145492252396,0.047754145492252396,618,618,4,4,0,0,0,154.5,157,259.5,695.5
66DOPC33DOPG_mRNA,110,1,0110_R0001,0.3700946275649561,0.3700946275649561,4872,4872,31,31,0,0,0,157.16129032258064,176,648.258064516129,22.387096774193548
66DOPC33DOPG_mRNA,110,2,0110_R0002,0.0835697546114417,0.0835697546114417,1108,1108,7,7,0,0,0,158.28571428571428,169,422.7142857142857,23
66DOPC33DOPG_mRNA,110,3,0110_R0003,0.035815609119189296,0.035815609119189296,471,471,3,3,0,0,0,157,158,445.6666666666667,40.666666666666664
66DOPC33DOPG_mRNA,110,4,0110_R0004,1.8982272833170328,1.8982272833170328,25454,25454,159,159,0,0,0,160.08805031446542,183,439.07547169811323,61.704402515723274
66DOPC33DOPG_mRNA,110,5,0110_R0005,2.6861706839391974,2.6861706839391974,35700,35700,225,225,0,0,0,158.66666666666666,173,635.4933333333333,74.85333333333334
66DOPC33DOPG_mRNA,110,6,0110_R0006,0.023877072746126198,0.023877072746126198,305,305,2,2,0,0,0,152.5,154,644.5,89
66DOPC33DOPG_mRNA,110,7,0110_R0007,0.28652487295351436,0.28652487295351436,3613,3613,24,24,0,0,0,150.54166666666666,156,645.125,93.08333333333333
66DOPC33DOPG_mRNA,110,8,0110_R0008,0.023877072746126198,0.023877072746126198,300,300,2,2,0,0,0,150,151,542.5,101
66DOPC33DOPG_mRNA,110,9,0110_R0009,0.3700946275649561,0.3700946275649561,4735,4735,31,31,0,0,0,152.74193548387098,158,469.51612903225805,132.38709677419354
66DOPC33DOPG_mRNA,110,10,0110_R0010,1.0505912008295528,1.0505912008295528,19287,19287,88,88,0,0,0,219.17045454545453,429,540.6363636363636,137.3068181818182
66DOPC33DOPG_mRNA,110,11,0110_R0011,2.507092638343251,2.4951541019701877,34223,34076,210,209,1,0,1,163.04306220095694,201,660.6124401913876,144.54545454545453
66DOPC33DOPG_mRNA,110,12,0110_R0012,0.07163121823837859,0.07163121823837859,931,931,6,6,0,0,0,155.16666666666666,161,491.1666666666667,138.83333333333334
66DOPC33DOPG_mRNA,110,13,0110_R0013,0.023877072746126198,0.023877072746126198,307,307,2,2,0,0,0,153.5,154,549,139.5
66DOPC33DOPG_mRNA,110,14,0110_R0014,0.5252956004147764,0.5252956004147764,6834,6834,44,44,0,0,0,155.3181818181818,169,637.1363636363636,142.13636363636363
66DOPC33DOPG_mRNA,110,15,0110_R0015,0.10744682735756789,0.10744682735756789,1392,1392,9,9,0,0,0,154.66666666666666,162,564.8888888888889,147.33333333333334
66DOPC33DOPG_mRNA,110,16,0110_R0016,0.035815609119189296,0.035815609119189296,463,463,3,3,0,0,0,154.33333333333334,162,528.3333333333334,159.33333333333334
66DOPC33DOPG_mRNA,110,17,0110_R0017,4.656029185494608,4.656029185494608,70529,70529,390,390,0,0,0,180.84358974358975,252,535.8666666666667,179.07692307692307
66DOPC33DOPG_mRNA,110,18,0110_R0018,0.5372341367878395,0.5372341367878395,7317,7317,45,45,0,0,0,162.6,191,700.9555555555555,179.9111111111111
66DOPC33DOPG_mRNA,110,19,0110_R0019,0.7163121823837859,0.7163121823837859,14046,14046,60,60,0,0,0,234.1,521,522.4333333333333,223.05
66DOPC33DOPG_mRNA,110,20,0110_R0020,0.10744682735756789,0.10744682735756789,1387,1387,9,9,0,0,0,154.11111111111111,160,501.6666666666667,230.88888888888889
66DOPC33DOPG_mRNA,110,21,0110_R0021,0.17907804559594648,0.17907804559594648,2393,2393,15,15,0,0,0,159.53333333333333,173,530.8666666666667,233.6
66DOPC33DOPG_mRNA,110,22,0110_R0022,0.2029551183420727,0.2029551183420727,2552,2552,17,17,0,0,0,150.11764705882354,159,657.4117647058823,247.58823529411765
66DOPC33DOPG_mRNA,110,23,0110_R0023,0.10744682735756789,0.10744682735756789,1410,1410,9,9,0,0,0,156.66666666666666,168,247.33333333333334,247.11111111111111
66DOPC33DOPG_mRNA,110,24,0110_R0024,1.1580380281871205,1.1580380281871205,15195,15195,97,97,0,0,0,156.64948453608247,172,291.4845360824742,257.5773195876289
66DOPC33DOPG_mRNA,110,25,0110_R0025,0.09550829098450479,0.09550829098450479,1226,1226,8,8,0,0,0,153.25,161,304.875,263.5
66DOPC33DOPG_mRNA,110,26,0110_R0026,0.023877072746126198,0.023877072746126198,301,301,2,2,0,0,0,150.5,151,321.5,267
66DOPC33DOPG_mRNA,110,27,0110_R0027,0.8356975461144169,0.8356975461144169,10648.000000000002,10648,70,70,0,0,0,152.11428571428573,163,312.15714285714284,274.25714285714287
66DOPC33DOPG_mRNA,110,28,0110_R0028,0.1313239001036941,0.1313239001036941,1738,1738,11,11,0,0,0,158,172,347.09090909090907,274.6363636363636
66DOPC33DOPG_mRNA,110,29,0110_R0029,0.22683219108819888,0.22683219108819888,2882,2882,19,19,0,0,0,151.68421052631578,158,304.7894736842105,283.05263157894734
66DOPC33DOPG_mRNA,110,30,0110_R0030,0.17907804559594648,0.17907804559594648,2341,2341,15,15,0,0,0,156.06666666666666,174,297.46666666666664,290.8666666666667
66DOPC33DOPG_mRNA,110,31,0110_R0031,0.023877072746126198,0.023877072746126198,304,304,2,2,0,0,0,152,153,491.5,290
66DOPC33DOPG_mRNA,110,32,0110_R0032,0.41784877305720847,0.41784877305720847,5944,5944,35,35,0,0,0,169.82857142857142,221,307.8,309.0571428571429
66DOPC33DOPG_mRNA,110,33,0110_R0033,0.38203316393801917,0.38203316393801917,4864,4864,32,32,0,0,0,152,162,698.6875,317.125
66DOPC33DOPG_mRNA,110,34,0110_R0034,0.22683219108819888,0.22683219108819888,2864,2864,19,19,0,0,0,150.73684210526315,158,695.6842105263158,330.42105263157896
66DOPC33DOPG_mRNA,110,35,0110_R0035,0.023877072746126198,0.023877072746126198,301,301,2,2,0,0,0,150.5,151,0.5,339
66DOPC33DOPG_mRNA,110,36,0110_R0036,0.4417258458033347,0.4417258458033347,7679,7679,37,37,0,0,0,207.54054054054055,345,654.4594594594595,365.9189189189189
66DOPC33DOPG_mRNA,110,37,0110_R0037,0.45366438217639776,0.45366438217639776,5921,5921,38,38,0,0,0,155.81578947368422,164,699.3684210526316,392.36842105263156
66DOPC33DOPG_mRNA,110,38,0110_R0038,0.023877072746126198,0.023877072746126198,303,303,2,2,0,0,0,151.5,153,318,395.5
66DOPC33DOPG_mRNA,110,39,0110_R0039,0.41784877305720847,0.41784877305720847,5704,5704,35,35,0,0,0,162.97142857142856,199,424.25714285714287,407.9714285714286
66DOPC33DOPG_mRNA,110,40,0110_R0040,0.3462175548188299,0.3462175548188299,4643,4643,29,29,0,0,0,160.10344827586206,181,220.10344827586206,409.6896551724138
66DOPC33DOPG_mRNA,110,41,0110_R0041,0.3342790184457668,0.3342790184457668,4696,4696,28,28,0,0,0,167.71428571428572,206,472,410.5
66DOPC33DOPG_mRNA,110,42,0110_R0042,1.8862887469439698,1.8862887469439698,39830,39830,158,158,0,0,0,252.08860759493672,1051,694.253164556962,416.4746835443038
66DOPC33DOPG_mRNA,110,43,0110_R0043,0.047754145492252396,0.047754145492252396,600,600,4,4,0,0,0,150,150,457,413.5
66DOPC33DOPG_mRNA,110,44,0110_R0044,0.10744682735756789,0.10744682735756789,1396,1396,9,9,0,0,0,155.11111111111111,166,421,415
66DOPC33DOPG_mRNA,110,45,0110_R0045,0.09550829098450479,0.09550829098450479,1241,1241,8,8,0,0,0,155.125,160,293.25,427.625
66DOPC33DOPG_mRNA,110,46,0110_R0046,0.39397170031108225,0.39397170031108225,6170,6170,33,33,0,0,0,186.96969696969697,278,665.6969696969697,428.90909090909093
66DOPC33DOPG_mRNA,110,47,0110_R0047,0.22683219108819888,0.22683219108819888,2941,2941,19,19,0,0,0,154.78947368421052,171,689.8421052631579,429.57894736842104
66DOPC33DOPG_mRNA,110,48,0110_R0048,0.2745863365804513,0.2745863365804513,3874,3874,23,23,0,0,0,168.43478260869566,203,392.9130434782609,454.2173913043478
66DOPC33DOPG_mRNA,110,49,0110_R0049,0.7043736460107228,0.7043736460107228,10166,10166,59,59,0,0,0,172.3050847457627,224,382.2881355932203,470.8813559322034
66DOPC33DOPG_mRNA,110,50,0110_R0050,0.119385363730631,0.119385363730631,1542,1542,10,10,0,0,0,154.2,168,369.8,537.5
66DOPC33DOPG_mRNA,110,51,0110_R0051,0.07163121823837859,0.07163121823837859,909,909,6,6,0,0,0,151.5,156,183.83333333333334,553.6666666666666
66DOPC33DOPG_mRNA,110,52,0110_R0052,0.047754145492252396,0.047754145492252396,617,617,4,4,0,0,0,154.25,161,180.5,567.5
66DOPC33DOPG_mRNA,110,53,0110_R0053,0.1671395092228834,0.1671395092228834,2270,2270,14,14,0,0,0,162.14285714285714,182,149.5,580.7142857142857
66DOPC33DOPG_mRNA,110,54,0110_R0054,0.07163121823837859,0.07163121823837859,911,911,6,6,0,0,0,151.83333333333334,157,183.16666666666666,580.8333333333334
66DOPC33DOPG_mRNA,110,55,0110_R0055,0.07163121823837859,0.07163121823837859,919,919,6,6,0,0,0,153.16666666666666,157,254,582.5
66DOPC33DOPG_mRNA,110,56,0110_R0056,0.119385363730631,0.119385363730631,1575,1575,10,10,0,0,0,157.5,175,204.1,594.8
66DOPC33DOPG_mRNA,110,57,0110_R0057,0.2745863365804513,0.2745863365804513,3600,3600,23,23,0,0,0,156.52173913043478,165,122.6086956521739,597.8695652173913
66DOPC33DOPG_mRNA,110,58,0110_R0058,0.1671395092228834,0.1671395092228834,2192,2192,14,14,0,0,0,156.57142857142858,170,183.5,597.7142857142857
66DOPC33DOPG_mRNA,110,59,0110_R0059,0.2029551183420727,0.2029551183420727,2568,2568,17,17,0,0,0,151.05882352941177,158,175.7058823529412,600
66DOPC33DOPG_mRNA,110,60,0110_R0060,0.0596926818653155,0.0596926818653155,770,770,5,5,0,0,0,154,163,127.6,600.8
66DOPC33DOPG_mRNA,110,61,0110_R0061,0.14326243647675718,0.14326243647675718,1846,1846,12,12,0,0,0,153.83333333333334,164,516.0833333333334,601.8333333333334
66DOPC33DOPG_mRNA,110,62,0110_R0062,6.017022332023802,6.005083795650739,84137,83991,504,503,1,0,1,166.98011928429423,218,508.04373757455267,618.0457256461233
66DOPC33DOPG_mRNA,110,63,0110_R0063,0.119385363730631,0.119385363730631,1510,1510,10,10,0,0,0,151,158,255.8,605.9
66DOPC33DOPG_mRNA,110,64,0110_R0064,0.07163121823837859,0.07163121823837859,923,923,6,6,0,0,0,153.83333333333334,158,233.16666666666666,619.8333333333334
66DOPC33DOPG_mRNA,110,65,0110_R0065,0.3342790184457668,0.3342790184457668,4902,4902,28,28,0,0,0,175.07142857142858,240,311.5,627
66DOPC33DOPG_mRNA,110,66,0110_R0066,0.32234048207270366,0.32234048207270366,4577,4577,27,27,0,0,0,169.5185185185185,217,170.40740740740742,626.925925925926
66DOPC33DOPG_mRNA,110,67,0110_R0067,0.39397170031108225,0.39397170031108225,5668,5668,33,33,0,0,0,171.75757575757575,227,394.1818181818182,630.8181818181819
66DOPC33DOPG_mRNA,110,68,0110_R0068,1.9817970379284744,1.9817970379284744,30428,30428,166,166,0,0,0,183.3012048192771,328,488.78915662650604,638.0783132530121
66DOPC33DOPG_mRNA,110,69,0110_R0069,0.023877072746126198,0.023877072746126198,307,307,2,2,0,0,0,153.5,156,120,632.5
66DOPC33DOPG_mRNA,110,70,0110_R0070,0.7760048642491014,0.7760048642491014,10704,10704,65,65,0,0,0,164.6769230769231,197,521.3692307692307,639.8307692307692
66DOPC33DOPG_mRNA,110,71,0110_R0071,0.119385363730631,0.119385363730631,1574,1574,10,10,0,0,0,157.4,169,216,641.2
66DOPC33DOPG_mRNA,110,72,0110_R0072,0.0596926818653155,0.0596926818653155,773,773,5,5,0,0,0,154.6,158,354.4,651.2
66DOPC33DOPG_mRNA,110,73,0110_R0073,0.0596926818653155,0.0596926818653155,778,778,5,5,0,0,0,155.6,160,144.8,653.4
66DOPC33DOPG_mRNA,110,74,0110_R0074,0.17907804559594648,0.17907804559594648,2285,2285,15,15,0,0,0,152.33333333333334,160,528.3333333333334,655.6666666666666
66DOPC33DOPG_mRNA,110,75,0110_R0075,0.023877072746126198,0.023877072746126198,307,307,2,2,0,0,0,153.5,156,392.5,667
66DOPC33DOPG_mRNA,110,76,0110_R0076,1.3609931465291933,1.3609931465291933,22327,22327,114,114,0,0,0,195.85087719298247,369,493.53508771929825,674.2982456140351
66DOPC33DOPG_mRNA,110,77,0110_R0077,1.3968087556483826,1.3968087556483826,21277,21277,117,117,0,0,0,181.85470085470087,244,217.94017094017093,678.5470085470085
66DOPC33DOPG_mRNA,110,78,0110_R0078,0.023877072746126198,0.023877072746126198,303,303,2,2,0,0,0,151.5,152,368,673.5
66DOPC33DOPG_mRNA,110,79,0110_R0079,2.4235228837318092,2.4235228837318092,33890,33890,203,203,0,0,0,166.94581280788177,243,512.7487684729064,683.6206896551724
66DOPC33DOPG_mRNA,110,80,0110_R0080,0.1552009728498203,0.1552009728498203,2023.9999999999998,2024,13,13,0,0,0,155.69230769230768,170,375.61538461538464,677.6153846153846
66DOPC33DOPG_mRNA,110,81,0110_R0081,0.17907804559594648,0.17907804559594648,2538,2538,15,15,0,0,0,169.2,191,127.66666666666667,679.2666666666667
66DOPC33DOPG_mRNA,110,82,0110_R0082,0.48947999129558706,0.48947999129558706,6298.000000000001,6298,41,41,0,0,0,153.609756097561,172,479.390243902439,686.7560975609756
66DOPC33DOPG_mRNA,110,83,0110_R0083,0.2626478002073882,0.2626478002073882,3349,3349,22,22,0,0,0,152.22727272727272,163,525.5454545454545,689.7727272727273
66DOPC33DOPG_mRNA,110,84,0110_R0084,0.035815609119189296,0.035815609119189296,459,459,3,3,0,0,0,153,154,327.6666666666667,701.3333333333334
66DOPC33DOPG_mRNA,111,1,0111_R0001,0.07163121823837859,0.07163121823837859,973,973,6,6,0,0,0,162.16666666666666,171,467,0.16666666666666666
66DOPC33DOPG_mRNA,111,2,0111_R0002,0.2745863365804513,0.2745863365804513,4562,4562,23,23,0,0,0,198.34782608695653,323,493.6521739130435,1.0869565217391304
66DOPC33DOPG_mRNA,111,3,0111_R0003,0.9789599825911741,0.9789599825911741,19932,19932,82,82,0,0,0,243.0731707317073,593,258.1219512195122,7.560975609756097
66DOPC33DOPG_mRNA,111,4,0111_R0004,0.3342790184457668,0.3342790184457668,5019,5019,28,28,0,0,0,179.25,234,455.60714285714283,11.821428571428571
66DOPC33DOPG_mRNA,111,5,0111_R0005,0.5372341367878395,0.5372341367878395,7121,7121,45,45,0,0,0,158.24444444444444,171,570.6666666666666,14.377777777777778
66DOPC33DOPG_mRNA,111,6,0111_R0006,0.48947999129558706,0.48947999129558706,6596,6596,41,41,0,0,0,160.8780487804878,173,125.7560975609756,15
66DOPC33DOPG_mRNA,111,7,0111_R0007,7.724233033371825,7.724233033371825,173515,173515,647,647,0,0,0,268.1839258114374,483,369.1391035548686,28.19165378670788
66DOPC33DOPG_mRNA,111,8,0111_R0008,8.237590097413538,8.237590097413538,176541,176541,690,690,0,0,0,255.85652173913044,521,412.8710144927536,39.594202898550726
66DOPC33DOPG_mRNA,111,9,0111_R0009,1.6355794831096446,1.6355794831096446,27064,27064,137,137,0,0,0,197.54744525547446,308,696.6642335766423,26.94890510948905
66DOPC33DOPG_mRNA,111,10,0111_R0010,0.0835697546114417,0.0835697546114417,1123,1123,7,7,0,0,0,160.42857142857142,170,99,24.714285714285715
66DOPC33DOPG_mRNA,111,11,0111_R0011,0.7521277915029753,0.7521277915029753,11216,11216,63,63,0,0,0,178.03174603174602,246,326.1904761904762,32.46031746031746
66DOPC33DOPG_mRNA,111,12,0111_R0012,0.047754145492252396,0.047754145492252396,640,640,4,4,0,0,0,160,165,669.5,32.5
66DOPC33DOPG_mRNA,111,13,0111_R0013,0.3104019456996406,0.3104019456996406,4085,4085,26,26,0,0,0,157.1153846153846,167,560.6923076923077,37.11538461538461
66DOPC33DOPG_mRNA,111,14,0111_R0014,1.062529737202616,1.062529737202616,18794,18794,89,89,0,0,0,211.1685393258427,315,232.31460674157304,42.70786516853933
66DOPC33DOPG_mRNA,111,15,0111_R0015,0.0835697546114417,0.0835697546114417,1091,1091,7,7,0,0,0,155.85714285714286,160,221.71428571428572,40
66DOPC33DOPG_mRNA,111,16,0111_R0016,0.7163121823837859,0.7163121823837859,9672,9672,60,60,0,0,0,161.2,176,544.45,42.56666666666667
66DOPC33DOPG_mRNA,111,17,0111_R0017,0.2626478002073882,0.2626478002073882,3333,3333,22,22,0,0,0,151.5,158,42.5,41.54545454545455
66DOPC33DOPG_mRNA,111,18,0111_R0018,0.023877072746126198,0.023877072746126198,311,311,2,2,0,0,0,155.5,159,553,43.5
66DOPC33DOPG_mRNA,111,19,0111_R0019,1.7788419195864018,1.7788419195864018,23320,23320,149,149,0,0,0,156.51006711409397,176,551.1812080536913,52.053691275167786
66DOPC33DOPG_mRNA,111,20,0111_R0020,1.1580380281871205,1.1580380281871205,23487,23487,97,97,0,0,0,242.1340206185567,686,359.7938144329897,53.77319587628866
66DOPC33DOPG_mRNA,111,21,0111_R0021,0.023877072746126198,0.023877072746126198,306,306,2,2,0,0,0,153,153,539.5,63
66DOPC33DOPG_mRNA,111,22,0111_R0022,1.0267141280834264,1.0267141280834264,16576,16576,86,86,0,0,0,192.74418604651163,265,345.9651162790698,76.4186046511628
66DOPC33DOPG_mRNA,111,23,0111_R0023,0.1552009728498203,0.1552009728498203,2004,2004,13,13,0,0,0,154.15384615384616,162,550.4615384615385,78.6923076923077
66DOPC33DOPG_mRNA,111,24,0111_R0024,0.3700946275649561,0.3700946275649561,4786,4786,31,31,0,0,0,154.38709677419354,165,21.870967741935484,91.48387096774194
66DOPC33DOPG_mRNA,111,25,0111_R0025,0.3104019456996406,0.3104019456996406,4725,4725,26,26,0,0,0,181.73076923076923,248,584.3846153846154,98.92307692307692
66DOPC33DOPG_mRNA,111,26,0111_R0026,0.035815609119189296,0.035815609119189296,461,461,3,3,0,0,0,153.66666666666666,158,627.6666666666666,98.66666666666667
66DOPC33DOPG_mRNA,111,27,0111_R0027,0.035815609119189296,0.035815609119189296,456,456,3,3,0,0,0,152,154,617.6666666666666,114.33333333333333
66DOPC33DOPG_mRNA,111,28,0111_R0028,0.4417258458033347,0.4417258458033347,6814,6814,37,37,0,0,0,184.16216216216216,253,627.4594594594595,121.91891891891892
66DOPC33DOPG_mRNA,111,29,0111_R0029,0.7163121823837859,0.7163121823837859,9493,9493,60,60,0,0,0,158.21666666666667,173,615.8,128.83333333333334
66DOPC33DOPG_mRNA,111,30,0111_R0030,0.023877072746126198,0.023877072746126198,305,305,2,2,0,0,0,152.5,153,41,128.5
66DOPC33DOPG_mRNA,111,31,0111_R0031,2.8055560476698282,2.8055560476698282,53503,53503,235,235,0,0,0,227.67234042553193,547,688.1829787234043,138.75744680851065
66DOPC33DOPG_mRNA,111,32,0111_R0032,0.28652487295351436,0.28652487295351436,3873,3873,24,24,0,0,0,161.375,189,702.2083333333334,137.91666666666666
66DOPC33DOPG_mRNA,111,33,0111_R0033,0.3342790184457668,0.3342790184457668,4917,4917,28,28,0,0,0,175.60714285714286,222,48.75,159.14285714285714
66DOPC33DOPG_mRNA,111,34,0111_R0034,0.0835697546114417,0.0835697546114417,1084,1084,7,7,0,0,0,154.85714285714286,163,89.28571428571429,160
66DOPC33DOPG_mRNA,111,35,0111_R0035,4.405319921660284,4.405319921660284,66613,66613,369,369,0,0,0,180.5230352303523,258,57.05962059620596,188.82384823848238
66DOPC33DOPG_mRNA,111,36,0111_R0036,0.0596926818653155,0.0596926818653155,788,788,5,5,0,0,0,157.6,163,265,182
66DOPC33DOPG_mRNA,111,37,0111_R0037,0.2029551183420727,0.2029551183420727,2635,2635,17,17,0,0,0,155,162,97,186.64705882352942
66DOPC33DOPG_mRNA,111,38,0111_R0038,0.84763608248748,0.84763608248748,11363,11363,71,71,0,0,0,160.04225352112675,174,71.40845070422536,192.6056338028169
66DOPC33DOPG_mRNA,111,39,0111_R0039,0.1313239001036941,0.1313239001036941,1676,1676,11,11,0,0,0,152.36363636363637,158,93.27272727272727,192.27272727272728
66DOPC33DOPG_mRNA,111,40,0111_R0040,0.023877072746126198,0.023877072746126198,305,305,2,2,0,0,0,152.5,154,88.5,193
66DOPC33DOPG_mRNA,111,41,0111_R0041,0.25070926383432507,0.25070926383432507,3616.0000000000005,3616,21,21,0,0,0,172.1904761904762,206,224.61904761904762,196
66DOPC33DOPG_mRNA,111,42,0111_R0042,0.1313239001036941,0.1313239001036941,1704,1704,11,11,0,0,0,154.9090909090909,158,14.545454545454545,204.63636363636363
66DOPC33DOPG_mRNA,111,43,0111_R0043,0.9192673007258586,0.9192673007258586,12499,12499,77,77,0,0,0,162.32467532467533,184,63.532467532467535,208.75324675324674
66DOPC33DOPG_mRNA,111,44,0111_R0044,0.5730497459070287,0.5730497459070287,7626,7626,48,48,0,0,0,158.875,178,142.375,213.375
66DOPC33DOPG_mRNA,111,45,0111_R0045,0.8356975461144169,0.8356975461144169,11059,11059,70,70,0,0,0,157.9857142857143,173,171.3,223.24285714285713
66DOPC33DOPG_mRNA,111,46,0111_R0046,0.047754145492252396,0.047754145492252396,622,622,4,4,0,0,0,155.5,157,266.5,219.5
66DOPC33DOPG_mRNA,111,47,0111_R0047,0.023877072746126198,0.023877072746126198,307,307,2,2,0,0,0,153.5,155,289.5,227
66DOPC33DOPG_mRNA,111,48,0111_R0048,0.19101658196900959,0.19101658196900959,2647,2647,16,16,0,0,0,165.4375,194,311.5,229.5
66DOPC33DOPG_mRNA,111,49,0111_R0049,0.09550829098450479,0.09550829098450479,1268,1268,8,8,0,0,0,158.5,164,335.5,232
66DOPC33DOPG_mRNA,111,50,0111_R0050,0.3700946275649561,0.3700946275649561,5812,5812,31,31,0,0,0,187.48387096774192,266,303.7096774193548,234.5483870967742
66DOPC33DOPG_mRNA,111,51,0111_R0051,0.07163121823837859,0.07163121823837859,968,968,6,6,0,0,0,161.33333333333334,175,594.6666666666666,237.16666666666666
66DOPC33DOPG_mRNA,111,52,0111_R0052,0.10744682735756789,0.10744682735756789,1413,1413,9,9,0,0,0,157,170,279.6666666666667,239.88888888888889
66DOPC33DOPG_mRNA,111,53,0111_R0053,0.48947999129558706,0.48947999129558706,6739,6739,41,41,0,0,0,164.3658536585366,191,691.9268292682926,243.3658536585366
66DOPC33DOPG_mRNA,111,54,0111_R0054,1.5997638739904554,1.5997638739904554,21359,21359,134,134,0,0,0,159.3955223880597,181,71.44029850746269,248.53731343283582
66DOPC33DOPG_mRNA,111,55,0111_R0055,0.119385363730631,0.119385363730631,1561,1561,10,10,0,0,0,156.1,166,35.3,243.9
66DOPC33DOPG_mRNA,111,56,0111_R0056,0.42978730943027155,0.42978730943027155,5481,5481,36,36,0,0,0,152.25,159,84.30555555555556,247.66666666666666
66DOPC33DOPG_mRNA,111,57,0111_R0057,0.3104019456996406,0.3104019456996406,4505,4505,26,26,0,0,0,173.26923076923077,217,478,251.5
66DOPC33DOPG_mRNA,111,58,0111_R0058,0.119385363730631,0.119385363730631,1622,1622,10,10,0,0,0,162.2,173,260.2,252
66DOPC33DOPG_mRNA,111,59,0111_R0059,0.2745863365804513,0.2745863365804513,4028,4028,23,23,0,0,0,175.1304347826087,218,307,252.82608695652175
66DOPC33DOPG_mRNA,111,60,0111_R0060,0.035815609119189296,0.035815609119189296,467,467,3,3,0,0,0,155.66666666666666,160,312.3333333333333,260.6666666666667
66DOPC33DOPG_mRNA,111,61,0111_R0061,0.3342790184457668,0.3342790184457668,4991,4991,28,28,0,0,0,178.25,253,302.85714285714283,263.7857142857143
66DOPC33DOPG_mRNA,111,62,0111_R0062,0.0596926818653155,0.0596926818653155,784,784,5,5,0,0,0,156.8,166,310.2,265
66DOPC33DOPG_mRNA,111,63,0111_R0063,0.07163121823837859,0.07163121823837859,925,925,6,6,0,0,0,154.16666666666666,157,239.5,268
66DOPC33DOPG_mRNA,111,64,0111_R0064,0.19101658196900959,0.19101658196900959,2627,2627,16,16,0,0,0,164.1875,182,230.4375,271.25
66DOPC33DOPG_mRNA,111,65,0111_R0065,0.047754145492252396,0.047754145492252396,629,629,4,4,0,0,0,157.25,165,220.5,278.5
66DOPC33DOPG_mRNA,111,66,0111_R0066,0.119385363730631,0.119385363730631,1575,1575,10,10,0,0,0,157.5,168,299.8,283
66DOPC33DOPG_mRNA,111,67,0111_R0067,0.14326243647675718,0.14326243647675718,1946,1946,12,12,0,0,0,162.16666666666666,177,355.75,283.5833333333333
66DOPC33DOPG_mRNA,111,68,0111_R0068,0.035815609119189296,0.035815609119189296,460,460,3,3,0,0,0,153.33333333333334,154,452,284
66DOPC33DOPG_mRNA,111,69,0111_R0069,0.023877072746126198,0.023877072746126198,305,305,2,2,0,0,0,152.5,153,449,285.5
66DOPC33DOPG_mRNA,111,70,0111_R0070,0.10744682735756789,0.10744682735756789,1380,1380,9,9,0,0,0,153.33333333333334,159,418.44444444444446,293.6666666666667
66DOPC33DOPG_mRNA,111,71,0111_R0071,0.6446809641454073,0.6446809641454073,9176,9176,54,54,0,0,0,169.92592592592592,200,80.24074074074075,297.51851851851853
66DOPC33DOPG_mRNA,111,72,0111_R0072,0.0596926818653155,0.0596926818653155,760,760,5,5,0,0,0,152,158,517.8,294.4
66DOPC33DOPG_mRNA,111,73,0111_R0073,0.1552009728498203,0.1552009728498203,2099,2099,13,13,0,0,0,161.46153846153845,184,265.2307692307692,298.38461538461536
66DOPC33DOPG_mRNA,111,74,0111_R0074,6.208038913992811,6.184161841246685,86233,85943,520,518,2,0,1,165.91312741312743,257,300.4671814671815,312.07528957528956
66DOPC33DOPG_mRNA,111,75,0111_R0075,0.119385363730631,0.119385363730631,1541,1541,10,10,0,0,0,154.1,163,283.5,299.8
66DOPC33DOPG_mRNA,111,76,0111_R0076,0.047754145492252396,0.047754145492252396,606,606,4,4,0,0,0,151.5,156,298.75,301
66DOPC33DOPG_mRNA,111,77,0111_R0077,0.596926818653155,0.596926818653155,8333,8333,50,50,0,0,0,166.66,191,126.9,304.3
66DOPC33DOPG_mRNA,111,78,0111_R0078,1.5400711921251398,1.5281326557520767,20698,20554,129,128,1,0,1,160.578125,194,109.1171875,316.9375
66DOPC33DOPG_mRNA,111,79,0111_R0079,0.07163121823837859,0.07163121823837859,906,906,6,6,0,0,0,151,155,548,311.5
66DOPC33DOPG_mRNA,111,80,0111_R0080,27.828728285610083,27.74515853099864,439792.00000000006,438763,2331,2324,7,0,1,188.79647160068848,351,40.62005163511188,339.0735800344234
66DOPC33DOPG_mRNA,111,81,0111_R0081,2.4354614201048723,2.4354614201048723,32930,32930,204,204,0,0,0,161.42156862745097,185,328.51960784313724,328.27450980392155
66DOPC33DOPG_mRNA,111,82,0111_R0082,0.14326243647675718,0.14326243647675718,1881,1881,12,12,0,0,0,156.75,171,476.0833333333333,326
66DOPC33DOPG_mRNA,111,83,0111_R0083,0.7998819369952277,0.7998819369952277,16050,16050,67,67,0,0,0,239.55223880597015,605,689.0746268656717,330.8059701492537
66DOPC33DOPG_mRNA,111,84,0111_R0084,0.45366438217639776,0.45366438217639776,6835,6835,38,38,0,0,0,179.8684210526316,250,210.92105263157896,330.63157894736844
66DOPC33DOPG_mRNA,111,85,0111_R0085,0.10744682735756789,0.10744682735756789,1422,1422,9,9,0,0,0,158,166,197.66666666666666,329.8888888888889
66DOPC33DOPG_mRNA,111,86,0111_R0086,0.10744682735756789,0.10744682735756789,1389,1389,9,9,0,0,0,154.33333333333334,162,413.6666666666667,329.8888888888889
66DOPC33DOPG_mRNA,111,87,0111_R0087,0.023877072746126198,0.023877072746126198,308,308,2,2,0,0,0,154,154,402.5,334.5
66DOPC33DOPG_mRNA,111,88,0111_R0088,0.035815609119189296,0.035815609119189296,454,454,3,3,0,0,0,151.33333333333334,153,238.33333333333334,335.3333333333333
66DOPC33DOPG_mRNA,111,89,0111_R0089,0.07163121823837859,0.07163121823837859,908,908,6,6,0,0,0,151.33333333333334,152,316,335.8333333333333
66DOPC33DOPG_mRNA,111,90,0111_R0090,0.0835697546114417,0.0835697546114417,1096,1096,7,7,0,0,0,156.57142857142858,162,430,335.7142857142857
66DOPC33DOPG_mRNA,111,91,0111_R0091,0.119385363730631,0.119385363730631,1601,1601,10,10,0,0,0,160.1,169,391.5,340.2
66DOPC33DOPG_mRNA,111,92,0111_R0092,0.8715131552336063,0.8715131552336063,11696,11696,73,73,0,0,0,160.21917808219177,200,312.8767123287671,345.45205479452056
66DOPC33DOPG_mRNA,111,93,0111_R0093,0.023877072746126198,0.023877072746126198,305,305,2,2,0,0,0,152.5,153,81,345.5
66DOPC33DOPG_mRNA,111,94,0111_R0094,0.17907804559594648,0.17907804559594648,2350,2350,15,15,0,0,0,156.66666666666666,172,286.6,361.6
66DOPC33DOPG_mRNA,111,95,0111_R0095,0.8953902279797324,0.8953902279797324,13557,13557,75,75,0,0,0,180.76,304,326.6,365.50666666666666
66DOPC33DOPG_mRNA,111,96,0111_R0096,0.0835697546114417,0.0835697546114417,1083,1083,7,7,0,0,0,154.71428571428572,162,397,362.2857142857143
66DOPC33DOPG_mRNA,111,97,0111_R0097,0.46560291854946084,0.46560291854946084,6842,6842,39,39,0,0,0,175.43589743589743,235,45.8974358974359,364.64102564102564
66DOPC33DOPG_mRNA,111,98,0111_R0098,0.8356975461144169,0.8356975461144169,11182,11182,70,70,0,0,0,159.74285714285713,196,336.4714285714286,367.77142857142854
66DOPC33DOPG_mRNA,111,99,0111_R0099,0.45366438217639776,0.45366438217639776,6749,6749,38,38,0,0,0,177.60526315789474,238,348.7368421052632,369.2894736842105
66DOPC33DOPG_mRNA,111,100,0111_R0100,0.3700946275649561,0.3700946275649561,4947,4947,31,31,0,0,0,159.58064516129033,185,342.93548387096774,377.5483870967742
66DOPC33DOPG_mRNA,111,101,0111_R0101,0.5611112095339656,0.5611112095339656,8297,8297,47,47,0,0,0,176.53191489361703,241,197.89361702127658,380.5744680851064
66DOPC33DOPG_mRNA,111,102,0111_R0102,0.2029551183420727,0.2029551183420727,2588,2588,17,17,0,0,0,152.23529411764707,160,182.41176470588235,380.5882352941176
66DOPC33DOPG_mRNA,111,103,0111_R0103,0.21489365471513577,0.21489365471513577,2737,2737,18,18,0,0,0,152.05555555555554,159,423.27777777777777,382.55555555555554
66DOPC33DOPG_mRNA,111,104,0111_R0104,0.1552009728498203,0.1552009728498203,2114,2114,13,13,0,0,0,162.6153846153846,177,391.61538461538464,384.38461538461536
66DOPC33DOPG_mRNA,111,105,0111_R0105,1.6236409467365815,1.6236409467365815,24499,24499,136,136,0,0,0,180.13970588235293,306,340.0367647058824,393.99264705882354
66DOPC33DOPG_mRNA,111,106,0111_R0106,0.5611112095339656,0.5611112095339656,8780,8780,47,47,0,0,0,186.80851063829786,294,199.12765957446808,390.82978723404256
66DOPC33DOPG_mRNA,111,107,0111_R0107,0.09550829098450479,0.09550829098450479,1233,1233,8,8,0,0,0,154.125,160,252.125,387.875
66DOPC33DOPG_mRNA,111,108,0111_R0108,0.4417258458033347,0.4417258458033347,6653,6653,37,37,0,0,0,179.8108108108108,242,453.18918918918916,390.2432432432432
66DOPC33DOPG_mRNA,111,109,0111_R0109,0.5491726731609026,0.5491726731609026,7134,7134,46,46,0,0,0,155.08695652173913,167,179.6086956521739,393.5652173913044
66DOPC33DOPG_mRNA,111,110,0111_R0110,0.047754145492252396,0.047754145492252396,607,607,4,4,0,0,0,151.75,154,223,394.25
66DOPC33DOPG_mRNA,111,111,0111_R0111,0.023877072746126198,0.023877072746126198,304,304,2,2,0,0,0,152,152,183.5,399.5
66DOPC33DOPG_mRNA,111,112,0111_R0112,0.39397170031108225,0.39397170031108225,6037,6037,33,33,0,0,0,182.93939393939394,256,160.5151515151515,403.3939393939394
66DOPC33DOPG_mRNA,111,113,0111_R0113,0.84763608248748,0.84763608248748,11752,11752,71,71,0,0,0,165.5211267605634,207,255.43661971830986,405.07042253521126
66DOPC33DOPG_mRNA,111,114,0111_R0114,1.0147755917103634,1.0147755917103634,19336,19336,85,85,0,0,0,227.48235294117646,569,222.69411764705882,405.50588235294117
66DOPC33DOPG_mRNA,111,115,0111_R0115,0.023877072746126198,0.023877072746126198,306,306,2,2,0,0,0,153,153,184.5,403
66DOPC33DOPG_mRNA,111,116,0111_R0116,0.14326243647675718,0.14326243647675718,1853,1853,12,12,0,0,0,154.41666666666666,164,245.5,404.6666666666667
66DOPC33DOPG_mRNA,111,117,0111_R0117,0.6804965732645967,0.6804965732645967,9265,9265,57,57,0,0,0,162.5438596491228,184,348.7894736842105,408.3333333333333
66DOPC33DOPG_mRNA,111,118,0111_R0118,0.596926818653155,0.596926818653155,8134.999999999999,8135,50,50,0,0,0,162.7,191,189.12,413.4
66DOPC33DOPG_mRNA,111,119,0111_R0119,0.0596926818653155,0.0596926818653155,759,759,5,5,0,0,0,151.8,159,437.6,411.8
66DOPC33DOPG_mRNA,111,120,0111_R0120,0.46560291854946084,0.46560291854946084,6874,6874,39,39,0,0,0,176.25641025641025,249,219.89743589743588,418.28205128205127
66DOPC33DOPG_mRNA,111,121,0111_R0121,0.1671395092228834,0.1671395092228834,2286,2286,14,14,0,0,0,163.28571428571428,183,361.7857142857143,422.42857142857144
66DOPC33DOPG_mRNA,111,122,0111_R0122,0.3342790184457668,0.3342790184457668,4373,4373,28,28,0,0,0,156.17857142857142,169,184.5,424.60714285714283
66DOPC33DOPG_mRNA,111,123,0111_R0123,0.0835697546114417,0.0835697546114417,1072,1072,7,7,0,0,0,153.14285714285714,157,371,425.2857142857143
66DOPC33DOPG_mRNA,111,124,0111_R0124,0.14326243647675718,0.14326243647675718,1841,1841,12,12,0,0,0,153.41666666666666,156,445.0833333333333,429.9166666666667
66DOPC33DOPG_mRNA,111,125,0111_R0125,0.023877072746126198,0.023877072746126198,308,308,2,2,0,0,0,154,156,209.5,429
66DOPC33DOPG_mRNA,111,126,0111_R0126,0.6208038913992812,0.6208038913992812,7926.999999999999,7927,52,52,0,0,0,152.44230769230768,160,463.38461538461536,434.75
66DOPC33DOPG_mRNA,111,127,0111_R0127,0.0596926818653155,0.0596926818653155,769,769,5,5,0,0,0,153.8,158,285.4,434.2
66DOPC33DOPG_mRNA,111,128,0111_R0128,0.35815609119189296,0.35815609119189296,4936,4936,30,30,0,0,0,164.53333333333333,194,289.46666666666664,438.23333333333335
66DOPC33DOPG_mRNA,111,129,0111_R0129,3.5576838391728036,3.5576838391728036,50052,50052,298,298,0,0,0,167.95973154362417,218,329.56711409395973,448.80536912751677
66DOPC33DOPG_mRNA,111,130,0111_R0130,0.0835697546114417,0.0835697546114417,1059,1059,7,7,0,0,0,151.28571428571428,154,512.7142857142857,438
66DOPC33DOPG_mRNA,111,131,0111_R0131,1.444562901140635,1.444562901140635,23866,23866,121,121,0,0,0,197.2396694214876,507,187.11570247933884,443.1735537190083
66DOPC33DOPG_mRNA,111,132,0111_R0132,0.17907804559594648,0.17907804559594648,2373,2373,15,15,0,0,0,158.2,169,258.46666666666664,439.8666666666667
66DOPC33DOPG_mRNA,111,133,0111_R0133,0.2029551183420727,0.2029551183420727,2578,2578,17,17,0,0,0,151.64705882352942,163,517,441.29411764705884
66DOPC33DOPG_mRNA,111,134,0111_R0134,0.45366438217639776,0.45366438217639776,6604,6604,38,38,0,0,0,173.78947368421052,224,206.6315789473684,442.89473684210526
66DOPC33DOPG_mRNA,111,135,0111_R0135,0.4059102366841454,0.4059102366841454,5234,5234,34,34,0,0,0,153.94117647058823,162,475.02941176470586,446.61764705882354
66DOPC33DOPG_mRNA,111,136,0111_R0136,0.119385363730631,0.119385363730631,1534,1534,10,10,0,0,0,153.4,165,255,445.8
66DOPC33DOPG_mRNA,111,137,0111_R0137,0.3104019456996406,0.3104019456996406,4526,4526,26,26,0,0,0,174.07692307692307,225,426.6923076923077,447.2307692307692
66DOPC33DOPG_mRNA,111,138,0111_R0138,0.4059102366841454,0.4059102366841454,6209,6209,34,34,0,0,0,182.61764705882354,253,485.2647058823529,447.7647058823529
66DOPC33DOPG_mRNA,111,139,0111_R0139,0.3462175548188299,0.3342790184457668,4414,4266,29,28,1,0,1,152.35714285714286,164,414.32142857142856,449.85714285714283
66DOPC33DOPG_mRNA,111,140,0111_R0140,0.1552009728498203,0.1552009728498203,2023,2023,13,13,0,0,0,155.6153846153846,163,200.46153846153845,454.6923076923077
66DOPC33DOPG_mRNA,111,141,0111_R0141,0.6566195005184704,0.6566195005184704,9167,9167,55,55,0,0,0,166.6727272727273,191,357.8363636363636,466.8909090909091
66DOPC33DOPG_mRNA,111,142,0111_R0142,0.023877072746126198,0.023877072746126198,307,307,2,2,0,0,0,153.5,156,179.5,465
66DOPC33DOPG_mRNA,111,143,0111_R0143,0.6924351096376598,0.6924351096376598,8934,8934,58,58,0,0,0,154.0344827586207,164,195.55172413793105,470.67241379310343
66DOPC33DOPG_mRNA,111,144,0111_R0144,0.32234048207270366,0.32234048207270366,4534,4534,27,27,0,0,0,167.92592592592592,200,214.11111111111111,469.55555555555554
66DOPC33DOPG_mRNA,111,145,0111_R0145,0.035815609119189296,0.035815609119189296,457,457,3,3,0,0,0,152.33333333333334,153,247.33333333333334,467.3333333333333
66DOPC33DOPG_mRNA,111,146,0111_R0146,0.07163121823837859,0.07163121823837859,907,907,6,6,0,0,0,151.16666666666666,155,462.8333333333333,467.3333333333333
66DOPC33DOPG_mRNA,111,147,0111_R0147,0.39397170031108225,0.39397170031108225,5095,5095,33,33,0,0,0,154.3939393939394,163,475.1515151515151,468.969696969697
66DOPC33DOPG_mRNA,111,148,0111_R0148,0.09550829098450479,0.09550829098450479,1230,1230,8,8,0,0,0,153.75,162,326.875,469.875
66DOPC33DOPG_mRNA,111,149,0111_R0149,0.035815609119189296,0.035815609119189296,475,475,3,3,0,0,0,158.33333333333334,163,537.3333333333334,469.3333333333333
66DOPC33DOPG_mRNA,111,150,0111_R0150,7.031797923734166,7.031797923734166,104933.00000000001,104933,589,589,0,0,0,178.15449915110358,418,314.4244482173175,490.76740237691
66DOPC33DOPG_mRNA,111,151,0111_R0151,2.125059474405232,2.125059474405232,29961,29961,178,178,0,0,0,168.32022471910113,310,214.32022471910113,485.3876404494382
66DOPC33DOPG_mRNA,111,152,0111_R0152,0.0596926818653155,0.0596926818653155,765,765,5,5,0,0,0,153,156,204.2,482
66DOPC33DOPG_mRNA,111,153,0111_R0153,1.1460994918140575,1.1460994918140575,15843,15843,96,96,0,0,0,165.03125,195,245.75,494.3229166666667
66DOPC33DOPG_mRNA,111,154,0111_R0154,0.035815609119189296,0.035815609119189296,458,458,3,3,0,0,0,152.66666666666666,157,295.6666666666667,489.3333333333333
66DOPC33DOPG_mRNA,111,155,0111_R0155,0.6208038913992812,0.6208038913992812,7981,7981,52,52,0,0,0,153.48076923076923,161,263.25,499.4807692307692
66DOPC33DOPG_mRNA,111,156,0111_R0156,0.19101658196900959,0.19101658196900959,2544,2544,16,16,0,0,0,159,172,287.5,498
66DOPC33DOPG_mRNA,111,157,0111_R0157,0.46560291854946084,0.46560291854946084,6859,6859,39,39,0,0,0,175.87179487179486,257,196,501.43589743589746
66DOPC33DOPG_mRNA,111,158,0111_R0158,0.07163121823837859,0.07163121823837859,912,912,6,6,0,0,0,152,159,204,498.8333333333333
66DOPC33DOPG_mRNA,111,159,0111_R0159,0.09550829098450479,0.09550829098450479,1206,1206,8,8,0,0,0,150.75,154,283.5,505.125
66DOPC33DOPG_mRNA,111,160,0111_R0160,0.023877072746126198,0.023877072746126198,312,312,2,2,0,0,0,156,156,322.5,506
66DOPC33DOPG_mRNA,111,161,0111_R0161,0.1313239001036941,0.1313239001036941,1717,1717,11,11,0,0,0,156.0909090909091,162,236,508.3636363636364
66DOPC33DOPG_mRNA,111,162,0111_R0162,0.09550829098450479,0.09550829098450479,1219,1219,8,8,0,0,0,152.375,159,332.625,507.75
66DOPC33DOPG_mRNA,111,163,0111_R0163,0.3462175548188299,0.3462175548188299,4884,4884,29,29,0,0,0,168.41379310344828,212,205.13793103448276,512.5862068965517
66DOPC33DOPG_mRNA,111,164,0111_R0164,1.062529737202616,1.062529737202616,14607,14607,89,89,0,0,0,164.12359550561797,242,295.0449438202247,519.0898876404494
66DOPC33DOPG_mRNA,111,165,0111_R0165,1.8862887469439698,1.8862887469439698,26017.000000000004,26017,158,158,0,0,0,164.66455696202533,215,318.5822784810127,525.4303797468355
66DOPC33DOPG_mRNA,111,166,0111_R0166,0.5611112095339656,0.5611112095339656,8186,8186,47,47,0,0,0,174.17021276595744,237,191.0212765957447,525.0212765957447
66DOPC33DOPG_mRNA,111,167,0111_R0167,1.69527216497496,1.69527216497496,27422,27422,142,142,0,0,0,193.11267605633802,519,217.0281690140845,533.2816901408451
66DOPC33DOPG_mRNA,111,168,0111_R0168,0.41784877305720847,0.41784877305720847,5944,5944,35,35,0,0,0,169.82857142857142,223,331.0571428571429,532.4285714285714
66DOPC33DOPG_mRNA,111,169,0111_R0169,0.035815609119189296,0.035815609119189296,456,456,3,3,0,0,0,152,155,339.6666666666667,531.6666666666666
66DOPC33DOPG_mRNA,111,170,0111_R0170,1.0386526644564895,1.0386526644564895,14203,14203,87,87,0,0,0,163.2528735632184,193,294.91954022988506,538.3448275862069
66DOPC33DOPG_mRNA,111,171,0111_R0171,0.22683219108819888,0.22683219108819888,3127,3127,19,19,0,0,0,164.57894736842104,184,193.8421052631579,540.9473684210526
66DOPC33DOPG_mRNA,111,172,0111_R0172,0.42978730943027155,0.42978730943027155,5994,5994,36,36,0,0,0,166.5,193,286.44444444444446,546.8333333333334
66DOPC33DOPG_mRNA,111,173,0111_R0173,0.14326243647675718,0.14326243647675718,1946,1946,12,12,0,0,0,162.16666666666666,178,64.5,547.5
66DOPC33DOPG_mRNA,111,174,0111_R0174,0.035815609119189296,0.035815609119189296,467,467,3,3,0,0,0,155.66666666666666,159,112.66666666666667,559.3333333333334
66DOPC33DOPG_mRNA,111,175,0111_R0175,0.07163121823837859,0.07163121823837859,920,920,6,6,0,0,0,153.33333333333334,159,275.8333333333333,569.8333333333334
66DOPC33DOPG_mRNA,111,176,0111_R0176,0.19101658196900959,0.19101658196900959,2676,2676,16,16,0,0,0,167.25,187,152.25,584.375
66DOPC33DOPG_mRNA,111,177,0111_R0177,0.41784877305720847,0.41784877305720847,6069,6069,35,35,0,0,0,173.4,226,247.57142857142858,599.2285714285714
66DOPC33DOPG_mRNA,111,178,0111_R0178,0.7043736460107228,0.6804965732645967,10121,9829,59,57,2,0,1,172.43859649122808,258,228.73684210526315,603.3508771929825
66DOPC33DOPG_mRNA,111,179,0111_R0179,0.119385363730631,0.119385363730631,1604,1604,10,10,0,0,0,160.4,169,293.5,602.8
66DOPC33DOPG_mRNA,111,180,0111_R0180,0.1552009728498203,0.1552009728498203,2077,2077,13,13,0,0,0,159.76923076923077,180,292.38461538461536,608.6153846153846
66DOPC33DOPG_mRNA,111,181,0111_R0181,0.023877072746126198,0.023877072746126198,311,311,2,2,0,0,0,155.5,156,59,610.5
66DOPC33DOPG_mRNA,111,182,0111_R0182,0.2984634093265775,0.2984634093265775,4315,4315,25,25,0,0,0,172.6,218,250.96,614.6
66DOPC33DOPG_mRNA,111,183,0111_R0183,9.264304225496964,9.264304225496964,164881,164881,776,776,0,0,0,212.47551546391753,504,692.215206185567,642.3311855670103
66DOPC33DOPG_mRNA,111,184,0111_R0184,0.119385363730631,0.119385363730631,1530,1530,10,10,0,0,0,153,158,691.8,665
66DOPC33DOPG_mRNA,111,185,0111_R0185,0.0835697546114417,0.0835697546114417,1063,1063,7,7,0,0,0,151.85714285714286,155,670,687.2857142857143
66DOPC33DOPG_mRNA,111,186,0111_R0186,0.035815609119189296,0.035815609119189296,454,454,3,3,0,0,0,151.33333333333334,154,667,693
66DOPC33DOPG_mRNA,112,1,0112_R0001,0.0835697546114417,0.0835697546114417,1057,1057,7,7,0,0,0,151,154,506.57142857142856,67.71428571428571
66DOPC33DOPG_mRNA,112,2,0112_R0002,0.5730497459070287,0.5730497459070287,9544,9544,48,48,0,0,0,198.83333333333334,334,266.3125,75.41666666666667
66DOPC33DOPG_mRNA,112,3,0112_R0003,0.42978730943027155,0.42978730943027155,5745,5745,36,36,0,0,0,159.58333333333334,177,292.19444444444446,89.55555555555556
66DOPC33DOPG_mRNA,112,4,0112_R0004,0.047754145492252396,0.047754145492252396,606,606,4,4,0,0,0,151.5,154,315.5,100.5
66DOPC33DOPG_mRNA,112,5,0112_R0005,0.477541454922524,0.477541454922524,7444,7444,40,40,0,0,0,186.1,277,221.1,120.625
66DOPC33DOPG_mRNA,112,6,0112_R0006,2.6384165384469447,2.6384165384469447,58273,58273,221,221,0,0,0,263.6787330316742,688,258.49321266968326,126.90497737556561
66DOPC33DOPG_mRNA,112,7,0112_R0007,0.5730497459070287,0.5730497459070287,7479,7479,48,48,0,0,0,155.8125,167,133.14583333333334,135.58333333333334
66DOPC33DOPG_mRNA,112,8,0112_R0008,0.7998819369952277,0.7998819369952277,12605,12605,67,67,0,0,0,188.13432835820896,283,137.46268656716418,149.71641791044777
66DOPC33DOPG_mRNA,112,9,0112_R0009,0.035815609119189296,0.035815609119189296,454,454,3,3,0,0,0,151.33333333333334,156,322.6666666666667,169.33333333333334
66DOPC33DOPG_mRNA,112,10,0112_R0010,0.09550829098450479,0.09550829098450479,1203,1203,8,8,0,0,0,150.375,155,320.125,174.125
66DOPC33DOPG_mRNA,112,11,0112_R0011,0.023877072746126198,0.023877072746126198,303,303,2,2,0,0,0,151.5,152,325.5,181
66DOPC33DOPG_mRNA,112,12,0112_R0012,0.07163121823837859,0.07163121823837859,913,913,6,6,0,0,0,152.16666666666666,158,319,182.5
66DOPC33DOPG_mRNA,112,13,0112_R0013,2.065366792539916,2.065366792539916,28842,28842,173,173,0,0,0,166.71676300578034,215,44.138728323699425,215.82080924855492
66DOPC33DOPG_mRNA,112,14,0112_R0014,0.6804965732645967,0.6804965732645967,10394,10394,57,57,0,0,0,182.35087719298247,263,130.6315789473684,226.28070175438597
66DOPC33DOPG_mRNA,112,15,0112_R0015,0.39397170031108225,0.39397170031108225,5057,5057,33,33,0,0,0,153.24242424242425,163,160.3030303030303,227.36363636363637
66DOPC33DOPG_mRNA,112,16,0112_R0016,0.047754145492252396,0.047754145492252396,606,606,4,4,0,0,0,151.5,154,492.5,227.5
66DOPC33DOPG_mRNA,112,17,0112_R0017,0.38203316393801917,0.3700946275649561,4819,4674,32,31,1,0,1,150.7741935483871,160,669.7096774193549,244.06451612903226
66DOPC33DOPG_mRNA,112,18,0112_R0018,0.477541454922524,0.45366438217639776,6036,5748,40,38,2,0,1,151.26315789473685,159,546.578947368421,272.8421052631579
66DOPC33DOPG_mRNA,112,19,0112_R0019,0.7521277915029753,0.7521277915029753,14886,14886,63,63,0,0,0,236.28571428571428,547,687.5873015873016,274.1111111111111
66DOPC33DOPG_mRNA,112,20,0112_R0020,0.0596926818653155,0.0596926818653155,760,760,5,5,0,0,0,152,155,488.6,277
66DOPC33DOPG_mRNA,112,21,0112_R0021,0.0596926818653155,0.0596926818653155,791,791,5,5,0,0,0,158.2,163,622.2,282.6
66DOPC33DOPG_mRNA,112,22,0112_R0022,0.023877072746126198,0.023877072746126198,304,304,2,2,0,0,0,152,152,488.5,283
66DOPC33DOPG_mRNA,112,23,0112_R0023,0.14326243647675718,0.14326243647675718,1895,1895,12,12,0,0,0,157.91666666666666,171,501.5,284.5
66DOPC33DOPG_mRNA,112,24,0112_R0024,0.035815609119189296,0.035815609119189296,452,452,3,3,0,0,0,150.66666666666666,152,484.6666666666667,284.6666666666667
66DOPC33DOPG_mRNA,112,25,0112_R0025,0.5133570640417132,0.5133570640417132,7416,7416,43,43,0,0,0,172.46511627906978,221,245.25581395348837,312.7674418604651
66DOPC33DOPG_mRNA,112,26,0112_R0026,0.22683219108819888,0.22683219108819888,3143,3143,19,19,0,0,0,165.42105263157896,190,491.57894736842104,311.10526315789474
66DOPC33DOPG_mRNA,112,27,0112_R0027,0.035815609119189296,0.035815609119189296,464,464,3,3,0,0,0,154.66666666666666,158,259.3333333333333,310.6666666666667
66DOPC33DOPG_mRNA,112,28,0112_R0028,0.0835697546114417,0.0835697546114417,1088,1088,7,7,0,0,0,155.42857142857142,163,10.714285714285714,311.57142857142856
66DOPC33DOPG_mRNA,112,29,0112_R0029,2.328014592747304,2.328014592747304,36322,36322,195,195,0,0,0,186.26666666666668,248,235.5897435897436,326.12820512820514
66DOPC33DOPG_mRNA,112,30,0112_R0030,0.1671395092228834,0.1671395092228834,2276,2276,14,14,0,0,0,162.57142857142858,189,7.285714285714286,324.5
66DOPC33DOPG_mRNA,112,31,0112_R0031,0.023877072746126198,0.023877072746126198,305,305,2,2,0,0,0,152.5,153,265,324.5
66DOPC33DOPG_mRNA,112,32,0112_R0032,16.522934340319328,16.475180194827075,277583,277003,1384,1380,4,0,1,200.7268115942029,565,126.98695652173913,360.8898550724638
66DOPC33DOPG_mRNA,112,33,0112_R0033,0.023877072746126198,0.023877072746126198,310,310,2,2,0,0,0,155,155,20,342.5
66DOPC33DOPG_mRNA,112,34,0112_R0034,0.39397170031108225,0.39397170031108225,5161,5161,33,33,0,0,0,156.3939393939394,179,245.4848484848485,346.93939393939394
66DOPC33DOPG_mRNA,112,35,0112_R0035,0.1552009728498203,0.1552009728498203,2140,2140,13,13,0,0,0,164.6153846153846,182,598.3846153846154,357.61538461538464
66DOPC33DOPG_mRNA,112,36,0112_R0036,0.10744682735756789,0.10744682735756789,1395,1395,9,9,0,0,0,155,163,229,358
66DOPC33DOPG_mRNA,112,37,0112_R0037,4.118795048706769,4.118795048706769,68887,68887,345,345,0,0,0,199.67246376811593,278,620.8898550724638,368.67826086956524
66DOPC33DOPG_mRNA,112,38,0112_R0038,0.07163121823837859,0.07163121823837859,923,923,6,6,0,0,0,153.83333333333334,159,634.5,373.5
66DOPC33DOPG_mRNA,112,39,0112_R0039,6.064776477516054,6.064776477516054,87496,87496,508,508,0,0,0,172.23622047244095,307,360.253937007874,413.23622047244095
66DOPC33DOPG_mRNA,112,40,0112_R0040,0.1671395092228834,0.1671395092228834,2246,2246,14,14,0,0,0,160.42857142857142,172,40,408.5
66DOPC33DOPG_mRNA,112,41,0112_R0041,0.14326243647675718,0.14326243647675718,1854,1854,12,12,0,0,0,154.5,160,71.75,415.5833333333333
66DOPC33DOPG_mRNA,112,42,0112_R0042,0.5252956004147764,0.5252956004147764,6642.000000000001,6642,44,44,0,0,0,150.95454545454547,157,385.25,419.6136363636364
66DOPC33DOPG_mRNA,112,43,0112_R0043,0.0835697546114417,0.0835697546114417,1083,1083,7,7,0,0,0,154.71428571428572,159,446,419.2857142857143
66DOPC33DOPG_mRNA,112,44,0112_R0044,0.119385363730631,0.119385363730631,1513,1513,10,10,0,0,0,151.3,157,67.9,422.2
66DOPC33DOPG_mRNA,112,45,0112_R0045,0.023877072746126198,0.023877072746126198,303,303,2,2,0,0,0,151.5,152,388,423.5
66DOPC33DOPG_mRNA,112,46,0112_R0046,0.14326243647675718,0.14326243647675718,1884,1884,12,12,0,0,0,157,167,25.5,430.5
66DOPC33DOPG_mRNA,112,47,0112_R0047,0.023877072746126198,0.023877072746126198,308,308,2,2,0,0,0,154,155,98.5,430
66DOPC33DOPG_mRNA,112,48,0112_R0048,0.047754145492252396,0.047754145492252396,617,617,4,4,0,0,0,154.25,157,298.5,439.5
66DOPC33DOPG_mRNA,112,49,0112_R0049,0.035815609119189296,0.035815609119189296,450,450,3,3,0,0,0,150,151,405,447
66DOPC33DOPG_mRNA,112,50,0112_R0050,0.047754145492252396,0.047754145492252396,617,617,4,4,0,0,0,154.25,159,68,450.5
66DOPC33DOPG_mRNA,112,51,0112_R0051,0.6804965732645967,0.6685580368915336,8547,8402,57,56,1,0,1,150.03571428571428,159,413.6607142857143,459.9642857142857
66DOPC33DOPG_mRNA,112,52,0112_R0052,0.21489365471513577,0.21489365471513577,2707,2707,18,18,0,0,0,150.38888888888889,156,422.3888888888889,457.6111111111111
66DOPC33DOPG_mRNA,112,53,0112_R0053,0.728250718756849,0.728250718756849,9222,9222,61,61,0,0,0,151.18032786885246,162,475.40983606557376,460.672131147541
66DOPC33DOPG_mRNA,112,54,0112_R0054,0.9431443734719849,0.9431443734719849,11996,11996,79,79,0,0,0,151.84810126582278,163,447.9367088607595,465.82278481012656
66DOPC33DOPG_mRNA,112,55,0112_R0055,0.1552009728498203,0.1552009728498203,2036,2036,13,13,0,0,0,156.6153846153846,169,503.15384615384613,465.46153846153845
66DOPC33DOPG_mRNA,112,56,0112_R0056,0.14326243647675718,0.14326243647675718,1929,1929,12,12,0,0,0,160.75,180,541.5,468
66DOPC33DOPG_mRNA,112,57,0112_R0057,0.1313239001036941,0.1313239001036941,1639,1639,11,11,0,0,0,149,152,396.8181818181818,471.3636363636364
66DOPC33DOPG_mRNA,112,58,0112_R0058,0.5014185276686501,0.5014185276686501,8138,8138,42,42,0,0,0,193.76190476190476,312,40.142857142857146,476.3095238095238
66DOPC33DOPG_mRNA,112,59,0112_R0059,0.0596926818653155,0.0596926818653155,749,749,5,5,0,0,0,149.8,153,393.4,474.2
66DOPC33DOPG_mRNA,112,60,0112_R0060,1.3490546101561303,1.3490546101561303,17780,17780,113,113,0,0,0,157.34513274336283,183,383.9734513274336,478.8495575221239
66DOPC33DOPG_mRNA,112,61,0112_R0061,0.9073287643527955,0.9073287643527955,12282,12282,76,76,0,0,0,161.60526315789474,192,461.5921052631579,479.64473684210526
66DOPC33DOPG_mRNA,112,62,0112_R0062,0.14326243647675718,0.14326243647675718,1897,1897,12,12,0,0,0,158.08333333333334,165,38,487.5
66DOPC33DOPG_mRNA,112,63,0112_R0063,0.07163121823837859,0.07163121823837859,917,917,6,6,0,0,0,152.83333333333334,157,441.5,520
66DOPC33DOPG_mRNA,112,64,0112_R0064,0.21489365471513577,0.21489365471513577,2968,2968,18,18,0,0,0,164.88888888888889,194,346.8888888888889,523.7222222222222
66DOPC33DOPG_mRNA,112,65,0112_R0065,0.0596926818653155,0.0596926818653155,763,763,5,5,0,0,0,152.6,157,251.2,558.4
66DOPC33DOPG_mRNA,112,66,0112_R0066,0.10744682735756789,0.10744682735756789,1374,1374,9,9,0,0,0,152.66666666666666,158,421.55555555555554,591.6666666666666
66DOPC33DOPG_mRNA,112,67,0112_R0067,0.5849882822800918,0.5849882822800918,8404,8404,49,49,0,0,0,171.51020408163265,233,426.6734693877551,597.5918367346939
66DOPC33DOPG_mRNA,112,68,0112_R0068,2.292198983628115,2.292198983628115,35867,35867,192,192,0,0,0,186.80729166666666,365,437.1197916666667,605.3958333333334
66DOPC33DOPG_mRNA,112,69,0112_R0069,1.1580380281871205,1.1580380281871205,17050,17050,97,97,0,0,0,175.77319587628867,282,447.9587628865979,618.5670103092783
66DOPC33DOPG_mRNA,112,70,0112_R0070,0.35815609119189296,0.35815609119189296,4594,4594,30,30,0,0,0,153.13333333333333,158,561.1,613.2
66DOPC33DOPG_mRNA,112,71,0112_R0071,0.023877072746126198,0.023877072746126198,302,302,2,2,0,0,0,151,154,622,612.5
66DOPC33DOPG_mRNA,112,72,0112_R0072,4.5366438217639775,4.512766749017851,73524,73233,380,378,2,0,1,193.73809523809524,428,589.2566137566138,630.4312169312169
66DOPC33DOPG_mRNA,112,73,0112_R0073,0.6566195005184704,0.6566195005184704,8451,8451,55,55,0,0,0,153.65454545454546,168,563.0909090909091,627.8
66DOPC33DOPG_mRNA,112,74,0112_R0074,0.047754145492252396,0.047754145492252396,608,608,4,4,0,0,0,152,154,553.5,628.5
66DOPC33DOPG_mRNA,112,75,0112_R0075,0.035815609119189296,0.035815609119189296,448,448,3,3,0,0,0,149.33333333333334,150,549.6666666666666,630.6666666666666
66DOPC33DOPG_mRNA,112,76,0112_R0076,0.07163121823837859,0.07163121823837859,905,905,6,6,0,0,0,150.83333333333334,153,552.1666666666666,632.1666666666666
66DOPC33DOPG_mRNA,112,77,0112_R0077,0.0835697546114417,0.0835697546114417,1051,1051,7,7,0,0,0,150.14285714285714,152,550.1428571428571,635.7142857142857
66DOPC33DOPG_mRNA,112,78,0112_R0078,0.25070926383432507,0.25070926383432507,3412,3412,21,21,0,0,0,162.47619047619048,191,501,646
66DOPC33DOPG_mRNA,112,79,0112_R0079,0.07163121823837859,0.07163121823837859,903,903,6,6,0,0,0,150.5,154,596,648.1666666666666
66DOPC33DOPG_mRNA,112,80,0112_R0080,0.19101658196900959,0.19101658196900959,2583,2583,16,16,0,0,0,161.4375,184,532.5,658
66DOPC33DOPG_mRNA,112,81,0112_R0081,0.2984634093265775,0.2984634093265775,3804.9999999999995,3805,25,25,0,0,0,152.2,161,583,664.2
66DOPC33DOPG_mRNA,112,82,0112_R0082,0.07163121823837859,0.07163121823837859,929,929,6,6,0,0,0,154.83333333333334,159,604.8333333333334,667.1666666666666
66DOPC33DOPG_mRNA,112,83,0112_R0083,0.14326243647675718,0.14326243647675718,1812,1812,12,12,0,0,0,151,154,487.8333333333333,670.8333333333334
66DOPC33DOPG_mRNA,112,84,0112_R0084,0.3342790184457668,0.3342790184457668,4263,4263,28,28,0,0,0,152.25,161,585.6428571428571,675.2142857142857
66DOPC33DOPG_mRNA,112,85,0112_R0085,0.023877072746126198,0.023877072746126198,300,300,2,2,0,0,0,150,150,548,673.5
66DOPC33DOPG_mRNA,112,86,0112_R0086,0.5611112095339656,0.5611112095339656,7608.999999999999,7609,47,47,0,0,0,161.89361702127658,189,639.468085106383,684.5106382978723
66DOPC33DOPG_mRNA,112,87,0112_R0087,0.25070926383432507,0.25070926383432507,3182,3182,21,21,0,0,0,151.52380952380952,158,505.14285714285717,683.7142857142857
66DOPC33DOPG_mRNA,112,88,0112_R0088,0.7043736460107228,0.7043736460107228,9151,9151,59,59,0,0,0,155.10169491525423,176,486.20338983050846,690.8644067796611
66DOPC33DOPG_mRNA,112,89,0112_R0089,0.0596926818653155,0.0596926818653155,750,750,5,5,0,0,0,150,152,500,687.6
66DOPC33DOPG_mRNA,112,90,0112_R0090,0.5372341367878395,0.5372341367878395,8341,8341,45,45,0,0,0,185.35555555555555,282,252.55555555555554,691.6
66DOPC33DOPG_mRNA,112,91,0112_R0091,0.119385363730631,0.119385363730631,1533,1533,10,10,0,0,0,153.3,159,520.5,691
66DOPC33DOPG_mRNA,112,92,0112_R0092,0.21489365471513577,0.21489365471513577,2836,2836,18,18,0,0,0,157.55555555555554,171,502.1111111111111,695.9444444444445
66DOPC33DOPG_mRNA,112,93,0112_R0093,0.035815609119189296,0.035815609119189296,454,454,3,3,0,0,0,151.33333333333334,152,487.3333333333333,695.6666666666666
66DOPC33DOPG_mRNA,113,1,0113_R0001,0.28652487295351436,0.28652487295351436,4319,4319,24,24,0,0,0,179.95833333333334,217,178,2.2916666666666665
66DOPC33DOPG_mRNA,113,2,0113_R0002,0.3104019456996406,0.3104019456996406,4889,4889,26,26,0,0,0,188.03846153846155,249,184.46153846153845,3.3461538461538463
66DOPC33DOPG_mRNA,113,3,0113_R0003,0.19101658196900959,0.19101658196900959,2832,2832,16,16,0,0,0,177,207,7.3125,53.875
66DOPC33DOPG_mRNA,113,4,0113_R0004,0.2626478002073882,0.2626478002073882,3494,3494,22,22,0,0,0,158.8181818181818,166,75.5,138.45454545454547
66DOPC33DOPG_mRNA,113,5,0113_R0005,0.023877072746126198,0.023877072746126198,321,321,2,2,0,0,0,160.5,162,78.5,149
66DOPC33DOPG_mRNA,113,6,0113_R0006,0.1671395092228834,0.1671395092228834,2226,2226,14,14,0,0,0,159,166,82.64285714285714,151.42857142857142
66DOPC33DOPG_mRNA,113,7,0113_R0007,0.5014185276686501,0.5014185276686501,7352,7352,42,42,0,0,0,175.04761904761904,208,345.9047619047619,231
66DOPC33DOPG_mRNA,113,8,0113_R0008,0.41784877305720847,0.41784877305720847,5800,5800,35,35,0,0,0,165.71428571428572,185,363.0571428571429,270.0285714285714
66DOPC33DOPG_mRNA,113,9,0113_R0009,0.39397170031108225,0.39397170031108225,6326,6326,33,33,0,0,0,191.6969696969697,279,252,299.75757575757575
66DOPC33DOPG_mRNA,113,10,0113_R0010,0.2984634093265775,0.2984634093265775,4361,4361,25,25,0,0,0,174.44,212,303.04,331.6
66DOPC33DOPG_mRNA,113,11,0113_R0011,0.10744682735756789,0.10744682735756789,1562,1562,9,9,0,0,0,173.55555555555554,190,371,332
66DOPC33DOPG_mRNA,113,12,0113_R0012,2.1966906926436103,2.1966906926436103,30945.000000000004,30945,184,184,0,0,0,168.17934782608697,194,275.9945652173913,340.45108695652175
66DOPC33DOPG_mRNA,113,13,0113_R0013,1.3729316829022564,1.3729316829022564,23758,23758,115,115,0,0,0,206.59130434782608,344,321.68695652173915,340.3478260869565
66DOPC33DOPG_mRNA,113,14,0113_R0014,0.14326243647675718,0.14326243647675718,1929,1929,12,12,0,0,0,160.75,167,581.25,337.5
66DOPC33DOPG_mRNA,113,15,0113_R0015,0.3462175548188299,0.3462175548188299,5918,5918,29,29,0,0,0,204.06896551724137,305,46.275862068965516,339.58620689655174
66DOPC33DOPG_mRNA,113,16,0113_R0016,0.6208038913992812,0.6208038913992812,8624,8624,52,52,0,0,0,165.84615384615384,182,343.38461538461536,342.7692307692308
66DOPC33DOPG_mRNA,113,17,0113_R0017,0.07163121823837859,0.07163121823837859,965,965,6,6,0,0,0,160.83333333333334,166,306.8333333333333,361
66DOPC33DOPG_mRNA,113,18,0113_R0018,0.39397170031108225,0.39397170031108225,5938,5938,33,33,0,0,0,179.93939393939394,223,591.6666666666666,362.75757575757575
66DOPC33DOPG_mRNA,113,19,0113_R0019,0.477541454922524,0.477541454922524,6697,6697,40,40,0,0,0,167.425,184,443.95,366.075
66DOPC33DOPG_mRNA,113,20,0113_R0020,2.2444448381358626,2.2325063017627995,31827,31674,188,187,1,0,1,169.37967914438502,218,2.8609625668449197,383.7914438502674
66DOPC33DOPG_mRNA,113,21,0113_R0021,2.519031174716314,2.507092638343251,53180,53026,211,210,1,0,1,252.5047619047619,723,434.07142857142856,378.6
66DOPC33DOPG_mRNA,113,22,0113_R0022,0.25070926383432507,0.25070926383432507,3635,3635,21,21,0,0,0,173.0952380952381,204,195.9047619047619,378.57142857142856
66DOPC33DOPG_mRNA,113,23,0113_R0023,0.42978730943027155,0.42978730943027155,7337,7337,36,36,0,0,0,203.80555555555554,321,175.58333333333334,384.52777777777777
66DOPC33DOPG_mRNA,113,24,0113_R0024,0.1552009728498203,0.1552009728498203,2169,2169,13,13,0,0,0,166.84615384615384,193,245.92307692307693,387.6923076923077
66DOPC33DOPG_mRNA,113,25,0113_R0025,1.1460994918140575,1.1460994918140575,19668,19668,96,96,0,0,0,204.875,315,402.03125,394.8333333333333
66DOPC33DOPG_mRNA,113,26,0113_R0026,1.575886801244329,1.575886801244329,29700,29700,132,132,0,0,0,225,373,363.79545454545456,405.3712121212121
66DOPC33DOPG_mRNA,113,27,0113_R0027,0.5730497459070287,0.5730497459070287,10120,10120,48,48,0,0,0,210.83333333333334,380,126.27083333333333,408.1875
66DOPC33DOPG_mRNA,113,28,0113_R0028,83.74883265703764,83.09221315651916,1359754,1351351,7015,6960,55,0,1,194.15962643678162,456,213.72255747126437,479.81206896551726
66DOPC33DOPG_mRNA,113,29,0113_R0029,0.9192673007258586,0.9192673007258586,12736,12736,77,77,0,0,0,165.4025974025974,183,82.46753246753246,412.53246753246754
66DOPC33DOPG_mRNA,113,30,0113_R0030,0.7043736460107228,0.7043736460107228,9390,9390,59,59,0,0,0,159.15254237288136,169,65.50847457627118,413.135593220339
66DOPC33DOPG_mRNA,113,31,0113_R0031,0.4059102366841454,0.4059102366841454,6071,6071,34,34,0,0,0,178.55882352941177,230,204.5,412.29411764705884
66DOPC33DOPG_mRNA,113,32,0113_R0032,0.1552009728498203,0.1552009728498203,2072,2072,13,13,0,0,0,159.3846153846154,164,214.76923076923077,415.15384615384613
66DOPC33DOPG_mRNA,113,33,0113_R0033,12.332508073374182,12.332508073374182,211699,211699,1033,1033,0,0,0,204.93610842207164,291,295.6969990319458,431.4482090997096
66DOPC33DOPG_mRNA,113,34,0113_R0034,0.19101658196900959,0.19101658196900959,2922,2922,16,16,0,0,0,182.625,223,624.5,416.5
66DOPC33DOPG_mRNA,113,35,0113_R0035,1.3490546101561303,1.3490546101561303,22462,22462,113,113,0,0,0,198.7787610619469,422,541.6637168141593,426.646017699115
66DOPC33DOPG_mRNA,113,36,0113_R0036,0.2745863365804513,0.2745863365804513,3775,3775,23,23,0,0,0,164.1304347826087,179,101.08695652173913,423.60869565217394
66DOPC33DOPG_mRNA,113,37,0113_R0037,0.7521277915029753,0.7521277915029753,11050,11050,63,63,0,0,0,175.3968253968254,208,474.44444444444446,425.4761904761905
66DOPC33DOPG_mRNA,113,38,0113_R0038,0.19101658196900959,0.19101658196900959,2617,2617,16,16,0,0,0,163.5625,175,494.625,424.75
66DOPC33DOPG_mRNA,113,39,0113_R0039,0.5730497459070287,0.5730497459070287,8777,8777,48,48,0,0,0,182.85416666666666,271,417.1458333333333,428.3958333333333
66DOPC33DOPG_mRNA,113,40,0113_R0040,0.3104019456996406,0.3104019456996406,4248,4248,26,26,0,0,0,163.3846153846154,172,425.88461538461536,429.96153846153845
66DOPC33DOPG_mRNA,113,41,0113_R0041,0.3342790184457668,0.3342790184457668,4496,4496,28,28,0,0,0,160.57142857142858,174,435,430.60714285714283
66DOPC33DOPG_mRNA,113,42,0113_R0042,1.0505912008295528,1.0505912008295528,18114,18114,88,88,0,0,0,205.8409090909091,316,503.57954545454544,437.1818181818182
66DOPC33DOPG_mRNA,113,43,0113_R0043,0.5849882822800918,0.5849882822800918,8218,8218,49,49,0,0,0,167.71428571428572,182,69.81632653061224,438.81632653061223
66DOPC33DOPG_mRNA,113,44,0113_R0044,1.8982272833170328,1.8982272833170328,31803,31803,159,159,0,0,0,200.0188679245283,363,528.9056603773585,443.0314465408805
66DOPC33DOPG_mRNA,113,45,0113_R0045,0.0596926818653155,0.0596926818653155,800,800,5,5,0,0,0,160,165,601.6,439.2
66DOPC33DOPG_mRNA,113,46,0113_R0046,1.0028370553373003,1.0028370553373003,18974,18974,84,84,0,0,0,225.88095238095238,404,401.64285714285717,443.4404761904762
66DOPC33DOPG_mRNA,113,47,0113_R0047,0.047754145492252396,0.047754145492252396,655,655,4,4,0,0,0,163.75,168,444.75,439.25
66DOPC33DOPG_mRNA,113,48,0113_R0048,0.047754145492252396,0.047754145492252396,631,631,4,4,0,0,0,157.75,159,247,441.5
66DOPC33DOPG_mRNA,113,49,0113_R0049,1.6236409467365815,1.6236409467365815,38368,38368,136,136,0,0,0,282.11764705882354,779,425.2132352941176,449.52941176470586
66DOPC33DOPG_mRNA,113,50,0113_R0050,0.023877072746126198,0.023877072746126198,319,319,2,2,0,0,0,159.5,161,250,445.5
66DOPC33DOPG_mRNA,113,51,0113_R0051,0.3104019456996406,0.3104019456996406,4674,4674,26,26,0,0,0,179.76923076923077,224,357.6923076923077,447.34615384615387
66DOPC33DOPG_mRNA,113,52,0113_R0052,0.8834516916066694,0.8834516916066694,12136,12136,74,74,0,0,0,164,182,284.05405405405406,452.2567567567568
66DOPC33DOPG_mRNA,113,53,0113_R0053,1.3848702192753195,1.3848702192753195,26740,26740,116,116,0,0,0,230.51724137931035,440,567.7068965517242,453.94827586206895
66DOPC33DOPG_mRNA,113,54,0113_R0054,0.4059102366841454,0.4059102366841454,5810,5810,34,34,0,0,0,170.88235294117646,198,407.44117647058823,451.52941176470586
66DOPC33DOPG_mRNA,113,55,0113_R0055,0.023877072746126198,0.023877072746126198,319,319,2,2,0,0,0,159.5,161,247.5,450.5
66DOPC33DOPG_mRNA,113,56,0113_R0056,1.5520097284982028,1.5520097284982028,26256,26256,130,130,0,0,0,201.96923076923076,367,549.2076923076924,459.7307692307692
66DOPC33DOPG_mRNA,113,57,0113_R0057,0.14326243647675718,0.14326243647675718,1973,1973,12,12,0,0,0,164.41666666666666,175,387.0833333333333,453.3333333333333
66DOPC33DOPG_mRNA,113,58,0113_R0058,0.0835697546114417,0.0835697546114417,1139,1139,7,7,0,0,0,162.71428571428572,169,541,453.2857142857143
66DOPC33DOPG_mRNA,113,59,0113_R0059,0.047754145492252396,0.047754145492252396,635,635,4,4,0,0,0,158.75,164,246.5,453.5
66DOPC33DOPG_mRNA,113,60,0113_R0060,0.0835697546114417,0.0835697546114417,1137,1137,7,7,0,0,0,162.42857142857142,166,533,454.7142857142857
66DOPC33DOPG_mRNA,113,61,0113_R0061,0.6446809641454073,0.6446809641454073,8881,8881,54,54,0,0,0,164.46296296296296,182,59.092592592592595,458.5740740740741
66DOPC33DOPG_mRNA,113,62,0113_R0062,0.0596926818653155,0.0596926818653155,818,818,5,5,0,0,0,163.6,169,520.6,456.2
66DOPC33DOPG_mRNA,113,63,0113_R0063,0.46560291854946084,0.46560291854946084,6286,6286,39,39,0,0,0,161.17948717948718,173,164.82051282051282,459.8974358974359
66DOPC33DOPG_mRNA,113,64,0113_R0064,0.32234048207270366,0.32234048207270366,4306,4306,27,27,0,0,0,159.4814814814815,164,276.55555555555554,462.037037037037
66DOPC33DOPG_mRNA,113,65,0113_R0065,1.19385363730631,1.19385363730631,17099,17099,100,100,0,0,0,170.99,215,438.27,463.26
66DOPC33DOPG_mRNA,113,66,0113_R0066,1.3848702192753195,1.3848702192753195,29860.999999999996,29861,116,116,0,0,0,257.42241379310343,522,407.5,465.32758620689657
66DOPC33DOPG_mRNA,113,67,0113_R0067,0.6088653550262181,0.6088653550262181,9519,9519,51,51,0,0,0,186.64705882352942,220,646.2352941176471,463.52941176470586
66DOPC33DOPG_mRNA,113,68,0113_R0068,0.22683219108819888,0.22683219108819888,3467.9999999999995,3468,19,19,0,0,0,182.52631578947367,228,608.2105263157895,462.63157894736844
66DOPC33DOPG_mRNA,113,69,0113_R0069,0.035815609119189296,0.035815609119189296,479,479,3,3,0,0,0,159.66666666666666,162,248.66666666666666,463.6666666666667
66DOPC33DOPG_mRNA,113,70,0113_R0070,0.119385363730631,0.119385363730631,1673,1673,10,10,0,0,0,167.3,177,594.8,464
66DOPC33DOPG_mRNA,113,71,0113_R0071,1.1341609554409944,1.1341609554409944,23171,23171,95,95,0,0,0,243.90526315789472,567,483.0315789473684,469.2736842105263
66DOPC33DOPG_mRNA,113,72,0113_R0072,0.728250718756849,0.728250718756849,12141,12141,61,61,0,0,0,199.0327868852459,285,497.9344262295082,469.24590163934425
66DOPC33DOPG_mRNA,113,73,0113_R0073,8.54799204311318,8.51217643399399,140228,139775,716,713,3,0,1,196.03786816269286,766,292.1430575035063,492.94109396914445
66DOPC33DOPG_mRNA,113,74,0113_R0074,0.41784877305720847,0.41784877305720847,6484,6484,35,35,0,0,0,185.25714285714287,244,315.77142857142854,471.42857142857144
66DOPC33DOPG_mRNA,113,75,0113_R0075,0.6088653550262181,0.6088653550262181,10919,10919,51,51,0,0,0,214.09803921568627,325,661.6078431372549,473.8235294117647
66DOPC33DOPG_mRNA,113,76,0113_R0076,1.19385363730631,1.19385363730631,20912,20912,100,100,0,0,0,209.12,311,510.29,477.13
66DOPC33DOPG_mRNA,113,77,0113_R0077,0.07163121823837859,0.07163121823837859,952,952,6,6,0,0,0,158.66666666666666,161,244.33333333333334,474.1666666666667
66DOPC33DOPG_mRNA,113,78,0113_R0078,0.023877072746126198,0.023877072746126198,320,320,2,2,0,0,0,160,162,248,474.5
66DOPC33DOPG_mRNA,113,79,0113_R0079,0.07163121823837859,0.07163121823837859,956,956,6,6,0,0,0,159.33333333333334,164,241.83333333333334,477
66DOPC33DOPG_mRNA,113,80,0113_R0080,0.023877072746126198,0.023877072746126198,321,321,2,2,0,0,0,160.5,162,252.5,476.5
66DOPC33DOPG_mRNA,113,81,0113_R0081,1.6117024103635185,1.6117024103635185,27206,27206,135,135,0,0,0,201.52592592592592,334,439.1703703703704,484.6962962962963
66DOPC33DOPG_mRNA,113,82,0113_R0082,0.45366438217639776,0.45366438217639776,6361,6361,38,38,0,0,0,167.39473684210526,188,379.2105263157895,485.4736842105263
66DOPC33DOPG_mRNA,113,83,0113_R0083,1.9937355743015375,1.9937355743015375,36297,36297,167,167,0,0,0,217.34730538922156,541,672.1556886227545,489.05988023952096
66DOPC33DOPG_mRNA,113,84,0113_R0084,0.17907804559594648,0.17907804559594648,2422,2422,15,15,0,0,0,161.46666666666667,169,517.7333333333333,485.06666666666666
66DOPC33DOPG_mRNA,113,85,0113_R0085,0.21489365471513577,0.21489365471513577,2942,2942,18,18,0,0,0,163.44444444444446,175,332.1111111111111,486.72222222222223
66DOPC33DOPG_mRNA,113,86,0113_R0086,1.2177307100524362,1.2177307100524362,27046.000000000004,27046,102,102,0,0,0,265.15686274509807,714,480.05882352941177,490.0098039215686
66DOPC33DOPG_mRNA,113,87,0113_R0087,0.10744682735756789,0.10744682735756789,1442,1442,9,9,0,0,0,160.22222222222223,166,429.1111111111111,487.3333333333333
66DOPC33DOPG_mRNA,113,88,0113_R0088,0.023877072746126198,0.023877072746126198,316,316,2,2,0,0,0,158,159,242.5,487
66DOPC33DOPG_mRNA,113,89,0113_R0089,0.3462175548188299,0.3462175548188299,5599,5599,29,29,0,0,0,193.06896551724137,272,565.2758620689655,490.58620689655174
66DOPC33DOPG_mRNA,113,90,0113_R0090,2.328014592747304,2.328014592747304,36530,36530,195,195,0,0,0,187.33333333333334,243,317.374358974359,496.5076923076923
66DOPC33DOPG_mRNA,113,91,0113_R0091,6.172223304873622,6.172223304873622,126834,126834,517,517,0,0,0,245.32688588007736,681,397.9400386847195,502.7949709864603
66DOPC33DOPG_mRNA,113,92,0113_R0092,4.42919699440641,4.297873094302716,71991,70310,371,360,11,0,1,195.30555555555554,500,424.85277777777776,502.6611111111111
66DOPC33DOPG_mRNA,113,93,0113_R0093,0.09550829098450479,0.09550829098450479,1265,1265,8,8,0,0,0,158.125,160,272.875,494.125
66DOPC33DOPG_mRNA,113,94,0113_R0094,64.88594518759794,64.86206811485182,1276312,1276011,5435,5433,2,0,1,234.86305908337934,1145,359.16620651573714,543.8396834161605
66DOPC33DOPG_mRNA,113,95,0113_R0095,0.2745863365804513,0.2745863365804513,3740,3740,23,23,0,0,0,162.6086956521739,173,506.1304347826087,497.4782608695652
66DOPC33DOPG_mRNA,113,96,0113_R0096,0.32234048207270366,0.32234048207270366,4572,4572,27,27,0,0,0,169.33333333333334,185,695.7407407407408,503.5925925925926
66DOPC33DOPG_mRNA,113,97,0113_R0097,1.3968087556483826,1.3968087556483826,20743,20743,117,117,0,0,0,177.2905982905983,222,463.2478632478632,508.54700854700855
66DOPC33DOPG_mRNA,113,98,0113_R0098,8.034634979071466,8.034634979071466,150683,150683,673,673,0,0,0,223.89747399702824,1180,486.72362555720656,517.5156017830609
66DOPC33DOPG_mRNA,113,99,0113_R0099,0.4059102366841454,0.4059102366841454,5483,5483,34,34,0,0,0,161.26470588235293,174,380.11764705882354,510.9117647058824
66DOPC33DOPG_mRNA,113,100,0113_R0100,0.1552009728498203,0.1552009728498203,2095,2095,13,13,0,0,0,161.15384615384616,172,528.8461538461538,510.2307692307692
66DOPC33DOPG_mRNA,113,101,0113_R0101,0.023877072746126198,0.023877072746126198,317,317,2,2,0,0,0,158.5,160,235.5,512
66DOPC33DOPG_mRNA,113,102,0113_R0102,0.023877072746126198,0.023877072746126198,325,325,2,2,0,0,0,162.5,165,238.5,515.5
66DOPC33DOPG_mRNA,113,103,0113_R0103,0.023877072746126198,0.023877072746126198,319,319,2,2,0,0,0,159.5,161,375.5,517
66DOPC33DOPG_mRNA,113,104,0113_R0104,0.7760048642491014,0.7760048642491014,10928,10928,65,65,0,0,0,168.12307692307692,195,462.10769230769233,523.6461538461539
66DOPC33DOPG_mRNA,113,105,0113_R0105,0.19101658196900959,0.19101658196900959,2634,2634,16,16,0,0,0,164.625,182,445.625,522.4375
66DOPC33DOPG_mRNA,113,106,0113_R0106,1.0505912008295528,1.0505912008295528,15032,15032,88,88,0,0,0,170.8181818181818,203,267.1363636363636,533.7840909090909
66DOPC33DOPG_mRNA,113,107,0113_R0107,3.2711589662192893,3.247281893473163,48125.99999999999,47823,274,272,2,0,1,175.81985294117646,250,433.00367647058823,538.7316176470588
66DOPC33DOPG_mRNA,113,108,0113_R0108,0.035815609119189296,0.035815609119189296,479,479,3,3,0,0,0,159.66666666666666,161,200.33333333333334,536.3333333333334
66DOPC33DOPG_mRNA,113,109,0113_R0109,0.32234048207270366,0.32234048207270366,4327,4327,27,27,0,0,0,160.25925925925927,170,257.9259259259259,545.1481481481482
66DOPC33DOPG_mRNA,113,110,0113_R0110,2.1966906926436103,2.1966906926436103,33586,33586,184,184,0,0,0,182.5326086956522,238,447.32608695652175,552
66DOPC33DOPG_mRNA,113,111,0113_R0111,0.4059102366841454,0.4059102366841454,6475,6475,34,34,0,0,0,190.44117647058823,272,110.29411764705883,609.5
66DOPC33DOPG_mRNA,113,112,0113_R0112,0.17907804559594648,0.17907804559594648,2614,2614,15,15,0,0,0,174.26666666666668,197,281.8666666666667,656.4666666666667
66DOPC33DOPG_mRNA,114,1,0114_R0001,0.17907804559594648,0.17907804559594648,2269,2269,15,15,0,0,0,151.26666666666668,157,694.6666666666666,19.666666666666668
66DOPC33DOPG_mRNA,114,2,0114_R0002,0.0835697546114417,0.0835697546114417,1096,1096,7,7,0,0,0,156.57142857142858,167,115,21
66DOPC33DOPG_mRNA,114,3,0114_R0003,0.023877072746126198,0.023877072746126198,303,303,2,2,0,0,0,151.5,153,696,41.5
66DOPC33DOPG_mRNA,114,4,0114_R0004,1.0147755917103634,1.0147755917103634,13110.000000000002,13110,85,85,0,0,0,154.23529411764707,167,543.9764705882353,85.58823529411765
66DOPC33DOPG_mRNA,114,5,0114_R0005,0.1552009728498203,0.1552009728498203,2140,2140,13,13,0,0,0,164.6153846153846,189,534.6153846153846,102.61538461538461
66DOPC33DOPG_mRNA,114,6,0114_R0006,0.035815609119189296,0.035815609119189296,475,475,3,3,0,0,0,158.33333333333334,161,453.3333333333333,130.66666666666666
66DOPC33DOPG_mRNA,114,7,0114_R0007,0.2029551183420727,0.2029551183420727,2812,2812,17,17,0,0,0,165.41176470588235,187,305.6470588235294,139
66DOPC33DOPG_mRNA,114,8,0114_R0008,0.07163121823837859,0.07163121823837859,937,937,6,6,0,0,0,156.16666666666666,160,463.5,139
66DOPC33DOPG_mRNA,114,9,0114_R0009,0.047754145492252396,0.047754145492252396,608,608,4,4,0,0,0,152,155,549,141.5
66DOPC33DOPG_mRNA,114,10,0114_R0010,0.2029551183420727,0.2029551183420727,2820,2820,17,17,0,0,0,165.88235294117646,198,485,147
66DOPC33DOPG_mRNA,114,11,0114_R0011,0.023877072746126198,0.023877072746126198,311,311,2,2,0,0,0,155.5,158,549,145.5
66DOPC33DOPG_mRNA,114,12,0114_R0012,1.5400711921251398,1.5400711921251398,21420,21420,129,129,0,0,0,166.04651162790697,187,651.2480620155038,160.96899224806202
66DOPC33DOPG_mRNA,114,13,0114_R0013,0.7521277915029753,0.7521277915029753,13890,13890,63,63,0,0,0,220.47619047619048,449,590,167.12698412698413
66DOPC33DOPG_mRNA,114,14,0114_R0014,0.17907804559594648,0.17907804559594648,2438,2438,15,15,0,0,0,162.53333333333333,185,475.46666666666664,166.13333333333333
66DOPC33DOPG_mRNA,114,15,0114_R0015,0.5372341367878395,0.5372341367878395,7002,7002,45,45,0,0,0,155.6,171,529.8222222222222,169.15555555555557
66DOPC33DOPG_mRNA,114,16,0114_R0016,0.6327424277723442,0.6327424277723442,8463,8463,53,53,0,0,0,159.67924528301887,178,633.7735849056604,177.0566037735849
66DOPC33DOPG_mRNA,114,17,0114_R0017,0.2029551183420727,0.2029551183420727,2801,2801,17,17,0,0,0,164.76470588235293,189,492.52941176470586,199.35294117647058
66DOPC33DOPG_mRNA,114,18,0114_R0018,0.07163121823837859,0.07163121823837859,943,943,6,6,0,0,0,157.16666666666666,161,545.5,218
66DOPC33DOPG_mRNA,114,19,0114_R0019,0.41784877305720847,0.41784877305720847,6481,6481,35,35,0,0,0,185.17142857142858,279,563.6857142857143,232.31428571428572
66DOPC33DOPG_mRNA,114,20,0114_R0020,0.047754145492252396,0.047754145492252396,611,611,4,4,0,0,0,152.75,155,696.5,230.5
66DOPC33DOPG_mRNA,114,21,0114_R0021,0.035815609119189296,0.035815609119189296,456,456,3,3,0,0,0,152,162,692.6666666666666,236.33333333333334
66DOPC33DOPG_mRNA,114,22,0114_R0022,0.22683219108819888,0.22683219108819888,3201.0000000000005,3201,19,19,0,0,0,168.47368421052633,205,546.578947368421,241.94736842105263
66DOPC33DOPG_mRNA,114,23,0114_R0023,0.035815609119189296,0.035815609119189296,459,459,3,3,0,0,0,153,155,688.6666666666666,245.33333333333334
66DOPC33DOPG_mRNA,114,24,0114_R0024,0.7401892551299122,0.7401892551299122,9695,9695,62,62,0,0,0,156.3709677419355,170,690.5806451612904,261.0806451612903
66DOPC33DOPG_mRNA,114,25,0114_R0025,0.1671395092228834,0.1671395092228834,2191,2191,14,14,0,0,0,156.5,167,702.4285714285714,329.7857142857143
66DOPC33DOPG_mRNA,114,26,0114_R0026,0.1552009728498203,0.1552009728498203,2060,2060,13,13,0,0,0,158.46153846153845,168,322,341.3076923076923
66DOPC33DOPG_mRNA,114,27,0114_R0027,1.0028370553373003,1.0028370553373003,13967,13967,84,84,0,0,0,166.27380952380952,221,304.7261904761905,362.48809523809524
66DOPC33DOPG_mRNA,114,28,0114_R0028,0.023877072746126198,0.023877072746126198,302,302,2,2,0,0,0,151,153,314,357.5
66DOPC33DOPG_mRNA,114,29,0114_R0029,0.238770727461262,0.238770727461262,3390,3390,20,20,0,0,0,169.5,212,428.3,372.9
66DOPC33DOPG_mRNA,114,30,0114_R0030,0.035815609119189296,0.035815609119189296,455,455,3,3,0,0,0,151.66666666666666,154,671.3333333333334,377.3333333333333
66DOPC33DOPG_mRNA,114,31,0114_R0031,0.09550829098450479,0.09550829098450479,1258,1258,8,8,0,0,0,157.25,171,49.875,413.125
66DOPC33DOPG_mRNA,114,32,0114_R0032,0.09550829098450479,0.09550829098450479,1251,1251,8,8,0,0,0,156.375,168,680.125,413.125
66DOPC33DOPG_mRNA,114,33,0114_R0033,0.10744682735756789,0.10744682735756789,1410,1410,9,9,0,0,0,156.66666666666666,168,349.8888888888889,427.6666666666667
66DOPC33DOPG_mRNA,114,34,0114_R0034,1.2774233919177516,1.2774233919177516,21428,21428,107,107,0,0,0,200.26168224299064,529,560.7383177570093,462.9906542056075
66DOPC33DOPG_mRNA,114,35,0114_R0035,0.10744682735756789,0.10744682735756789,1373,1373,9,9,0,0,0,152.55555555555554,158,557.3333333333334,471.1111111111111
66DOPC33DOPG_mRNA,114,36,0114_R0036,10.923760781352735,10.911822244979673,201908,201766,915,914,1,0,1,220.75054704595186,970,575.4190371991248,488.9015317286652
66DOPC33DOPG_mRNA,114,37,0114_R0037,0.023877072746126198,0.023877072746126198,309,309,2,2,0,0,0,154.5,157,306,480.5
66DOPC33DOPG_mRNA,114,38,0114_R0038,0.5252956004147764,0.5252956004147764,7002,7002,44,44,0,0,0,159.13636363636363,175,536.7045454545455,498.02272727272725
66DOPC33DOPG_mRNA,114,39,0114_R0039,0.10744682735756789,0.10744682735756789,1393,1393,9,9,0,0,0,154.77777777777777,160,547.1111111111111,497.3333333333333
66DOPC33DOPG_mRNA,114,40,0114_R0040,0.035815609119189296,0.035815609119189296,457,457,3,3,0,0,0,152.33333333333334,156,703,502
66DOPC33DOPG_mRNA,114,41,0114_R0041,0.119385363730631,0.119385363730631,1581,1581,10,10,0,0,0,158.1,172,625.8,506.5
66DOPC33DOPG_mRNA,114,42,0114_R0042,11.269978336171565,11.234162727052377,196650,196215,944,941,3,0,1,208.51753453772582,650,609.3528161530287,528.5664187035069
66DOPC33DOPG_mRNA,114,43,0114_R0043,0.21489365471513577,0.21489365471513577,2786,2786,18,18,0,0,0,154.77777777777777,162,625.1666666666666,512.6111111111111
66DOPC33DOPG_mRNA,114,44,0114_R0044,0.14326243647675718,0.14326243647675718,1869,1869,12,12,0,0,0,155.75,169,629.9166666666666,520.1666666666666
66DOPC33DOPG_mRNA,114,45,0114_R0045,0.25070926383432507,0.25070926383432507,3334,3334,21,21,0,0,0,158.76190476190476,175,639.6190476190476,537.4761904761905
66DOPC33DOPG_mRNA,114,46,0114_R0046,0.5730497459070287,0.5730497459070287,9828,9828,48,48,0,0,0,204.75,379,214.79166666666666,545.5
66DOPC33DOPG_mRNA,114,47,0114_R0047,0.1552009728498203,0.1552009728498203,2008,2008,13,13,0,0,0,154.46153846153845,172,701.6153846153846,545.3846153846154
66DOPC33DOPG_mRNA,114,48,0114_R0048,0.047754145492252396,0.047754145492252396,620,620,4,4,0,0,0,155,161,685,694.75
66DOPC33DOPG_mRNA,115,1,0115_R0001,0.023877072746126198,0.023877072746126198,312,312,2,2,0,0,0,156,159,276,63.5
66DOPC33DOPG_mRNA,115,2,0115_R0002,0.047754145492252396,0.047754145492252396,650,650,4,4,0,0,0,162.5,172,132.5,134.5
66DOPC33DOPG_mRNA,115,3,0115_R0003,0.1313239001036941,0.1313239001036941,1708,1708,11,11,0,0,0,155.27272727272728,164,168.9090909090909,149.63636363636363
66DOPC33DOPG_mRNA,115,4,0115_R0004,19.316551851616094,19.316551851616094,407312,407312,1618,1618,0,0,0,251.73794808405438,985,266.2601977750309,174.05933250927072
66DOPC33DOPG_mRNA,115,5,0115_R0005,1.2893619282908146,1.2893619282908146,19335,19335,108,108,0,0,0,179.02777777777777,242,301.212962962963,157.2037037037037
66DOPC33DOPG_mRNA,115,6,0115_R0006,0.10744682735756789,0.10744682735756789,1455,1455,9,9,0,0,0,161.66666666666666,170,397,181
66DOPC33DOPG_mRNA,115,7,0115_R0007,0.0835697546114417,0.0835697546114417,1064,1064,7,7,0,0,0,152,157,307,195.28571428571428
66DOPC33DOPG_mRNA,115,8,0115_R0008,0.023877072746126198,0.023877072746126198,301,301,2,2,0,0,0,150.5,151,286.5,197
66DOPC33DOPG_mRNA,115,9,0115_R0009,1.8982272833170328,1.8982272833170328,42849,42849,159,159,0,0,0,269.49056603773585,703,318.9685534591195,204.33333333333334
66DOPC33DOPG_mRNA,115,10,0115_R0010,0.023877072746126198,0.023877072746126198,305,305,2,2,0,0,0,152.5,153,304.5,198
66DOPC33DOPG_mRNA,115,11,0115_R0011,1.9579199651823482,1.9579199651823482,41468,41468,164,164,0,0,0,252.85365853658536,600,347.1707317073171,211.71951219512195
66DOPC33DOPG_mRNA,115,12,0115_R0012,0.4059102366841454,0.4059102366841454,5703,5703,34,34,0,0,0,167.73529411764707,214,384.29411764705884,208.44117647058823
66DOPC33DOPG_mRNA,115,13,0115_R0013,0.09550829098450479,0.09550829098450479,1252,1252,8,8,0,0,0,156.5,161,304.5,209
66DOPC33DOPG_mRNA,115,14,0115_R0014,8.870332525185882,8.834516916066693,150694,150256,743,740,3,0,1,203.04864864864865,861,266.6216216216216,227.6945945945946
66DOPC33DOPG_mRNA,115,15,0115_R0015,0.035815609119189296,0.035815609119189296,457,457,3,3,0,0,0,152.33333333333334,153,432.6666666666667,211.66666666666666
66DOPC33DOPG_mRNA,115,16,0115_R0016,11.437117845394448,11.353548090783008,194071,193049,958,951,7,0,1,202.99579390115667,528,188.28601472134596,276.99263932702416
66DOPC33DOPG_mRNA,115,17,0115_R0017,0.023877072746126198,0.023877072746126198,309,309,2,2,0,0,0,154.5,155,4.5,260
66DOPC33DOPG_mRNA,115,18,0115_R0018,0.19101658196900959,0.19101658196900959,2545,2545,16,16,0,0,0,159.0625,167,24.8125,261.625
66DOPC33DOPG_mRNA,115,19,0115_R0019,0.09550829098450479,0.09550829098450479,1270,1270,8,8,0,0,0,158.75,172,127.125,267.125
66DOPC33DOPG_mRNA,115,20,0115_R0020,0.4059102366841454,0.4059102366841454,5875,5875,34,34,0,0,0,172.7941176470588,227,131.44117647058823,276.70588235294116
66DOPC33DOPG_mRNA,115,21,0115_R0021,0.023877072746126198,0.023877072746126198,306,306,2,2,0,0,0,153,154,173,279.5
66DOPC33DOPG_mRNA,115,22,0115_R0022,0.39397170031108225,0.39397170031108225,5462,5462,33,33,0,0,0,165.5151515151515,200,149.75757575757575,283.5151515151515
66DOPC33DOPG_mRNA,115,23,0115_R0023,0.023877072746126198,0.023877072746126198,301,301,2,2,0,0,0,150.5,151,197,288.5
66DOPC33DOPG_mRNA,115,24,0115_R0024,0.17907804559594648,0.17907804559594648,2431,2431,15,15,0,0,0,162.06666666666666,179,155.46666666666667,294.8666666666667
66DOPC33DOPG_mRNA,115,25,0115_R0025,0.047754145492252396,0.047754145492252396,614,614,4,4,0,0,0,153.5,155,0,296.5
66DOPC33DOPG_mRNA,115,26,0115_R0026,0.1671395092228834,0.1671395092228834,2219,2219,14,14,0,0,0,158.5,174,133.85714285714286,297.07142857142856
66DOPC33DOPG_mRNA,115,27,0115_R0027,0.023877072746126198,0.023877072746126198,307,307,2,2,0,0,0,153.5,154,439.5,325
66DOPC33DOPG_mRNA,115,28,0115_R0028,0.32234048207270366,0.32234048207270366,4747,4747,27,27,0,0,0,175.8148148148148,237,72,329
66DOPC33DOPG_mRNA,115,29,0115_R0029,0.477541454922524,0.477541454922524,6420,6420,40,40,0,0,0,160.5,179,434.175,337.125
66DOPC33DOPG_mRNA,115,30,0115_R0030,0.22683219108819888,0.22683219108819888,3009,3009,19,19,0,0,0,158.3684210526316,169,301.1578947368421,345.1578947368421
66DOPC33DOPG_mRNA,115,31,0115_R0031,0.047754145492252396,0.047754145492252396,605,605,4,4,0,0,0,151.25,154,375.75,344.25
66DOPC33DOPG_mRNA,115,32,0115_R0032,0.09550829098450479,0.09550829098450479,1233,1233,8,8,0,0,0,154.125,161,386.875,355.875
66DOPC33DOPG_mRNA,115,33,0115_R0033,0.09550829098450479,0.09550829098450479,1241,1241,8,8,0,0,0,155.125,160,488.875,358.125
66DOPC33DOPG_mRNA,115,34,0115_R0034,0.2626478002073882,0.2626478002073882,3431.0000000000005,3431,22,22,0,0,0,155.95454545454547,164,440.1363636363636,366.3181818181818
66DOPC33DOPG_mRNA,115,35,0115_R0035,0.035815609119189296,0.035815609119189296,459,459,3,3,0,0,0,153,156,456.3333333333333,364.6666666666667
66DOPC33DOPG_mRNA,115,36,0115_R0036,0.3104019456996406,0.3104019456996406,3972,3972,26,26,0,0,0,152.76923076923077,162,423.53846153846155,368.46153846153845
66DOPC33DOPG_mRNA,115,37,0115_R0037,0.25070926383432507,0.25070926383432507,3452.9999999999995,3453,21,21,0,0,0,164.42857142857142,191,236.8095238095238,370.14285714285717
66DOPC33DOPG_mRNA,115,38,0115_R0038,0.48947999129558706,0.48947999129558706,7764,7764,41,41,0,0,0,189.3658536585366,293,477.7317073170732,376.4390243902439
66DOPC33DOPG_mRNA,115,39,0115_R0039,0.4417258458033347,0.4417258458033347,5805,5805,37,37,0,0,0,156.8918918918919,173,427.86486486486484,391.43243243243245
66DOPC33DOPG_mRNA,115,40,0115_R0040,0.1671395092228834,0.1671395092228834,2131,2131,14,14,0,0,0,152.21428571428572,156,459.7857142857143,395.07142857142856
66DOPC33DOPG_mRNA,115,41,0115_R0041,0.41784877305720847,0.41784877305720847,6239,6239,35,35,0,0,0,178.25714285714287,244,447.48571428571427,399.4
66DOPC33DOPG_mRNA,115,42,0115_R0042,0.4417258458033347,0.4417258458033347,5748,5748,37,37,0,0,0,155.35135135135135,165,419.5945945945946,407.27027027027026
66DOPC33DOPG_mRNA,115,43,0115_R0043,0.7043736460107228,0.7043736460107228,9234,9234,59,59,0,0,0,156.5084745762712,174,308.52542372881356,409.5762711864407
66DOPC33DOPG_mRNA,115,44,0115_R0044,0.5849882822800918,0.5849882822800918,7987,7987,49,49,0,0,0,163,183,62.857142857142854,414.18367346938777
66DOPC33DOPG_mRNA,115,45,0115_R0045,0.17907804559594648,0.17907804559594648,2374,2374,15,15,0,0,0,158.26666666666668,169,436.4,420.4
66DOPC33DOPG_mRNA,115,46,0115_R0046,0.023877072746126198,0.023877072746126198,305,305,2,2,0,0,0,152.5,153,454,419.5
66DOPC33DOPG_mRNA,115,47,0115_R0047,0.1671395092228834,0.1671395092228834,2143,2143,14,14,0,0,0,153.07142857142858,159,418.64285714285717,421.7857142857143
66DOPC33DOPG_mRNA,115,48,0115_R0048,0.35815609119189296,0.35815609119189296,4597,4597,30,30,0,0,0,153.23333333333332,163,414.76666666666665,431.2
66DOPC33DOPG_mRNA,115,49,0115_R0049,0.1313239001036941,0.1313239001036941,1670,1670,11,11,0,0,0,151.8181818181818,157,320.45454545454544,430.6363636363636
66DOPC33DOPG_mRNA,115,50,0115_R0050,0.6566195005184704,0.6566195005184704,9260,9260,55,55,0,0,0,168.36363636363637,203,373.96363636363634,457.3272727272727
66DOPC33DOPG_mRNA,115,51,0115_R0051,12.02210612767454,11.986290518555352,202297,201858,1007,1004,3,0,1,201.05378486055776,600,38.16235059760956,487.37450199203187
66DOPC33DOPG_mRNA,115,52,0115_R0052,0.5849882822800918,0.5849882822800918,9941,9941,49,49,0,0,0,202.87755102040816,357,298.3265306122449,473.42857142857144
66DOPC33DOPG_mRNA,115,53,0115_R0053,0.07163121823837859,0.07163121823837859,912,912,6,6,0,0,0,152,156,56.5,480.6666666666667
66DOPC33DOPG_mRNA,115,54,0115_R0054,4.130733585079832,4.130733585079832,56738.99999999999,56739,346,346,0,0,0,163.98554913294797,228,304.28612716763007,496.10115606936415
66DOPC33DOPG_mRNA,115,55,0115_R0055,0.0596926818653155,0.0596926818653155,770,770,5,5,0,0,0,154,158,84.4,491.2
66DOPC33DOPG_mRNA,115,56,0115_R0056,0.5849882822800918,0.5849882822800918,8217,8217,49,49,0,0,0,167.69387755102042,196,378.3673469387755,497.9795918367347
66DOPC33DOPG_mRNA,115,57,0115_R0057,0.25070926383432507,0.25070926383432507,3262,3262,21,21,0,0,0,155.33333333333334,164,660.4761904761905,498.57142857142856
66DOPC33DOPG_mRNA,115,58,0115_R0058,0.023877072746126198,0.023877072746126198,303,303,2,2,0,0,0,151.5,153,13.5,497
66DOPC33DOPG_mRNA,115,59,0115_R0059,0.07163121823837859,0.07163121823837859,913,913,6,6,0,0,0,152.16666666666666,156,360.5,499
66DOPC33DOPG_mRNA,115,60,0115_R0060,1.456501437513698,1.456501437513698,21761,21761,122,122,0,0,0,178.36885245901638,220,4.344262295081967,505.8196721311475
66DOPC33DOPG_mRNA,115,61,0115_R0061,0.5491726731609026,0.5491726731609026,7418.000000000001,7418,46,46,0,0,0,161.2608695652174,185,70.93478260869566,503.6521739130435
66DOPC33DOPG_mRNA,115,62,0115_R0062,2.1966906926436103,2.1966906926436103,29173,29173,184,184,0,0,0,158.54891304347825,181,246.21195652173913,512.9891304347826
66DOPC33DOPG_mRNA,115,63,0115_R0063,0.3462175548188299,0.3462175548188299,4375,4375,29,29,0,0,0,150.86206896551724,157,42.89655172413793,509.44827586206895
66DOPC33DOPG_mRNA,115,64,0115_R0064,1.3729316829022564,1.3729316829022564,18097,18097,115,115,0,0,0,157.36521739130436,183,99.82608695652173,516.6260869565217
66DOPC33DOPG_mRNA,115,65,0115_R0065,0.0835697546114417,0.0835697546114417,1078,1078,7,7,0,0,0,154,158,83.28571428571429,512.5714285714286
66DOPC33DOPG_mRNA,115,66,0115_R0066,0.10744682735756789,0.10744682735756789,1370,1370,9,9,0,0,0,152.22222222222223,155,33.111111111111114,532.5555555555555
66DOPC33DOPG_mRNA,115,67,0115_R0067,1.8504731378247803,1.8504731378247803,27328,27328,155,155,0,0,0,176.30967741935484,223,187.8967741935484,542.4967741935484
66DOPC33DOPG_mRNA,115,68,0115_R0068,0.023877072746126198,0.023877072746126198,302,302,2,2,0,0,0,151,153,115.5,538
66DOPC33DOPG_mRNA,115,69,0115_R0069,0.023877072746126198,0.023877072746126198,304,304,2,2,0,0,0,152,152,102.5,540
66DOPC33DOPG_mRNA,115,70,0115_R0070,0.21489365471513577,0.21489365471513577,2736,2736,18,18,0,0,0,152,157,115.77777777777777,541.8333333333334
66DOPC33DOPG_mRNA,115,71,0115_R0071,0.047754145492252396,0.047754145492252396,609,609,4,4,0,0,0,152.25,156,101,543
66DOPC33DOPG_mRNA,115,72,0115_R0072,0.023877072746126198,0.023877072746126198,302,302,2,2,0,0,0,151,152,111,542.5
66DOPC33DOPG_mRNA,115,73,0115_R0073,0.035815609119189296,0.035815609119189296,459,459,3,3,0,0,0,153,157,98,544
66DOPC33DOPG_mRNA,115,74,0115_R0074,0.023877072746126198,0.023877072746126198,305,305,2,2,0,0,0,152.5,154,104,544.5
66DOPC33DOPG_mRNA,115,75,0115_R0075,0.023877072746126198,0.023877072746126198,306,306,2,2,0,0,0,153,154,107.5,548.5
66DOPC33DOPG_mRNA,115,76,0115_R0076,0.22683219108819888,0.22683219108819888,3025,3025,19,19,0,0,0,159.21052631578948,175,555,554.7894736842105
66DOPC33DOPG_mRNA,115,77,0115_R0077,3.3427901844576677,3.3427901844576677,44345,44345,280,280,0,0,0,158.375,187,424.0678571428571,565.9571428571429
66DOPC33DOPG_mRNA,115,78,0115_R0078,0.035815609119189296,0.035815609119189296,456,456,3,3,0,0,0,152,154,87,558
66DOPC33DOPG_mRNA,115,79,0115_R0079,0.25070926383432507,0.25070926383432507,3499,3499,21,21,0,0,0,166.61904761904762,192,401.4761904761905,564.3333333333334
66DOPC33DOPG_mRNA,115,80,0115_R0080,0.14326243647675718,0.14326243647675718,1819,1819,12,12,0,0,0,151.58333333333334,154,85.16666666666667,568.1666666666666
66DOPC33DOPG_mRNA,115,81,0115_R0081,0.119385363730631,0.119385363730631,1520,1520,10,10,0,0,0,152,155,85.4,573.1
66DOPC33DOPG_mRNA,115,82,0115_R0082,1.790780455959465,1.790780455959465,25336,25336,150,150,0,0,0,168.90666666666667,221,104.36666666666666,580.2066666666667
66DOPC33DOPG_mRNA,115,83,0115_R0083,1.802718992332528,1.802718992332528,24016,24016,151,151,0,0,0,159.04635761589404,174,547.5562913907285,584.1324503311258
66DOPC33DOPG_mRNA,115,84,0115_R0084,0.238770727461262,0.238770727461262,3086,3086,20,20,0,0,0,154.3,164,434.9,583.9
66DOPC33DOPG_mRNA,115,85,0115_R0085,0.19101658196900959,0.19101658196900959,2508,2508,16,16,0,0,0,156.75,169,424.3125,607.1875
66DOPC33DOPG_mRNA,115,86,0115_R0086,0.5849882822800918,0.5849882822800918,8178.999999999999,8179,49,49,0,0,0,166.91836734693877,195,5.8979591836734695,611.5102040816327
66DOPC33DOPG_mRNA,115,87,0115_R0087,0.14326243647675718,0.14326243647675718,1857,1857,12,12,0,0,0,154.75,161,5.75,618.6666666666666
66DOPC33DOPG_mRNA,115,88,0115_R0088,0.047754145492252396,0.047754145492252396,613,613,4,4,0,0,0,153.25,157,392,633.25
66DOPC33DOPG_mRNA,115,89,0115_R0089,0.1671395092228834,0.1671395092228834,2224,2224,14,14,0,0,0,158.85714285714286,173,362.5,640.2857142857143
66DOPC33DOPG_mRNA,115,90,0115_R0090,0.09550829098450479,0.09550829098450479,1241,1241,8,8,0,0,0,155.125,164,215,644.25
66DOPC33DOPG_mRNA,115,91,0115_R0091,14.720215347986802,14.708276811613738,196151,196006,1233,1232,1,0,1,159.0957792207792,220,344.1672077922078,669.7702922077922
66DOPC33DOPG_mRNA,115,92,0115_R0092,0.07163121823837859,0.07163121823837859,908,908,6,6,0,0,0,151.33333333333334,154,336.5,645.5
66DOPC33DOPG_mRNA,115,93,0115_R0093,0.09550829098450479,0.09550829098450479,1230,1230,8,8,0,0,0,153.75,156,270.875,646.125
66DOPC33DOPG_mRNA,115,94,0115_R0094,3.9158399303646965,3.9158399303646965,61920,61920,328,328,0,0,0,188.78048780487805,262,297.5060975609756,665.4115853658536
66DOPC33DOPG_mRNA,115,95,0115_R0095,0.1313239001036941,0.1313239001036941,1717,1717,11,11,0,0,0,156.0909090909091,166,370.54545454545456,657.3636363636364
66DOPC33DOPG_mRNA,115,96,0115_R0096,1.1460994918140575,1.1460994918140575,17605,17605,96,96,0,0,0,183.38541666666666,386,387.6041666666667,661.53125
66DOPC33DOPG_mRNA,115,97,0115_R0097,0.047754145492252396,0.047754145492252396,615,615,4,4,0,0,0,153.75,155,496,660.25
66DOPC33DOPG_mRNA,115,98,0115_R0098,0.3700946275649561,0.3700946275649561,4809,4809,31,31,0,0,0,155.1290322580645,170,245.8709677419355,665.6774193548387
66DOPC33DOPG_mRNA,115,99,0115_R0099,0.023877072746126198,0.023877072746126198,301,301,2,2,0,0,0,150.5,153,362,693.5
66DOPC33DOPG_mRNA,116,1,0116_R0001,0.2745863365804513,0.2745863365804513,3783,3783,23,23,0,0,0,164.47826086956522,195,462.30434782608694,32.21739130434783
66DOPC33DOPG_mRNA,116,2,0116_R0002,0.6446809641454073,0.6446809641454073,8782,8782,54,54,0,0,0,162.62962962962962,180,211.40740740740742,44.75925925925926
66DOPC33DOPG_mRNA,116,3,0116_R0003,5.515603804355152,5.515603804355152,82928,82928,462,462,0,0,0,179.4978354978355,230,676.9004329004329,55.922077922077925
66DOPC33DOPG_mRNA,116,4,0116_R0004,0.5372341367878395,0.5372341367878395,6954.999999999999,6955,45,45,0,0,0,154.55555555555554,163,494.73333333333335,46.55555555555556
66DOPC33DOPG_mRNA,116,5,0116_R0005,0.7043736460107228,0.7043736460107228,12446,12446,59,59,0,0,0,210.94915254237287,389,159.27118644067798,62.03389830508475
66DOPC33DOPG_mRNA,116,6,0116_R0006,0.238770727461262,0.238770727461262,3419,3419,20,20,0,0,0,170.95,210,332.75,71.25
66DOPC33DOPG_mRNA,116,7,0116_R0007,0.1671395092228834,0.1671395092228834,2258,2258,14,14,0,0,0,161.28571428571428,176,183.21428571428572,84.64285714285714
66DOPC33DOPG_mRNA,116,8,0116_R0008,0.047754145492252396,0.047754145492252396,603,603,4,4,0,0,0,150.75,153,197.75,94.25
66DOPC33DOPG_mRNA,116,9,0116_R0009,0.2029551183420727,0.2029551183420727,2636,2636,17,17,0,0,0,155.05882352941177,161,201.52941176470588,100.6470588235294
66DOPC33DOPG_mRNA,116,10,0116_R0010,0.2745863365804513,0.2745863365804513,4129,4129,23,23,0,0,0,179.52173913043478,231,486.17391304347825,130
66DOPC33DOPG_mRNA,116,11,0116_R0011,0.0835697546114417,0.0835697546114417,1104,1104,7,7,0,0,0,157.71428571428572,162,510,138.71428571428572
66DOPC33DOPG_mRNA,116,12,0116_R0012,0.38203316393801917,0.38203316393801917,4852,4852,32,32,0,0,0,151.625,161,200.3125,150.96875
66DOPC33DOPG_mRNA,116,13,0116_R0013,0.14326243647675718,0.14326243647675718,1960,1960,12,12,0,0,0,163.33333333333334,180,597.5,166.5
66DOPC33DOPG_mRNA,116,14,0116_R0014,0.119385363730631,0.119385363730631,1536,1536,10,10,0,0,0,153.6,158,441.3,187.4
66DOPC33DOPG_mRNA,116,15,0116_R0015,0.17907804559594648,0.17907804559594648,2469,2469,15,15,0,0,0,164.6,187,153.13333333333333,196.53333333333333
66DOPC33DOPG_mRNA,116,16,0116_R0016,0.45366438217639776,0.45366438217639776,5849,5849,38,38,0,0,0,153.92105263157896,166,500.1842105263158,222.6578947368421
66DOPC33DOPG_mRNA,116,17,0116_R0017,0.119385363730631,0.119385363730631,1600,1600,10,10,0,0,0,160,173,463.8,232
66DOPC33DOPG_mRNA,116,18,0116_R0018,0.6208038913992812,0.6208038913992812,8870,8870,52,52,0,0,0,170.57692307692307,230,445.88461538461536,274.78846153846155
66DOPC33DOPG_mRNA,116,19,0116_R0019,0.35815609119189296,0.35815609119189296,5499,5499,30,30,0,0,0,183.3,264,535.6666666666666,275.5
66DOPC33DOPG_mRNA,116,20,0116_R0020,0.4059102366841454,0.4059102366841454,5284,5284,34,34,0,0,0,155.41176470588235,167,582.4411764705883,278.2647058823529
66DOPC33DOPG_mRNA,116,21,0116_R0021,0.6208038913992812,0.6208038913992812,8234,8234,52,52,0,0,0,158.34615384615384,172,159.6346153846154,301.86538461538464
66DOPC33DOPG_mRNA,116,22,0116_R0022,1.563948264871266,1.563948264871266,21388,21388,131,131,0,0,0,163.26717557251908,185,91.06870229007633,314.6793893129771
66DOPC33DOPG_mRNA,116,23,0116_R0023,0.07163121823837859,0.07163121823837859,918,918,6,6,0,0,0,153,157,666.1666666666666,308
66DOPC33DOPG_mRNA,116,24,0116_R0024,1.19385363730631,1.19385363730631,16657,16657,100,100,0,0,0,166.57,197,71.85,318.6
66DOPC33DOPG_mRNA,116,25,0116_R0025,0.047754145492252396,0.047754145492252396,614,614,4,4,0,0,0,153.5,157,557.5,316.5
66DOPC33DOPG_mRNA,116,26,0116_R0026,0.047754145492252396,0.047754145492252396,605,605,4,4,0,0,0,151.25,153,121.5,318
66DOPC33DOPG_mRNA,116,27,0116_R0027,11.353548090783008,11.186408581560125,163033,160994,951,937,14,0,1,171.81856990394877,250,151.28495197438633,336.6830309498399
66DOPC33DOPG_mRNA,116,28,0116_R0028,0.023877072746126198,0.023877072746126198,303,303,2,2,0,0,0,151.5,152,120.5,321
66DOPC33DOPG_mRNA,116,29,0116_R0029,3.1159579933694688,3.1159579933694688,43006,43006,261,261,0,0,0,164.77394636015325,188,646.080459770115,330.0919540229885
66DOPC33DOPG_mRNA,116,30,0116_R0030,0.2626478002073882,0.2626478002073882,3355.9999999999995,3356,22,22,0,0,0,152.54545454545453,160,30.272727272727273,327.77272727272725
66DOPC33DOPG_mRNA,116,31,0116_R0031,0.25070926383432507,0.25070926383432507,3565.9999999999995,3566,21,21,0,0,0,169.8095238095238,203,572.6666666666666,337.85714285714283
66DOPC33DOPG_mRNA,116,32,0116_R0032,0.238770727461262,0.238770727461262,3393,3393,20,20,0,0,0,169.65,213,552.1,343.05
66DOPC33DOPG_mRNA,116,33,0116_R0033,0.728250718756849,0.728250718756849,9688,9688,61,61,0,0,0,158.81967213114754,174,28.475409836065573,347.1803278688525
66DOPC33DOPG_mRNA,116,34,0116_R0034,0.1671395092228834,0.1671395092228834,2128,2128,14,14,0,0,0,152,156,569.0714285714286,346.85714285714283
66DOPC33DOPG_mRNA,116,35,0116_R0035,0.9312058370989217,0.9312058370989217,13212.999999999998,13213,78,78,0,0,0,169.39743589743588,212,422.20512820512823,352.14102564102564
66DOPC33DOPG_mRNA,116,36,0116_R0036,0.38203316393801917,0.38203316393801917,5086,5086,32,32,0,0,0,158.9375,172,645.46875,352.4375
66DOPC33DOPG_mRNA,116,37,0116_R0037,2.053428256166853,2.053428256166853,31817,31817,172,172,0,0,0,184.9825581395349,241,557.7267441860465,358.66279069767444
66DOPC33DOPG_mRNA,116,38,0116_R0038,0.3462175548188299,0.3462175548188299,4964,4964,29,29,0,0,0,171.17241379310346,216,127.3103448275862,360.2068965517241
66DOPC33DOPG_mRNA,116,39,0116_R0039,0.023877072746126198,0.023877072746126198,305,305,2,2,0,0,0,152.5,154,84,359.5
66DOPC33DOPG_mRNA,116,40,0116_R0040,2.6264780020738816,2.6264780020738816,53496,53496,220,220,0,0,0,243.16363636363636,872,257.8272727272727,366.9909090909091
66DOPC33DOPG_mRNA,116,41,0116_R0041,0.09550829098450479,0.09550829098450479,1221,1221,8,8,0,0,0,152.625,159,203.875,370.125
66DOPC33DOPG_mRNA,116,42,0116_R0042,1.062529737202616,1.062529737202616,15055,15055,89,89,0,0,0,169.1573033707865,225,311.3820224719101,385
66DOPC33DOPG_mRNA,116,43,0116_R0043,0.19101658196900959,0.19101658196900959,2546,2546,16,16,0,0,0,159.125,170,111,382.5
66DOPC33DOPG_mRNA,116,44,0116_R0044,4.882861376582808,4.882861376582808,71499,71499,409,409,0,0,0,174.81418092909536,378,198.12958435207824,397.45232273838633
66DOPC33DOPG_mRNA,116,45,0116_R0045,0.2626478002073882,0.2626478002073882,3483,3483,22,22,0,0,0,158.3181818181818,176,12.045454545454545,390.77272727272725
66DOPC33DOPG_mRNA,116,46,0116_R0046,0.6208038913992812,0.6208038913992812,8396,8396,52,52,0,0,0,161.46153846153845,183,244.55769230769232,392.86538461538464
66DOPC33DOPG_mRNA,116,47,0116_R0047,0.07163121823837859,0.07163121823837859,922,922,6,6,0,0,0,153.66666666666666,157,449.5,392
66DOPC33DOPG_mRNA,116,48,0116_R0048,0.21489365471513577,0.21489365471513577,2741,2741,18,18,0,0,0,152.27777777777777,157,413.05555555555554,394.27777777777777
66DOPC33DOPG_mRNA,116,49,0116_R0049,3.9277784667377595,3.9277784667377595,55613.00000000001,55613,329,329,0,0,0,169.03647416413375,247,320.90881458966567,402.35258358662617
66DOPC33DOPG_mRNA,116,50,0116_R0050,0.46560291854946084,0.46560291854946084,6053,6053,39,39,0,0,0,155.2051282051282,166,130.7948717948718,401.28205128205127
66DOPC33DOPG_mRNA,116,51,0116_R0051,0.023877072746126198,0.023877072746126198,304,304,2,2,0,0,0,152,154,308,401.5
66DOPC33DOPG_mRNA,116,52,0116_R0052,1.6236409467365815,1.6236409467365815,21457,21457,136,136,0,0,0,157.77205882352942,187,220.74264705882354,411.1397058823529
66DOPC33DOPG_mRNA,116,53,0116_R0053,0.035815609119189296,0.035815609119189296,462,462,3,3,0,0,0,154,155,674.3333333333334,403.3333333333333
66DOPC33DOPG_mRNA,116,54,0116_R0054,0.22683219108819888,0.22683219108819888,2976,2976,19,19,0,0,0,156.6315789473684,169,138.1578947368421,406.36842105263156
66DOPC33DOPG_mRNA,116,55,0116_R0055,3.5338067664266775,3.5338067664266775,48687,48687,296,296,0,0,0,164.4831081081081,221,298.1418918918919,419.35472972972974
66DOPC33DOPG_mRNA,116,56,0116_R0056,1.3132390010369408,1.3132390010369408,17246,17246,110,110,0,0,0,156.78181818181818,175,681.2363636363636,417.1818181818182
66DOPC33DOPG_mRNA,116,57,0116_R0057,0.07163121823837859,0.07163121823837859,924,924,6,6,0,0,0,154,158,119,414.3333333333333
66DOPC33DOPG_mRNA,116,58,0116_R0058,0.238770727461262,0.238770727461262,3128,3128,20,20,0,0,0,156.4,169,504.9,417.05
66DOPC33DOPG_mRNA,116,59,0116_R0059,11.878843691197783,11.568441745498143,163980,160173,995,969,26,0,1,165.29721362229103,259,328.4778121775026,447.82559339525284
66DOPC33DOPG_mRNA,116,60,0116_R0060,0.0596926818653155,0.0596926818653155,761,761,5,5,0,0,0,152.2,157,203.8,417.6
66DOPC33DOPG_mRNA,116,61,0116_R0061,1.3132390010369408,1.3132390010369408,17393,17393,110,110,0,0,0,158.11818181818182,180,183.29090909090908,430.74545454545455
66DOPC33DOPG_mRNA,116,62,0116_R0062,2.5787238565816293,2.5787238565816293,34276,34276,216,216,0,0,0,158.6851851851852,186,136.8935185185185,440.2546296296296
66DOPC33DOPG_mRNA,116,63,0116_R0063,1.9698585015554113,1.9698585015554113,26747,26747,165,165,0,0,0,162.1030303030303,198,218.36969696969697,438.1212121212121
66DOPC33DOPG_mRNA,116,64,0116_R0064,0.047754145492252396,0.047754145492252396,615,615,4,4,0,0,0,153.75,158,400,445.5
66DOPC33DOPG_mRNA,116,65,0116_R0065,0.6208038913992812,0.6208038913992812,8067,8067,52,52,0,0,0,155.1346153846154,168,166.07692307692307,450.96153846153845
66DOPC33DOPG_mRNA,116,66,0116_R0066,0.5611112095339656,0.5611112095339656,7223,7223,47,47,0,0,0,153.68085106382978,160,88.29787234042553,452.1276595744681
66DOPC33DOPG_mRNA,116,67,0116_R0067,0.2029551183420727,0.2029551183420727,2793,2793,17,17,0,0,0,164.2941176470588,179,20.11764705882353,454.4117647058824
66DOPC33DOPG_mRNA,116,68,0116_R0068,0.0596926818653155,0.0596926818653155,762,762,5,5,0,0,0,152.4,156,325.6,454.2
66DOPC33DOPG_mRNA,116,69,0116_R0069,0.8715131552336063,0.8715131552336063,12334,12334,73,73,0,0,0,168.95890410958904,210,261.3972602739726,459.9178082191781
66DOPC33DOPG_mRNA,116,70,0116_R0070,0.7521277915029753,0.7521277915029753,10422,10422,63,63,0,0,0,165.42857142857142,194,166.5873015873016,462.8095238095238
66DOPC33DOPG_mRNA,116,71,0116_R0071,0.035815609119189296,0.035815609119189296,455,455,3,3,0,0,0,151.66666666666666,155,223.33333333333334,459.3333333333333
66DOPC33DOPG_mRNA,116,72,0116_R0072,0.19101658196900959,0.19101658196900959,2453,2453,16,16,0,0,0,153.3125,160,377.8125,462.0625
66DOPC33DOPG_mRNA,116,73,0116_R0073,0.2029551183420727,0.2029551183420727,2572,2572,17,17,0,0,0,151.2941176470588,156,388.70588235294116,463.5882352941176
66DOPC33DOPG_mRNA,116,74,0116_R0074,2.88912580228127,2.88912580228127,38319,38319,242,242,0,0,0,158.34297520661158,185,86.60743801652893,471.3429752066116
66DOPC33DOPG_mRNA,116,75,0116_R0075,0.0596926818653155,0.0596926818653155,763,763,5,5,0,0,0,152.6,157,315.4,468.2
66DOPC33DOPG_mRNA,116,76,0116_R0076,1.6117024103635185,1.6117024103635185,22389,22389,135,135,0,0,0,165.84444444444443,202,64.65925925925926,476.5925925925926
66DOPC33DOPG_mRNA,116,77,0116_R0077,1.6713950922288339,1.6713950922288339,24460,24460,140,140,0,0,0,174.71428571428572,265,212.97857142857143,480.5285714285714
66DOPC33DOPG_mRNA,116,78,0116_R0078,0.14326243647675718,0.14326243647675718,1835,1835,12,12,0,0,0,152.91666666666666,160,292.4166666666667,485.75
66DOPC33DOPG_mRNA,116,79,0116_R0079,0.6088653550262181,0.6088653550262181,8137.000000000001,8137,51,51,0,0,0,159.54901960784315,176,158.01960784313727,489.4313725490196
66DOPC33DOPG_mRNA,116,80,0116_R0080,0.1313239001036941,0.1313239001036941,1683,1683,11,11,0,0,0,153,163,228.0909090909091,487.3636363636364
66DOPC33DOPG_mRNA,116,81,0116_R0081,0.7521277915029753,0.7521277915029753,9899,9899,63,63,0,0,0,157.12698412698413,185,321.1904761904762,493.7936507936508
66DOPC33DOPG_mRNA,116,82,0116_R0082,0.5014185276686501,0.5014185276686501,7793,7793,42,42,0,0,0,185.54761904761904,295,366.64285714285717,490.9047619047619
66DOPC33DOPG_mRNA,116,83,0116_R0083,0.7401892551299122,0.7401892551299122,10294,10294,62,62,0,0,0,166.03225806451613,189,78.01612903225806,497.51612903225805
66DOPC33DOPG_mRNA,116,84,0116_R0084,0.1552009728498203,0.1552009728498203,1963.9999999999998,1964,13,13,0,0,0,151.07692307692307,155,215.15384615384616,496.7692307692308
66DOPC33DOPG_mRNA,116,85,0116_R0085,0.4417258458033347,0.4417258458033347,5734,5734,37,37,0,0,0,154.97297297297297,166,285.35135135135135,500.4594594594595
66DOPC33DOPG_mRNA,116,86,0116_R0086,0.1671395092228834,0.1671395092228834,2213,2213,14,14,0,0,0,158.07142857142858,169,483,499.85714285714283
66DOPC33DOPG_mRNA,116,87,0116_R0087,0.119385363730631,0.119385363730631,1519,1519,10,10,0,0,0,151.9,156,199,503.5
66DOPC33DOPG_mRNA,116,88,0116_R0088,0.1552009728498203,0.1552009728498203,1973,1973,13,13,0,0,0,151.76923076923077,159,247,510
66DOPC33DOPG_mRNA,116,89,0116_R0089,0.035815609119189296,0.035815609119189296,459,459,3,3,0,0,0,153,156,623.6666666666666,511.3333333333333
66DOPC33DOPG_mRNA,116,90,0116_R0090,0.0596926818653155,0.0596926818653155,777,777,5,5,0,0,0,155.4,160,454.2,518.4
66DOPC33DOPG_mRNA,116,91,0116_R0091,0.1552009728498203,0.1552009728498203,2004,2004,13,13,0,0,0,154.15384615384616,158,310.9230769230769,520.6923076923077
66DOPC33DOPG_mRNA,116,92,0116_R0092,0.0835697546114417,0.0835697546114417,1124,1124,7,7,0,0,0,160.57142857142858,176,702.5714285714286,522.7142857142857
66DOPC33DOPG_mRNA,116,93,0116_R0093,0.10744682735756789,0.10744682735756789,1387,1387,9,9,0,0,0,154.11111111111111,165,485.1111111111111,524.6666666666666
66DOPC33DOPG_mRNA,116,94,0116_R0094,0.48947999129558706,0.48947999129558706,8270,8270,41,41,0,0,0,201.70731707317074,325,686.7317073170732,525.9024390243902
66DOPC33DOPG_mRNA,116,95,0116_R0095,1.7191492377210862,1.7191492377210862,22718,22718,144,144,0,0,0,157.76388888888889,175,230.36111111111111,532.9375
66DOPC33DOPG_mRNA,116,96,0116_R0096,0.023877072746126198,0.023877072746126198,308,308,2,2,0,0,0,154,157,692.5,533
66DOPC33DOPG_mRNA,116,97,0116_R0097,1.2893619282908146,1.2893619282908146,18106,18106,108,108,0,0,0,167.64814814814815,195,242.6851851851852,543.0370370370371
66DOPC33DOPG_mRNA,116,98,0116_R0098,0.119385363730631,0.119385363730631,1514,1514,10,10,0,0,0,151.4,155,225.3,545.3
66DOPC33DOPG_mRNA,116,99,0116_R0099,0.10744682735756789,0.10744682735756789,1420,1420,9,9,0,0,0,157.77777777777777,171,604,546
66DOPC33DOPG_mRNA,116,100,0116_R0100,0.21489365471513577,0.21489365471513577,3045,3045,18,18,0,0,0,169.16666666666666,195,476.77777777777777,565.5
66DOPC33DOPG_mRNA,116,101,0116_R0101,0.3342790184457668,0.3342790184457668,4325,4325,28,28,0,0,0,154.46428571428572,165,569.6428571428571,579
66DOPC33DOPG_mRNA,116,102,0116_R0102,0.07163121823837859,0.07163121823837859,919,919,6,6,0,0,0,153.16666666666666,156,579.1666666666666,582
66DOPC33DOPG_mRNA,116,103,0116_R0103,0.967021446218111,0.967021446218111,13287,13287,81,81,0,0,0,164.03703703703704,188,647.0123456790124,587.4320987654321
66DOPC33DOPG_mRNA,116,104,0116_R0104,0.3104019456996406,0.3104019456996406,4232,4232,26,26,0,0,0,162.76923076923077,189,659.8846153846154,588.8846153846154
66DOPC33DOPG_mRNA,116,105,0116_R0105,1.181915100933247,1.181915100933247,16058,16058,99,99,0,0,0,162.2020202020202,181,629.5050505050505,595.2525252525253
66DOPC33DOPG_mRNA,116,106,0116_R0106,2.3399531291203672,2.3399531291203672,30892,30892,196,196,0,0,0,157.6122448979592,185,697.0510204081633,609.8877551020408
66DOPC33DOPG_mRNA,116,107,0116_R0107,0.0596926818653155,0.0596926818653155,771,771,5,5,0,0,0,154.2,159,476.4,600.2
66DOPC33DOPG_mRNA,116,108,0116_R0108,0.2029551183420727,0.2029551183420727,2785,2785,17,17,0,0,0,163.8235294117647,186,474,605.6470588235294
66DOPC33DOPG_mRNA,116,109,0116_R0109,0.0596926818653155,0.0596926818653155,766,766,5,5,0,0,0,153.2,158,671.6,607.8
66DOPC33DOPG_mRNA,116,110,0116_R0110,1.3371160737830672,1.3371160737830672,18636,18636,112,112,0,0,0,166.39285714285714,191,648.5625,620.4821428571429
66DOPC33DOPG_mRNA,116,111,0116_R0111,0.035815609119189296,0.035815609119189296,461,461,3,3,0,0,0,153.66666666666666,156,612.6666666666666,617.3333333333334
66DOPC33DOPG_mRNA,116,112,0116_R0112,2.650355074820008,2.650355074820008,36950,36950,222,222,0,0,0,166.44144144144144,207,623.3558558558559,625.2657657657658
66DOPC33DOPG_mRNA,116,113,0116_R0113,0.047754145492252396,0.047754145492252396,617,617,4,4,0,0,0,154.25,157,568.5,627.5
66DOPC33DOPG_mRNA,116,114,0116_R0114,0.17907804559594648,0.17907804559594648,2353,2353,15,15,0,0,0,156.86666666666667,166,651.3333333333334,636.7333333333333
66DOPC33DOPG_mRNA,116,115,0116_R0115,0.047754145492252396,0.047754145492252396,620,620,4,4,0,0,0,155,159,642.5,650.5
66DOPC33DOPG_mRNA,116,116,0116_R0116,0.1671395092228834,0.1671395092228834,2166,2166,14,14,0,0,0,154.71428571428572,164,589.9285714285714,658.1428571428571
66DOPC33DOPG_mRNA,117,1,0117_R0001,0.1313239001036941,0.1313239001036941,1765.9999999999998,1766,11,11,0,0,0,160.54545454545453,167,564.8181818181819,28.818181818181817
66DOPC33DOPG_mRNA,117,2,0117_R0002,0.047754145492252396,0.047754145492252396,660,660,4,4,0,0,0,165,171,352.5,69.5
66DOPC33DOPG_mRNA,117,3,0117_R0003,0.21489365471513577,0.21489365471513577,2914,2914,18,18,0,0,0,161.88888888888889,173,116.77777777777777,72.88888888888889
66DOPC33DOPG_mRNA,117,4,0117_R0004,0.10744682735756789,0.10744682735756789,1441,1441,9,9,0,0,0,160.11111111111111,169,120.66666666666667,81.88888888888889
66DOPC33DOPG_mRNA,117,5,0117_R0005,0.3462175548188299,0.3462175548188299,5758,5758,29,29,0,0,0,198.55172413793105,287,313.58620689655174,97.72413793103448
66DOPC33DOPG_mRNA,117,6,0117_R0006,0.19101658196900959,0.19101658196900959,2997,2997,16,16,0,0,0,187.3125,231,85,97.5
66DOPC33DOPG_mRNA,117,7,0117_R0007,0.023877072746126198,0.023877072746126198,322,322,2,2,0,0,0,161,161,342,143.5
66DOPC33DOPG_mRNA,117,8,0117_R0008,1.0147755917103634,1.0028370553373003,13693,13540,85,84,1,0,1,161.1904761904762,173,342.7738095238095,156.03571428571428
66DOPC33DOPG_mRNA,117,9,0117_R0009,0.6327424277723442,0.6327424277723442,9281,9281,53,53,0,0,0,175.11320754716982,209,247.16981132075472,166.45283018867926
66DOPC33DOPG_mRNA,117,10,0117_R0010,2.8771872659082067,2.8771872659082067,64344,64344,241,241,0,0,0,266.9875518672199,570,667.1203319502075,195.63070539419087
66DOPC33DOPG_mRNA,117,11,0117_R0011,4.285934557929653,4.285934557929653,143605,143605,359,359,0,0,0,400.01392757660165,1959,631.1030640668523,233.27855153203342
66DOPC33DOPG_mRNA,117,12,0117_R0012,1.2177307100524362,1.2177307100524362,21214,21214,102,102,0,0,0,207.98039215686273,313,224.64705882352942,232.01960784313727
66DOPC33DOPG_mRNA,117,13,0117_R0013,0.07163121823837859,0.07163121823837859,990,990,6,6,0,0,0,165,172,286.3333333333333,231.83333333333334
66DOPC33DOPG_mRNA,117,14,0117_R0014,0.2029551183420727,0.2029551183420727,2714,2714,17,17,0,0,0,159.64705882352942,166,668.7058823529412,244.2941176470588
66DOPC33DOPG_mRNA,117,15,0117_R0015,0.4417258458033347,0.4417258458033347,6171,6171,37,37,0,0,0,166.78378378378378,186,649.6756756756756,246.78378378378378
66DOPC33DOPG_mRNA,117,16,0117_R0016,0.035815609119189296,0.035815609119189296,485,485,3,3,0,0,0,161.66666666666666,165,279.3333333333333,246.33333333333334
66DOPC33DOPG_mRNA,117,17,0117_R0017,0.023877072746126198,0.023877072746126198,316,316,2,2,0,0,0,158,158,667,248.5
66DOPC33DOPG_mRNA,117,18,0117_R0018,0.10744682735756789,0.10744682735756789,1504,1504,9,9,0,0,0,167.11111111111111,175,263.77777777777777,252.66666666666666
66DOPC33DOPG_mRNA,117,19,0117_R0019,2.5906623929546924,2.5906623929546924,46153,46153,217,217,0,0,0,212.68663594470047,331,642,263.70046082949307
66DOPC33DOPG_mRNA,117,20,0117_R0020,0.19101658196900959,0.19101658196900959,2571,2571,16,16,0,0,0,160.6875,169,625.25,261.4375
66DOPC33DOPG_mRNA,117,21,0117_R0021,0.035815609119189296,0.035815609119189296,486,486,3,3,0,0,0,162,163,232.33333333333334,261.3333333333333
66DOPC33DOPG_mRNA,117,22,0117_R0022,0.023877072746126198,0.023877072746126198,326,326,2,2,0,0,0,163,164,267,269.5
66DOPC33DOPG_mRNA,117,23,0117_R0023,0.3342790184457668,0.3342790184457668,4830,4830,28,28,0,0,0,172.5,198,266.5,274.89285714285717
66DOPC33DOPG_mRNA,117,24,0117_R0024,0.047754145492252396,0.047754145492252396,637,637,4,4,0,0,0,159.25,161,246.5,283
66DOPC33DOPG_mRNA,117,25,0117_R0025,1.2654848555446885,1.2654848555446885,18452,18452,106,106,0,0,0,174.0754716981132,194,657.3679245283018,343.4811320754717
66DOPC33DOPG_mRNA,117,26,0117_R0026,2.4832155655971246,2.4832155655971246,39093,39093,208,208,0,0,0,187.9471153846154,288,645.4759615384615,373.80288461538464
66DOPC33DOPG_mRNA,117,27,0117_R0027,0.9789599825911741,0.9789599825911741,13697,13697,82,82,0,0,0,167.03658536585365,179,52.01219512195122,396.219512195122
66DOPC33DOPG_mRNA,117,28,0117_R0028,0.047754145492252396,0.047754145492252396,653,653,4,4,0,0,0,163.25,171,298,403.25
66DOPC33DOPG_mRNA,117,29,0117_R0029,0.09550829098450479,0.09550829098450479,1362,1362,8,8,0,0,0,170.25,179,702.875,412.125
66DOPC33DOPG_mRNA,117,30,0117_R0030,1.6594565558557708,1.6594565558557708,32605,32605,139,139,0,0,0,234.568345323741,488,251.568345323741,450.136690647482
66DOPC33DOPG_mRNA,117,31,0117_R0031,1.2535463191716254,1.2535463191716254,18252,18252,105,105,0,0,0,173.82857142857142,200,460.1333333333333,459.25714285714287
66DOPC33DOPG_mRNA,117,32,0117_R0032,0.0596926818653155,0.0596926818653155,797,797,5,5,0,0,0,159.4,171,468,455
66DOPC33DOPG_mRNA,117,33,0117_R0033,0.9192673007258586,0.9192673007258586,13255,13255,77,77,0,0,0,172.14285714285714,211,576.4935064935065,464.3246753246753
66DOPC33DOPG_mRNA,117,34,0117_R0034,0.6804965732645967,0.6804965732645967,9299,9299,57,57,0,0,0,163.140350877193,182,578.3157894736842,479.29824561403507
66DOPC33DOPG_mRNA,117,35,0117_R0035,7.175060360210923,7.1511832874647965,105940,105634,601,599,2,0,1,176.35058430717862,494,320.2721202003339,496.63606010016696
66DOPC33DOPG_mRNA,117,36,0117_R0036,0.1671395092228834,0.1671395092228834,2329,2329,14,14,0,0,0,166.35714285714286,185,110.92857142857143,481.14285714285717
66DOPC33DOPG_mRNA,117,37,0117_R0037,0.035815609119189296,0.035815609119189296,478,478,3,3,0,0,0,159.33333333333334,160,333.6666666666667,483.6666666666667
66DOPC33DOPG_mRNA,117,38,0117_R0038,0.023877072746126198,0.023877072746126198,320,320,2,2,0,0,0,160,161,588,495.5
66DOPC33DOPG_mRNA,117,39,0117_R0039,0.4417258458033347,0.4417258458033347,6163,6163,37,37,0,0,0,166.56756756756758,200,669.0540540540541,503.05405405405406
66DOPC33DOPG_mRNA,117,40,0117_R0040,0.1313239001036941,0.1313239001036941,1761,1761,11,11,0,0,0,160.0909090909091,169,672.0909090909091,508.6363636363636
66DOPC33DOPG_mRNA,117,41,0117_R0041,0.7043736460107228,0.7043736460107228,13164,13164,59,59,0,0,0,223.11864406779662,411,83.76271186440678,514.5254237288135
66DOPC33DOPG_mRNA,117,42,0117_R0042,0.023877072746126198,0.023877072746126198,318,318,2,2,0,0,0,159,161,680.5,511
66DOPC33DOPG_mRNA,117,43,0117_R0043,0.0835697546114417,0.0835697546114417,1121,1121,7,7,0,0,0,160.14285714285714,165,676,514.2857142857143
66DOPC33DOPG_mRNA,117,44,0117_R0044,1.325177537410004,1.325177537410004,18193,18193,111,111,0,0,0,163.9009009009009,186,514.5675675675676,520.1801801801802
66DOPC33DOPG_mRNA,117,45,0117_R0045,0.41784877305720847,0.41784877305720847,5982,5982,35,35,0,0,0,170.9142857142857,203,681.2571428571429,518.8285714285714
66DOPC33DOPG_mRNA,117,46,0117_R0046,0.7163121823837859,0.7163121823837859,10412,10412,60,60,0,0,0,173.53333333333333,211,400.81666666666666,533.9333333333333
66DOPC33DOPG_mRNA,117,47,0117_R0047,0.6804965732645967,0.6804965732645967,9359,9359,57,57,0,0,0,164.19298245614036,172,82.7719298245614,536.9473684210526
66DOPC33DOPG_mRNA,117,48,0117_R0048,4.118795048706769,4.118795048706769,59241.99999999999,59242,345,345,0,0,0,171.7159420289855,211,108.91594202898551,550.3217391304348
66DOPC33DOPG_mRNA,117,49,0117_R0049,0.2984634093265775,0.2984634093265775,3982,3982,25,25,0,0,0,159.28,166,489.16,556.16
66DOPC33DOPG_mRNA,117,50,0117_R0050,0.023877072746126198,0.023877072746126198,316,316,2,2,0,0,0,158,158,93.5,555
66DOPC33DOPG_mRNA,117,51,0117_R0051,0.047754145492252396,0.047754145492252396,633,633,4,4,0,0,0,158.25,160,490.5,561
66DOPC33DOPG_mRNA,117,52,0117_R0052,0.023877072746126198,0.023877072746126198,324,324,2,2,0,0,0,162,164,491,564.5
66DOPC33DOPG_mRNA,117,53,0117_R0053,2.04148971979379,2.04148971979379,27440.000000000004,27440,171,171,0,0,0,160.46783625730995,170,77.3625730994152,580.2923976608187
66DOPC33DOPG_mRNA,117,54,0117_R0054,0.023877072746126198,0.023877072746126198,320,320,2,2,0,0,0,160,162,70,576.5
66DOPC33DOPG_mRNA,117,55,0117_R0055,0.7879434006221645,0.7640663278760383,10553,10251,66,64,2,0,1,160.171875,172,552.96875,582.265625
66DOPC33DOPG_mRNA,117,56,0117_R0056,0.035815609119189296,0.035815609119189296,484,484,3,3,0,0,0,161.33333333333334,166,111.33333333333333,585.3333333333334
66DOPC33DOPG_mRNA,117,57,0117_R0057,0.0835697546114417,0.0835697546114417,1158,1158,7,7,0,0,0,165.42857142857142,181,58.714285714285715,600
66DOPC33DOPG_mRNA,117,58,0117_R0058,0.1671395092228834,0.1671395092228834,2263,2263,14,14,0,0,0,161.64285714285714,171,106.92857142857143,616.1428571428571
66DOPC33DOPG_mRNA,117,59,0117_R0059,6.112530623008307,6.112530623008307,98217,98217,512,512,0,0,0,191.830078125,322,507.337890625,630.509765625
66DOPC33DOPG_mRNA,117,60,0117_R0060,0.119385363730631,0.119385363730631,1597,1597,10,10,0,0,0,159.7,164,527.8,622
66DOPC33DOPG_mRNA,117,61,0117_R0061,1.683333628601897,1.683333628601897,25537,25537,141,141,0,0,0,181.11347517730496,223,458.1418439716312,634.8510638297872
66DOPC33DOPG_mRNA,117,62,0117_R0062,0.596926818653155,0.5849882822800918,8014,7863,50,49,1,0,1,160.46938775510205,173,141,640.1836734693877
66DOPC33DOPG_mRNA,117,63,0117_R0063,3.5338067664266775,3.5099296936805513,50495,50189,296,294,2,0,1,170.7108843537415,215,473.21768707482994,654.9761904761905
66DOPC33DOPG_mRNA,117,64,0117_R0064,0.3462175548188299,0.3462175548188299,4785,4785,29,29,0,0,0,165,181,140.41379310344828,650.7241379310345
66DOPC33DOPG_mRNA,117,65,0117_R0065,0.035815609119189296,0.035815609119189296,472,472,3,3,0,0,0,157.33333333333334,159,463,650
66DOPC33DOPG_mRNA,117,66,0117_R0066,0.238770727461262,0.238770727461262,3319,3319,20,20,0,0,0,165.95,178,419.3,660.95
66DOPC33DOPG_mRNA,117,67,0117_R0067,0.5372341367878395,0.5372341367878395,7817.999999999999,7818,45,45,0,0,0,173.73333333333332,200,406.93333333333334,676.4666666666667
66DOPC33DOPG_mRNA,117,68,0117_R0068,0.9192673007258586,0.9192673007258586,20111,20111,77,77,0,0,0,261.1818181818182,624,373.6623376623377,696.1298701298701
66DOPC33DOPG_mRNA,118,1,0118_R0001,3.8083931030071287,3.8083931030071287,72755,72755,319,319,0,0,0,228.07210031347964,331,309.3103448275862,9.25078369905956
66DOPC33DOPG_mRNA,118,2,0118_R0002,0.1313239001036941,0.1313239001036941,1752,1752,11,11,0,0,0,159.27272727272728,172,518.1818181818181,72.81818181818181
66DOPC33DOPG_mRNA,118,3,0118_R0003,1.922104356063159,1.922104356063159,31956,31956,161,161,0,0,0,198.48447204968943,297,689.9192546583851,137.26708074534162
66DOPC33DOPG_mRNA,118,4,0118_R0004,0.07163121823837859,0.07163121823837859,934,934,6,6,0,0,0,155.66666666666666,161,506,141.5
66DOPC33DOPG_mRNA,118,5,0118_R0005,0.035815609119189296,0.035815609119189296,454,454,3,3,0,0,0,151.33333333333334,153,460.3333333333333,189.33333333333334
66DOPC33DOPG_mRNA,118,6,0118_R0006,0.5133570640417132,0.5133570640417132,7431.000000000001,7431,43,43,0,0,0,172.8139534883721,229,540.8604651162791,195.02325581395348
66DOPC33DOPG_mRNA,118,7,0118_R0007,0.2029551183420727,0.2029551183420727,2750,2750,17,17,0,0,0,161.76470588235293,183,452.7647058823529,198.23529411764707
66DOPC33DOPG_mRNA,118,8,0118_R0008,0.0596926818653155,0.0596926818653155,776,776,5,5,0,0,0,155.2,158,466.4,210.2
66DOPC33DOPG_mRNA,118,9,0118_R0009,0.5491726731609026,0.5491726731609026,9356,9356,46,46,0,0,0,203.3913043478261,365,300.30434782608694,224.69565217391303
66DOPC33DOPG_mRNA,118,10,0118_R0010,0.1671395092228834,0.1671395092228834,2190,2190,14,14,0,0,0,156.42857142857142,168,483.2857142857143,226.5
66DOPC33DOPG_mRNA,118,11,0118_R0011,0.238770727461262,0.238770727461262,3336,3336,20,20,0,0,0,166.8,197,455.5,248.75
66DOPC33DOPG_mRNA,118,12,0118_R0012,0.035815609119189296,0.035815609119189296,451,451,3,3,0,0,0,150.33333333333334,152,476.3333333333333,265.6666666666667
66DOPC33DOPG_mRNA,118,13,0118_R0013,0.9431443734719849,0.9431443734719849,13058,13058,79,79,0,0,0,165.29113924050634,208,215.73417721518987,275.9620253164557
66DOPC33DOPG_mRNA,118,14,0118_R0014,0.1552009728498203,0.1552009728498203,2082,2082,13,13,0,0,0,160.15384615384616,180,228.3846153846154,272.7692307692308
66DOPC33DOPG_mRNA,118,15,0118_R0015,0.28652487295351436,0.28652487295351436,4055,4055,24,24,0,0,0,168.95833333333334,208,330.875,285.6666666666667
66DOPC33DOPG_mRNA,118,16,0118_R0016,0.0835697546114417,0.0835697546114417,1080,1080,7,7,0,0,0,154.28571428571428,160,436,288.7142857142857
66DOPC33DOPG_mRNA,118,17,0118_R0017,0.047754145492252396,0.047754145492252396,610,610,4,4,0,0,0,152.5,155,459.5,299.5
66DOPC33DOPG_mRNA,118,18,0118_R0018,0.023877072746126198,0.023877072746126198,307,307,2,2,0,0,0,153.5,154,601,299.5
66DOPC33DOPG_mRNA,118,19,0118_R0019,0.10744682735756789,0.10744682735756789,1417,1417,9,9,0,0,0,157.44444444444446,169,558.7777777777778,311.3333333333333
66DOPC33DOPG_mRNA,118,20,0118_R0020,0.07163121823837859,0.07163121823837859,935,935,6,6,0,0,0,155.83333333333334,165,243.5,315
66DOPC33DOPG_mRNA,118,21,0118_R0021,0.0835697546114417,0.0835697546114417,1054,1054,7,7,0,0,0,150.57142857142858,154,45.285714285714285,324
66DOPC33DOPG_mRNA,118,22,0118_R0022,0.035815609119189296,0.035815609119189296,456,456,3,3,0,0,0,152,153,306.6666666666667,330.6666666666667
66DOPC33DOPG_mRNA,118,23,0118_R0023,0.0835697546114417,0.0835697546114417,1110,1110,7,7,0,0,0,158.57142857142858,167,604.7142857142857,331
66DOPC33DOPG_mRNA,118,24,0118_R0024,0.39397170031108225,0.39397170031108225,5211,5211,33,33,0,0,0,157.9090909090909,170,51.18181818181818,333.4848484848485
66DOPC33DOPG_mRNA,118,25,0118_R0025,0.3342790184457668,0.3342790184457668,4332,4332,28,28,0,0,0,154.71428571428572,165,260.2142857142857,341.4642857142857
66DOPC33DOPG_mRNA,118,26,0118_R0026,0.3462175548188299,0.3462175548188299,4944,4944,29,29,0,0,0,170.48275862068965,210,479.55172413793105,340.48275862068965
66DOPC33DOPG_mRNA,118,27,0118_R0027,0.023877072746126198,0.023877072746126198,312,312,2,2,0,0,0,156,156,20,350.5
66DOPC33DOPG_mRNA,118,28,0118_R0028,0.035815609119189296,0.035815609119189296,457,457,3,3,0,0,0,152.33333333333334,156,449,352
66DOPC33DOPG_mRNA,118,29,0118_R0029,0.3462175548188299,0.3462175548188299,4977,4977,29,29,0,0,0,171.6206896551724,223,483.48275862068965,361.8965517241379
66DOPC33DOPG_mRNA,118,30,0118_R0030,0.1671395092228834,0.1671395092228834,2194,2194,14,14,0,0,0,156.71428571428572,173,697.5,368.5
66DOPC33DOPG_mRNA,118,31,0118_R0031,0.035815609119189296,0.035815609119189296,456,456,3,3,0,0,0,152,153,259.3333333333333,372.3333333333333
66DOPC33DOPG_mRNA,118,32,0118_R0032,0.2745863365804513,0.2745863365804513,3916.0000000000005,3916,23,23,0,0,0,170.2608695652174,211,594,377
66DOPC33DOPG_mRNA,118,33,0118_R0033,0.45366438217639776,0.45366438217639776,6482,6482,38,38,0,0,0,170.57894736842104,204,471.39473684210526,381.9736842105263
66DOPC33DOPG_mRNA,118,34,0118_R0034,0.0596926818653155,0.0596926818653155,760,760,5,5,0,0,0,152,157,555.6,397.2
66DOPC33DOPG_mRNA,118,35,0118_R0035,0.2029551183420727,0.2029551183420727,2656,2656,17,17,0,0,0,156.23529411764707,169,305.3529411764706,399.47058823529414
66DOPC33DOPG_mRNA,118,36,0118_R0036,0.19101658196900959,0.19101658196900959,2603,2603,16,16,0,0,0,162.6875,181,391.25,405.625
66DOPC33DOPG_mRNA,118,37,0118_R0037,0.023877072746126198,0.023877072746126198,304,304,2,2,0,0,0,152,154,505,438.5
66DOPC33DOPG_mRNA,118,38,0118_R0038,0.09550829098450479,0.09550829098450479,1213,1213,8,8,0,0,0,151.625,156,353.875,462.125
66DOPC33DOPG_mRNA,118,39,0118_R0039,0.09550829098450479,0.09550829098450479,1266,1266,8,8,0,0,0,158.25,170,423.5,469
66DOPC33DOPG_mRNA,118,40,0118_R0040,0.07163121823837859,0.07163121823837859,929,929,6,6,0,0,0,154.83333333333334,162,475,481.5
66DOPC33DOPG_mRNA,118,41,0118_R0041,0.32234048207270366,0.32234048207270366,4511,4511,27,27,0,0,0,167.07407407407408,198,576.0370370370371,483.4074074074074
66DOPC33DOPG_mRNA,118,42,0118_R0042,0.3342790184457668,0.3342790184457668,4236,4236,28,28,0,0,0,151.28571428571428,157,10.428571428571429,491.4642857142857
66DOPC33DOPG_mRNA,118,43,0118_R0043,0.0596926818653155,0.0596926818653155,760,760,5,5,0,0,0,152,153,311.8,496.6
66DOPC33DOPG_mRNA,118,44,0118_R0044,0.238770727461262,0.238770727461262,3096,3096,20,20,0,0,0,154.8,166,680.45,536.9
66DOPC33DOPG_mRNA,118,45,0118_R0045,0.2029551183420727,0.2029551183420727,2751,2751,17,17,0,0,0,161.8235294117647,191,647.4117647058823,542.8823529411765
66DOPC33DOPG_mRNA,118,46,0118_R0046,0.035815609119189296,0.035815609119189296,450,450,3,3,0,0,0,150,152,687,544
66DOPC33DOPG_mRNA,118,47,0118_R0047,2.7339248294314498,2.7339248294314498,38949,38949,229,229,0,0,0,170.0829694323144,329,678.170305676856,561.0786026200873
66DOPC33DOPG_mRNA,118,48,0118_R0048,0.023877072746126198,0.023877072746126198,302,302,2,2,0,0,0,151,154,357.5,571
66DOPC33DOPG_mRNA,118,49,0118_R0049,0.238770727461262,0.238770727461262,3219,3219,20,20,0,0,0,160.95,187,425.7,587.1
66DOPC33DOPG_mRNA,118,50,0118_R0050,0.19101658196900959,0.19101658196900959,2580,2580,16,16,0,0,0,161.25,186,548.875,596.6875
66DOPC33DOPG_mRNA,118,51,0118_R0051,0.45366438217639776,0.45366438217639776,5886,5886,38,38,0,0,0,154.89473684210526,168,215.97368421052633,613.2631578947369
66DOPC33DOPG_mRNA,118,52,0118_R0052,0.1313239001036941,0.1313239001036941,1703,1703,11,11,0,0,0,154.8181818181818,166,328.09090909090907,639.3636363636364
66DOPC33DOPG_mRNA,118,53,0118_R0053,0.17907804559594648,0.17907804559594648,2466,2466,15,15,0,0,0,164.4,182,650.5333333333333,653.1333333333333
66DOPC33DOPG_mRNA,118,54,0118_R0054,0.0596926818653155,0.0596926818653155,770,770,5,5,0,0,0,154,162,225.6,659.2
66DOPC33DOPG_mRNA,119,1,0119_R0001,0.07163121823837859,0.07163121823837859,910,910,6,6,0,0,0,151.66666666666666,153,0.8333333333333334,134.83333333333334
66DOPC33DOPG_mRNA,119,2,0119_R0002,0.07163121823837859,0.07163121823837859,911,911,6,6,0,0,0,151.83333333333334,156,14.333333333333334,172.83333333333334
66DOPC33DOPG_mRNA,119,3,0119_R0003,1.4803785102598244,1.4803785102598244,21773,21773,124,124,0,0,0,175.58870967741936,266,34.596774193548384,183.3548387096774
66DOPC33DOPG_mRNA,119,4,0119_R0004,0.07163121823837859,0.07163121823837859,904,904,6,6,0,0,0,150.66666666666666,156,40.666666666666664,196.33333333333334
66DOPC33DOPG_mRNA,119,5,0119_R0005,2.2325063017627995,2.2325063017627995,34119,34119,187,187,0,0,0,182.45454545454547,307,26.144385026737968,207.75401069518716
66DOPC33DOPG_mRNA,119,6,0119_R0006,0.023877072746126198,0.023877072746126198,317,317,2,2,0,0,0,158.5,161,281.5,203
66DOPC33DOPG_mRNA,119,7,0119_R0007,0.07163121823837859,0.07163121823837859,935,935,6,6,0,0,0,155.83333333333334,162,327.1666666666667,214.83333333333334
66DOPC33DOPG_mRNA,119,8,0119_R0008,0.32234048207270366,0.32234048207270366,4654,4654,27,27,0,0,0,172.37037037037038,217,0.9629629629629629,222.1851851851852
66DOPC33DOPG_mRNA,119,9,0119_R0009,0.0596926818653155,0.0596926818653155,769,769,5,5,0,0,0,153.8,158,262.6,226.2
66DOPC33DOPG_mRNA,119,10,0119_R0010,0.07163121823837859,0.07163121823837859,926,926,6,6,0,0,0,154.33333333333334,161,664.5,229
66DOPC33DOPG_mRNA,119,11,0119_R0011,0.19101658196900959,0.19101658196900959,2489,2489,16,16,0,0,0,155.5625,167,439.125,243.0625
66DOPC33DOPG_mRNA,119,12,0119_R0012,0.967021446218111,0.967021446218111,12570.999999999998,12571,81,81,0,0,0,155.19753086419752,169,59.876543209876544,249.40740740740742
66DOPC33DOPG_mRNA,119,13,0119_R0013,1.0983453463218051,1.0983453463218051,14200,14200,92,92,0,0,0,154.34782608695653,165,54.119565217391305,260.05434782608694
66DOPC33DOPG_mRNA,119,14,0119_R0014,0.1671395092228834,0.1671395092228834,2155,2155,14,14,0,0,0,153.92857142857142,160,17.285714285714285,259.42857142857144
66DOPC33DOPG_mRNA,119,15,0119_R0015,1.0386526644564895,1.0386526644564895,13718,13718,87,87,0,0,0,157.67816091954023,174,72.28735632183908,267.2183908045977
66DOPC33DOPG_mRNA,119,16,0119_R0016,0.28652487295351436,0.28652487295351436,3876,3876,24,24,0,0,0,161.5,180,369.5416666666667,266.0416666666667
66DOPC33DOPG_mRNA,119,17,0119_R0017,0.28652487295351436,0.28652487295351436,3606,3606,24,24,0,0,0,150.25,155,47.375,278.7083333333333
66DOPC33DOPG_mRNA,119,18,0119_R0018,0.2029551183420727,0.2029551183420727,2744,2744,17,17,0,0,0,161.41176470588235,177,393.11764705882354,278.4117647058824
66DOPC33DOPG_mRNA,119,19,0119_R0019,0.3104019456996406,0.3104019456996406,4121,4121,26,26,0,0,0,158.5,177,441.2307692307692,282.5
66DOPC33DOPG_mRNA,119,20,0119_R0020,0.035815609119189296,0.035815609119189296,452,452,3,3,0,0,0,150.66666666666666,153,56,284
66DOPC33DOPG_mRNA,119,21,0119_R0021,0.035815609119189296,0.035815609119189296,466,466,3,3,0,0,0,155.33333333333334,157,460.3333333333333,283.3333333333333
66DOPC33DOPG_mRNA,119,22,0119_R0022,0.1671395092228834,0.1671395092228834,2289,2289,14,14,0,0,0,163.5,180,178,294.42857142857144
66DOPC33DOPG_mRNA,119,23,0119_R0023,0.0835697546114417,0.0835697546114417,1062,1062,7,7,0,0,0,151.71428571428572,153,514.4285714285714,294.7142857142857
66DOPC33DOPG_mRNA,119,24,0119_R0024,0.19101658196900959,0.19101658196900959,2553,2553,16,16,0,0,0,159.5625,174,447,299.0625
66DOPC33DOPG_mRNA,119,25,0119_R0025,0.09550829098450479,0.09550829098450479,1232,1232,8,8,0,0,0,154,162,1.125,303.5
66DOPC33DOPG_mRNA,119,26,0119_R0026,0.119385363730631,0.119385363730631,1528,1528,10,10,0,0,0,152.8,164,282,303.2
66DOPC33DOPG_mRNA,119,27,0119_R0027,0.035815609119189296,0.035815609119189296,465,465,3,3,0,0,0,155,160,0,308
66DOPC33DOPG_mRNA,119,28,0119_R0028,0.047754145492252396,0.047754145492252396,622,622,4,4,0,0,0,155.5,159,429.5,310.5
66DOPC33DOPG_mRNA,119,29,0119_R0029,0.119385363730631,0.119385363730631,1498,1498,10,10,0,0,0,149.8,152,403.9,312.3
66DOPC33DOPG_mRNA,119,30,0119_R0030,0.0596926818653155,0.0596926818653155,777,777,5,5,0,0,0,155.4,163,338.8,312.4
66DOPC33DOPG_mRNA,119,31,0119_R0031,0.07163121823837859,0.07163121823837859,916,916,6,6,0,0,0,152.66666666666666,159,168.5,316
66DOPC33DOPG_mRNA,119,32,0119_R0032,0.4417258458033347,0.4417258458033347,5686,5686,37,37,0,0,0,153.67567567567568,163,534.4324324324324,327.05405405405406
66DOPC33DOPG_mRNA,119,33,0119_R0033,0.9312058370989217,0.9312058370989217,14522.999999999998,14523,78,78,0,0,0,186.19230769230768,316,635.1923076923077,330.43589743589746
66DOPC33DOPG_mRNA,119,34,0119_R0034,0.023877072746126198,0.023877072746126198,313,313,2,2,0,0,0,156.5,159,396,327.5
66DOPC33DOPG_mRNA,119,35,0119_R0035,0.2745863365804513,0.2745863365804513,3811.9999999999995,3812,23,23,0,0,0,165.7391304347826,202,386.0869565217391,336.6521739130435
66DOPC33DOPG_mRNA,119,36,0119_R0036,0.1671395092228834,0.1671395092228834,2210,2210,14,14,0,0,0,157.85714285714286,164,7.714285714285714,337.5
66DOPC33DOPG_mRNA,119,37,0119_R0037,0.0596926818653155,0.0596926818653155,759,759,5,5,0,0,0,151.8,155,399.8,340.2
66DOPC33DOPG_mRNA,119,38,0119_R0038,0.0835697546114417,0.0835697546114417,1087,1087,7,7,0,0,0,155.28571428571428,161,430,343.7142857142857
66DOPC33DOPG_mRNA,119,39,0119_R0039,0.38203316393801917,0.38203316393801917,5546,5546,32,32,0,0,0,173.3125,226,314.90625,357.21875
66DOPC33DOPG_mRNA,119,40,0119_R0040,0.1671395092228834,0.1671395092228834,2119,2119,14,14,0,0,0,151.35714285714286,156,541.7142857142857,371.14285714285717
66DOPC33DOPG_mRNA,119,41,0119_R0041,4.811230158344429,4.811230158344429,71284,71284,403,403,0,0,0,176.8833746898263,417,209.78411910669976,389.2332506203474
66DOPC33DOPG_mRNA,119,42,0119_R0042,0.17907804559594648,0.17907804559594648,2301,2301,15,15,0,0,0,153.4,166,209.73333333333332,373.4
66DOPC33DOPG_mRNA,119,43,0119_R0043,0.1313239001036941,0.1313239001036941,1753,1753,11,11,0,0,0,159.36363636363637,176,296.1818181818182,377.1818181818182
66DOPC33DOPG_mRNA,119,44,0119_R0044,0.035815609119189296,0.035815609119189296,458,458,3,3,0,0,0,152.66666666666666,156,215,387
66DOPC33DOPG_mRNA,119,45,0119_R0045,0.46560291854946084,0.46560291854946084,6617.999999999999,6618,39,39,0,0,0,169.69230769230768,228,310.38461538461536,391.4102564102564
66DOPC33DOPG_mRNA,119,46,0119_R0046,0.41784877305720847,0.41784877305720847,6410,6410,35,35,0,0,0,183.14285714285714,260,385.65714285714284,401.9428571428571
66DOPC33DOPG_mRNA,119,47,0119_R0047,0.2745863365804513,0.2745863365804513,3657,3657,23,23,0,0,0,159,176,25.130434782608695,421.17391304347825
66DOPC33DOPG_mRNA,119,48,0119_R0048,0.728250718756849,0.728250718756849,10464,10464,61,61,0,0,0,171.54098360655738,211,28.950819672131146,430.44262295081967
66DOPC33DOPG_mRNA,119,49,0119_R0049,0.1671395092228834,0.1671395092228834,2196,2196,14,14,0,0,0,156.85714285714286,170,386.5,440.5
66DOPC33DOPG_mRNA,119,50,0119_R0050,0.2029551183420727,0.2029551183420727,2592,2592,17,17,0,0,0,152.47058823529412,160,392.47058823529414,447.47058823529414
66DOPC33DOPG_mRNA,119,51,0119_R0051,1.6117024103635185,1.6117024103635185,21589,21589,135,135,0,0,0,159.9185185185185,184,481.1777777777778,456.24444444444447
66DOPC33DOPG_mRNA,119,52,0119_R0052,0.32234048207270366,0.32234048207270366,4255,4255,27,27,0,0,0,157.59259259259258,173,406.962962962963,454.3333333333333
66DOPC33DOPG_mRNA,119,53,0119_R0053,0.09550829098450479,0.09550829098450479,1228,1228,8,8,0,0,0,153.5,158,227.25,476.75
66DOPC33DOPG_mRNA,119,54,0119_R0054,0.0596926818653155,0.0596926818653155,762,762,5,5,0,0,0,152.4,159,210.4,514.2
66DOPC33DOPG_mRNA,119,55,0119_R0055,0.035815609119189296,0.035815609119189296,460,460,3,3,0,0,0,153.33333333333334,155,199.33333333333334,515.3333333333334
66DOPC33DOPG_mRNA,119,56,0119_R0056,0.38203316393801917,0.38203316393801917,5316,5316,32,32,0,0,0,166.125,206,246.5,519.375
66DOPC33DOPG_mRNA,119,57,0119_R0057,0.8118204733682908,0.8118204733682908,10671,10671,68,68,0,0,0,156.9264705882353,194,218.66176470588235,527.2205882352941
66DOPC33DOPG_mRNA,119,58,0119_R0058,0.047754145492252396,0.047754145492252396,603,603,4,4,0,0,0,150.75,154,296.5,527.5
66DOPC33DOPG_mRNA,119,59,0119_R0059,0.047754145492252396,0.047754145492252396,603,603,4,4,0,0,0,150.75,152,228,533.75
66DOPC33DOPG_mRNA,119,60,0119_R0060,0.22683219108819888,0.22683219108819888,2935.0000000000005,2935,19,19,0,0,0,154.47368421052633,163,238.3684210526316,540.7894736842105
66DOPC33DOPG_mRNA,119,61,0119_R0061,0.023877072746126198,0.023877072746126198,303,303,2,2,0,0,0,151.5,152,341,539.5
66DOPC33DOPG_mRNA,119,62,0119_R0062,0.7043736460107228,0.7043736460107228,9257,9257,59,59,0,0,0,156.89830508474577,177,219.5593220338983,551.6440677966102
66DOPC33DOPG_mRNA,119,63,0119_R0063,0.07163121823837859,0.07163121823837859,931,931,6,6,0,0,0,155.16666666666666,161,202.83333333333334,551.1666666666666
66DOPC33DOPG_mRNA,119,64,0119_R0064,0.1313239001036941,0.1313239001036941,1686,1686,11,11,0,0,0,153.27272727272728,164,209.1818181818182,557.1818181818181
66DOPC33DOPG_mRNA,119,65,0119_R0065,0.1671395092228834,0.1671395092228834,2143,2143,14,14,0,0,0,153.07142857142858,164,237.28571428571428,560.6428571428571
66DOPC33DOPG_mRNA,119,66,0119_R0066,0.2029551183420727,0.2029551183420727,2658,2658,17,17,0,0,0,156.35294117647058,171,235.41176470588235,566.1176470588235
66DOPC33DOPG_mRNA,119,67,0119_R0067,0.119385363730631,0.119385363730631,1524,1524,10,10,0,0,0,152.4,157,401.5,571
66DOPC33DOPG_mRNA,119,68,0119_R0068,0.023877072746126198,0.023877072746126198,312,312,2,2,0,0,0,156,161,185.5,571
66DOPC33DOPG_mRNA,119,69,0119_R0069,0.21489365471513577,0.21489365471513577,2760,2760,18,18,0,0,0,153.33333333333334,162,424.8888888888889,586.1111111111111
66DOPC33DOPG_mRNA,119,70,0119_R0070,0.0596926818653155,0.0596926818653155,755,755,5,5,0,0,0,151,157,219,612
66DOPC33DOPG_mRNA,119,71,0119_R0071,0.596926818653155,0.596926818653155,7581.999999999999,7582,50,50,0,0,0,151.64,161,179.5,642.4
66DOPC33DOPG_mRNA,119,72,0119_R0072,0.38203316393801917,0.38203316393801917,5120,5120,32,32,0,0,0,160,180,157.625,649.71875
66DOPC33DOPG_mRNA,119,73,0119_R0073,0.21489365471513577,0.21489365471513577,2756,2756,18,18,0,0,0,153.11111111111111,163,165.11111111111111,654.9444444444445
66DOPC33DOPG_mRNA,120,1,0120_R0001,0.1313239001036941,0.1313239001036941,1699.0000000000002,1699,11,11,0,0,0,154.45454545454547,168,72.27272727272727,0.7272727272727273
66DOPC33DOPG_mRNA,120,2,0120_R0002,0.023877072746126198,0.023877072746126198,301,301,2,2,0,0,0,150.5,152,86.5,0
66DOPC33DOPG_mRNA,120,3,0120_R0003,0.10744682735756789,0.10744682735756789,1418,1418,9,9,0,0,0,157.55555555555554,164,38,42.333333333333336
66DOPC33DOPG_mRNA,120,4,0120_R0004,0.1313239001036941,0.1313239001036941,1731,1731,11,11,0,0,0,157.36363636363637,171,51.09090909090909,50.36363636363637
66DOPC33DOPG_mRNA,120,5,0120_R0005,0.21489365471513577,0.21489365471513577,3022,3022,18,18,0,0,0,167.88888888888889,200,362.6666666666667,63
66DOPC33DOPG_mRNA,120,6,0120_R0006,0.047754145492252396,0.047754145492252396,643,643,4,4,0,0,0,160.75,165,81.5,63.5
66DOPC33DOPG_mRNA,120,7,0120_R0007,0.3104019456996406,0.3104019456996406,4193,4193,26,26,0,0,0,161.26923076923077,179,145.15384615384616,269.53846153846155
66DOPC33DOPG_mRNA,120,8,0120_R0008,0.2626478002073882,0.2626478002073882,3813,3813,22,22,0,0,0,173.3181818181818,214,395.72727272727275,283.95454545454544
66DOPC33DOPG_mRNA,120,9,0120_R0009,0.5611112095339656,0.5611112095339656,7062,7062,47,47,0,0,0,150.25531914893617,159,409.36170212765956,329.6170212765957
66DOPC33DOPG_mRNA,120,10,0120_R0010,0.9789599825911741,0.9789599825911741,12794,12794,82,82,0,0,0,156.02439024390245,168,430.7926829268293,354.4268292682927
66DOPC33DOPG_mRNA,120,11,0120_R0011,1.6117024103635185,1.6117024103635185,21233,21233,135,135,0,0,0,157.28148148148148,183,448.5111111111111,366.1925925925926
66DOPC33DOPG_mRNA,120,12,0120_R0012,0.023877072746126198,0.023877072746126198,299,299,2,2,0,0,0,149.5,151,436,364.5
66DOPC33DOPG_mRNA,120,13,0120_R0013,0.1313239001036941,0.1313239001036941,1654,1654,11,11,0,0,0,150.36363636363637,160,468.90909090909093,367.72727272727275
66DOPC33DOPG_mRNA,120,14,0120_R0014,0.46560291854946084,0.46560291854946084,6274,6274,39,39,0,0,0,160.87179487179486,189,306.61538461538464,394.84615384615387
66DOPC33DOPG_mRNA,120,15,0120_R0015,0.0596926818653155,0.0596926818653155,755,755,5,5,0,0,0,151,154,663.2,393.4
66DOPC33DOPG_mRNA,120,16,0120_R0016,0.035815609119189296,0.035815609119189296,457,457,3,3,0,0,0,152.33333333333334,154,470,397
66DOPC33DOPG_mRNA,120,17,0120_R0017,0.07163121823837859,0.07163121823837859,899,899,6,6,0,0,0,149.83333333333334,154,439.5,421.3333333333333
66DOPC33DOPG_mRNA,120,18,0120_R0018,1.0505912008295528,1.0505912008295528,13803,13803,88,88,0,0,0,156.85227272727272,176,437.9886363636364,429.8068181818182
66DOPC33DOPG_mRNA,120,19,0120_R0019,0.22683219108819888,0.22683219108819888,2866,2866,19,19,0,0,0,150.8421052631579,161,422.1578947368421,434.1578947368421
66DOPC33DOPG_mRNA,120,20,0120_R0020,3.0682038478772165,3.0682038478772165,44238,44238,257,257,0,0,0,172.13229571984436,224,262.9571984435798,444.0972762645914
66DOPC33DOPG_mRNA,120,21,0120_R0021,0.35815609119189296,0.35815609119189296,4532,4532,30,30,0,0,0,151.06666666666666,166,397.43333333333334,443.53333333333336
66DOPC33DOPG_mRNA,120,22,0120_R0022,0.0835697546114417,0.0835697546114417,1053,1053,7,7,0,0,0,150.42857142857142,157,425.57142857142856,443.14285714285717
66DOPC33DOPG_mRNA,120,23,0120_R0023,0.21489365471513577,0.21489365471513577,2859,2859,18,18,0,0,0,158.83333333333334,172,236,446.5
66DOPC33DOPG_mRNA,120,24,0120_R0024,0.023877072746126198,0.023877072746126198,299,299,2,2,0,0,0,149.5,150,425.5,447
66DOPC33DOPG_mRNA,120,25,0120_R0025,0.09550829098450479,0.09550829098450479,1220,1220,8,8,0,0,0,152.5,161,421.125,452.875
66DOPC33DOPG_mRNA,120,26,0120_R0026,0.07163121823837859,0.07163121823837859,908,908,6,6,0,0,0,151.33333333333334,157,382,463.5
66DOPC33DOPG_mRNA,120,27,0120_R0027,0.477541454922524,0.477541454922524,6163,6163,40,40,0,0,0,154.075,167,300.125,470.625
66DOPC33DOPG_mRNA,120,28,0120_R0028,0.2626478002073882,0.2626478002073882,3504,3504,22,22,0,0,0,159.27272727272728,178,398.09090909090907,476.90909090909093
66DOPC33DOPG_mRNA,120,29,0120_R0029,0.8834516916066694,0.8834516916066694,11393,11393,74,74,0,0,0,153.95945945945945,165,308.3243243243243,483.3918918918919
66DOPC33DOPG_mRNA,120,30,0120_R0030,0.238770727461262,0.238770727461262,2986,2986,20,20,0,0,0,149.3,154,319,483
66DOPC33DOPG_mRNA,120,31,0120_R0031,0.023877072746126198,0.023877072746126198,309,309,2,2,0,0,0,154.5,156,376,482.5
66DOPC33DOPG_mRNA,120,32,0120_R0032,0.6446809641454073,0.6446809641454073,8240,8240,54,54,0,0,0,152.59259259259258,173,62.851851851851855,562.5
66DOPC33DOPG_mRNA,120,33,0120_R0033,0.5133570640417132,0.5133570640417132,7566,7566,43,43,0,0,0,175.95348837209303,231,131.58139534883722,560.9767441860465
66DOPC33DOPG_mRNA,120,34,0120_R0034,0.3462175548188299,0.3462175548188299,4331,4331,29,29,0,0,0,149.3448275862069,154,159.31034482758622,570.8275862068965
66DOPC33DOPG_mRNA,120,35,0120_R0035,0.1313239001036941,0.1313239001036941,1668,1668,11,11,0,0,0,151.63636363636363,158,143.63636363636363,569.4545454545455
66DOPC33DOPG_mRNA,120,36,0120_R0036,0.047754145492252396,0.047754145492252396,608,608,4,4,0,0,0,152,158,256.25,635
66DOPC33DOPG_mRNA,120,37,0120_R0037,0.07163121823837859,0.07163121823837859,899,899,6,6,0,0,0,149.83333333333334,152,269,643.1666666666666
66DOPC33DOPG_mRNA,121,1,0121_R0001,0.2745863365804513,0.2745863365804513,3581.9999999999995,3582,23,23,0,0,0,155.7391304347826,165,330.7826086956522,33.608695652173914
66DOPC33DOPG_mRNA,121,2,0121_R0002,0.3104019456996406,0.3104019456996406,4557,4557,26,26,0,0,0,175.26923076923077,231,251,64.5
66DOPC33DOPG_mRNA,121,3,0121_R0003,0.238770727461262,0.238770727461262,3368,3368,20,20,0,0,0,168.4,200,101.25,72.25
66DOPC33DOPG_mRNA,121,4,0121_R0004,0.39397170031108225,0.39397170031108225,6306,6306,33,33,0,0,0,191.0909090909091,276,269.57575757575756,87.42424242424242
66DOPC33DOPG_mRNA,121,5,0121_R0005,0.047754145492252396,0.047754145492252396,617,617,4,4,0,0,0,154.25,155,48,91.75
66DOPC33DOPG_mRNA,121,6,0121_R0006,1.074468273575679,1.074468273575679,15610.000000000002,15610,90,90,0,0,0,173.44444444444446,214,337,102.03333333333333
66DOPC33DOPG_mRNA,121,7,0121_R0007,0.32234048207270366,0.32234048207270366,4757,4757,27,27,0,0,0,176.1851851851852,225,269.51851851851853,115.11111111111111
66DOPC33DOPG_mRNA,121,8,0121_R0008,0.09550829098450479,0.09550829098450479,1282,1282,8,8,0,0,0,160.25,172,363.875,125.125
66DOPC33DOPG_mRNA,121,9,0121_R0009,0.035815609119189296,0.035815609119189296,457,457,3,3,0,0,0,152.33333333333334,154,307.6666666666667,161.66666666666666
66DOPC33DOPG_mRNA,121,10,0121_R0010,0.4059102366841454,0.4059102366841454,6292,6292,34,34,0,0,0,185.05882352941177,258,299.70588235294116,166.5
66DOPC33DOPG_mRNA,121,11,0121_R0011,0.19101658196900959,0.19101658196900959,2601,2601,16,16,0,0,0,162.5625,185,264.625,170.4375
66DOPC33DOPG_mRNA,121,12,0121_R0012,0.09550829098450479,0.09550829098450479,1260,1260,8,8,0,0,0,157.5,164,305.125,187.875
66DOPC33DOPG_mRNA,121,13,0121_R0013,0.19101658196900959,0.19101658196900959,2659,2659,16,16,0,0,0,166.1875,188,255.125,213.6875
66DOPC33DOPG_mRNA,121,14,0121_R0014,0.238770727461262,0.238770727461262,3466,3466,20,20,0,0,0,173.3,214,313.75,222.25
66DOPC33DOPG_mRNA,121,15,0121_R0015,0.21489365471513577,0.21489365471513577,3063,3063,18,18,0,0,0,170.16666666666666,207,247.5,224.22222222222223
66DOPC33DOPG_mRNA,121,16,0121_R0016,0.2029551183420727,0.2029551183420727,2784,2784,17,17,0,0,0,163.76470588235293,186,476.2352941176471,243.2941176470588
66DOPC33DOPG_mRNA,121,17,0121_R0017,0.21489365471513577,0.21489365471513577,2869,2869,18,18,0,0,0,159.38888888888889,175,457.1111111111111,249.72222222222223
66DOPC33DOPG_mRNA,121,18,0121_R0018,0.1313239001036941,0.1313239001036941,1699.9999999999998,1700,11,11,0,0,0,154.54545454545453,163,468,253.27272727272728
66DOPC33DOPG_mRNA,121,19,0121_R0019,0.047754145492252396,0.047754145492252396,608,608,4,4,0,0,0,152,156,268.5,266.5
66DOPC33DOPG_mRNA,121,20,0121_R0020,0.047754145492252396,0.047754145492252396,621,621,4,4,0,0,0,155.25,158,107,287.25
66DOPC33DOPG_mRNA,121,21,0121_R0021,0.035815609119189296,0.035815609119189296,453,453,3,3,0,0,0,151,155,359.3333333333333,374.6666666666667
66DOPC33DOPG_mRNA,121,22,0121_R0022,0.10744682735756789,0.10744682735756789,1345,1345,9,9,0,0,0,149.44444444444446,159,496.8888888888889,399.3333333333333
66DOPC33DOPG_mRNA,121,23,0121_R0023,0.023877072746126198,0.023877072746126198,300,300,2,2,0,0,0,150,151,483,406.5
66DOPC33DOPG_mRNA,121,24,0121_R0024,0.035815609119189296,0.035815609119189296,466,466,3,3,0,0,0,155.33333333333334,159,160.66666666666666,424.6666666666667
66DOPC33DOPG_mRNA,121,25,0121_R0025,0.0835697546114417,0.0835697546114417,1078,1078,7,7,0,0,0,154,156,234.71428571428572,429
66DOPC33DOPG_mRNA,121,26,0121_R0026,0.1552009728498203,0.1552009728498203,2071,2071,13,13,0,0,0,159.30769230769232,170,187.15384615384616,431.46153846153845
66DOPC33DOPG_mRNA,121,27,0121_R0027,0.023877072746126198,0.023877072746126198,304,304,2,2,0,0,0,152,153,267.5,460
66DOPC33DOPG_mRNA,121,28,0121_R0028,0.955082909845048,0.955082909845048,14786,14786,80,80,0,0,0,184.825,334,233.275,469.4625
66DOPC33DOPG_mRNA,121,29,0121_R0029,0.0596926818653155,0.0596926818653155,762,762,5,5,0,0,0,152.4,160,384.6,495.8
66DOPC33DOPG_mRNA,121,30,0121_R0030,0.238770727461262,0.238770727461262,3348,3348,20,20,0,0,0,167.4,193,615.5,547
66DOPC33DOPG_mRNA,121,31,0121_R0031,0.119385363730631,0.119385363730631,1560,1560,10,10,0,0,0,156,166,200.9,605.2
66DOPC33DOPG_mRNA,121,32,0121_R0032,0.047754145492252396,0.047754145492252396,615,615,4,4,0,0,0,153.75,155,11.5,636.5
66DOPC33DOPG_mRNA,121,33,0121_R0033,0.2626478002073882,0.2626478002073882,3513,3513,22,22,0,0,0,159.6818181818182,182,438.09090909090907,657.9090909090909
66DOPC33DOPG_mRNA,121,34,0121_R0034,1.0147755917103634,1.0147755917103634,13106,13106,85,85,0,0,0,154.18823529411765,171,466.4470588235294,682.2
